ma_sv,nganh,gioi_tinh,nhom_tuoi,vua_lam_vua_hoc,hinh_thuc_hoc,tinh_thanh,thiet_bi_chinh,ngay_dang_ky,so_lan_dang_nhap,tong_thoi_luong_phut,ty_le_hoan_thanh_video,so_bai_tap_nop,diem_tb_bai_tap,so_lan_dien_dan,nop_tre_tb_gio,diem_giua_ky,diem_cuoi_ky,ket_qua
SV2602748,Luật,Nam,18-22,Có,Trực tuyến,Nghệ An,Máy tính,11/02/2026,41,723,,10,5.9,0,24.2,6.9,6.5,Đạt
SV2602010,Ngôn ngữ Anh,Nữ,23-30,Có,Trực tuyến,Đà Nẵng,Điện thoại,15/02/2026,44,1018,0.445,7,7.3,4,3.6,8.1,8.1,Đạt
SV2602517,Ngôn ngữ Anh,Nam,23-30,Có,Trực tuyến,Hà Nội,Máy tính,2026-02-08,21,856,0.433,2,6.3,0,22.1,4.8,4.1,Đạt
SV2601044,Công nghệ thông tin,Nữ,23-30,Không,Kết hợp,Đà Nẵng,Điện thoại,23/01/2026,56,1014,1.0,10,9.0,8,4.9,7.9,8.5,Đạt
SV2600364,Kinh tế,Nữ,23-30,Có,Trực tuyến,Hưng Yên,Điện thoại,2026-02-10,22,285,0.449,6,4.5,1,4.9,4.1,3.9,Không đạt
SV2601756,Công nghệ thông tin,Nam,23-30,Có,Trực tuyến,Hưng Yên,Máy tính,2026-01-24,38,1355,0.783,10,9.3,3,4.4,8.5,8.6,Đạt
SV2602567,Công nghệ thông tin,Nữ,18-22,Không,Trực tuyến,Hà Nội,Máy tính,2026-01-28,39,1040,0.497,9,6.5,5,4.3,5.2,6.1,Đạt
SV2602947,Quản trị kinh doanh,Nam,18-22,Có,Trực tuyến,Hà Nội,Điện thoại,2026-02-07,41,618,0.534,5,"5,2",1,7.5,4.7,6.7,Đạt
SV2600969,Ngôn ngữ Anh,Nữ,23-30,Không,Trực tuyến,Cần Thơ,Điện thoại,28/01/2026,58,988,0.967,7,9.1,8,4.2,7.5,8.5,Đạt
SV2602124,Luật,Nam,18-22,Không,Trực tuyến,Thanh Hóa,Máy tính,2026-02-07,41,811,0.578,7,8.0,1,20.4,6.7,6.7,Đạt
SV2602691,Công nghệ thông tin,Nữ,18-22,KHONG,Trực tuyến,Hà Nội,Điện thoại,2026-02-08,39,731,0.613,5,6.0,1,20.4,5.8,5.6,Đạt
SV2600538,Ngôn ngữ Anh,Nam,23-30,Không,Trực tuyến,Hà Nội,Điện thoại,12/02/2026,38,1045,0.952,8,4.9,4,7.6,7.6,9.5,Đạt
SV2602491,Luật,Nữ,23-30,Có,Trực tuyến,Hà Nội,Máy tính,2026-01-31,47,1380,0.619,6,7.6,4,18.3,5.5,9.4,Đạt
SV2600818,Công nghệ thông tin,Nữ,31-40,Có,Kết hợp,TP Hồ Chí Minh,Điện thoại,07/02/2026,54,1128,0.935,10,10.0,6,7.7,9.0,7.3,Đạt
SV2601737,Luật,Nam,23-30,Không,Trực tuyến,Hà Nội,Máy tính,16/02/2026,43,311,0.52,9,4.2,2,56.2,4.2,0.9,Không đạt
SV2602746,Quản trị kinh doanh,Nữ,23-30,Có,Trực tuyến,Hà Nội,Điện thoại,2026-02-02,58,1132,0.744,6,7.2,1,4.4,4.3,7.5,Đạt
SV2601918,Kế toán,Nam,18-22,Có,Trực tuyến,Hà Nội,Máy tính,2026-02-11,24,891,,9,8.6,8,5.2,6.3,7.9,Đạt
SV2601204,Quản trị kinh doanh,Nam,18-22,Không,Kết hợp,Hà Nội,Máy tính,2026-01-24,12,442,0.9,8,5.9,3,2.6,6.8,6.1,Đạt
SV2601120,Quản trị kinh doanh,Nam,31-40,Có,Trực tuyến,Hà Nội,Máy tính,20/01/2026,19,199,0.436,2,8.0,0,3.6,4.3,4.6,Đạt
SV2600687,Kinh tế,Nam,Trên 40,Có,Trực tuyến,Thanh Hóa,Điện thoại,2026-02-02,69,1340,0.47,10,7.3,5,2.9,7.3,9.2,Đạt
SV2600184,Công nghệ thông tin,Nam,23-30,Có,Trực tuyến,Đà Nẵng,Máy tính,2026-02-05,34,417,0.504,7,7.5,1,10.3,8.9,7.9,Đạt
SV2600398,Kế toán,Nữ,18-22,Không,Trực tuyến,Hưng Yên,Máy tính,10-02-2026,30,571,0.679,5,7.7,0,10.8,4.5,6.0,Đạt
SV2600450,Ngôn ngữ Anh,Nữ,18-22,Có,Trực tuyến,TP Hồ Chí Minh,Máy tính,2026-01-29,28,742,0.641,7,9.1,1,3.1,5.4,8.5,Đạt
SV2600663,Công nghệ thông tin,Nam,31-40,Có,Trực tuyến,Hà Nội,Máy tính,13/02/2026,24,1156,0.662,8,7.4,5,18.4,5.8,7.4,Đạt
SV2600966,Kế toán,Nữ,18-22,Không,Trực tuyến,Hà Nội,Máy tính,2026-01-31,38,836,0.563,9,8.1,4,11.3,7.8,8.1,Đạt
SV2602279,Luật,Nữ,23-30,Có,Trực tuyến,Hà Nội,Điện thoại,2026-01-27,32,920,0.76,8,5.9,6,10.7,4.0,5.3,Đạt
SV2600613,Công nghệ thông tin,Nam,18-22,Không,Trực tuyến,,Điện thoại,11-02-2026,27,220,,6,4.4,1,20.1,3.5,4.7,Đạt
SV2601920,Kinh tế,Nữ,18-22,Có,Trực tuyến,Quảng Ninh,Máy tính,2026-02-08,49,1458,0.737,8,7.2,14,23.7,5.7,8.4,Đạt
SV2602215,Kế toán,Nữ,18-22,Có,Kết hợp,TP Hồ Chí Minh,Máy tính,21/01/2026,36,260,0.496,4,4.9,1,35.9,3.4,2.9,Không đạt
SV2602620,Quản trị kinh doanh,Nam,23-30,KHONG,Trực tuyến,Hà Nội,Máy tính,2026-01-24,35,810,0.657,7,5.1,5,11.4,5.5,7.4,Đạt
SV2600673,Kinh tế,Nam,23-30,Có,Trực tuyến,Khánh Hòa,Máy tính,2026-01-26,39,644,0.333,7,9.3,3,5.8,6.6,5.1,Đạt
SV2601135,Kinh tế,Nam,31-40,Có,Trực tuyến,Hà Nội,Máy tính,29/01/2026,21,409,0.742,5,"6,4",2,15.4,7.5,6.4,Đạt
SV2602643,Kinh tế,Nữ,Trên 40,Có,Trực tuyến,Thanh Hóa,Máy tính,2026-02-02,34,1150,0.804,10,5.8,5,3.1,5.8,6.3,Đạt
SV2601260,Quản trị kinh doanh,Nam,18-22,Không,Trực tuyến,Hà Nội,Máy tính,2026-01-28,25,950,0.581,3,8.6,4,11.6,7.0,7.2,Đạt
SV2601583,Công nghệ thông tin,Nữ,23-30,Có,Trực tuyến,Quảng Ninh,Máy tính,2026-02-02,41,420,0.526,6,8.1,2,12.3,3.8,5.4,Đạt
SV2601069,Kế toán,Nữ,18-22,Không,Kết hợp,Đồng Nai,Máy tính bảng,2026-02-12,50,1449,0.944,5,6.5,7,10.6,7.0,6.0,Đạt
SV2602146,Kinh tế,Nữ,18-22,Không,Kết hợp,Hà Nội,Máy tính,31-01-2026,54,983,0.676,9,6.4,2,8.1,7.4,7.8,Đạt
SV2601985,Công nghệ thông tin,Nữ,18-22,Không,Trực tuyến,Nghệ An,Máy tính,07/02/2026,29,1098,,5,4.5,3,15.9,2.8,4.2,Đạt
SV2602100,Kế toán,Nữ,18-22,Không,Trực tuyến,Hà Nội,Máy tính,22/01/2026,46,830,0.432,6,8.6,2,8.9,5.1,6.2,Đạt
SV2602405,Ngôn ngữ Anh,Nam,18-22,Không,Kết hợp,Bình Dương,Máy tính,2026-02-02,63,1191,1.0,8,"8,6",7,10.7,,7.3,Đạt
SV2601406,Luật,Nam,18-22,Không,Kết hợp,Nghệ An,Máy tính,2026-02-02,7,410,0.493,4,4.8,0,2.6,2.9,2.7,Không đạt
SV2602949,Ngôn ngữ Anh,Nam,23-30,Có,Trực tuyến,Bình Dương,Máy tính,2026-02-02,26,390,0.405,4,5.7,0,2.5,5.5,6.6,Đạt
SV2601775,Công nghệ thông tin,Nam,31-40,Có,Trực tuyến,Hà Nội,Máy tính bảng,2026-02-10,41,528,0.263,5,3.3,1,2.4,4.3,2.9,Không đạt
SV2600898,Công nghệ thông tin,Nam,18-22,Không,Trực tuyến,Đồng Nai,Máy tính,20/01/2026,54,320,0.479,7,4.8,3,9.8,,7.3,Đạt
SV2601065,Công nghệ thông tin,Nam,23-30,Không,Trực tuyến,Hải Phòng,Máy tính,2026-01-24,42,1141,0.933,8,9.7,8,10.0,5.2,8.7,Đạt
SV2602428,Luật,Nữ,23-30,Không,Trực tuyến,TP Hồ Chí Minh,Điện thoại,2026-02-15,43,1284,0.726,6,6.1,4,23.4,6.3,5.0,Đạt
SV2602749,Quản trị kinh doanh,Nam,18-22,Không,Kết hợp,Hà Nội,Máy tính,2026-02-14,68,1233,0.988,10,6.8,5,4.3,6.1,7.7,Đạt
SV2601874,Du lịch,Nữ,23-30,Không,Trực tuyến,TP Hồ Chí Minh,Máy tính,2026-02-03,22,737,0.5,4,3.9,1,31.8,5.7,3.7,Không đạt
SV2600944,Kế toán,Nam,31-40,Có,Trực tuyến,Hà Nội,Điện thoại,2026-02-02,32,555,0.557,8,9.0,7,13.6,6.5,7.8,Đạt
SV2601196,Luật,Nữ,18-22,Không,Trực tuyến,TP Hồ Chí Minh,Máy tính,2026-02-05,34,632,,6,6.9,3,16.2,7.0,5.9,Đạt
SV2600457,Du lịch,Nữ,31-40,Có,Trực tuyến,Quảng Ninh,Điện thoại,08/02/2026,36,1155,,8,7.9,1,11.5,8.4,8.0,Đạt
SV2600487,Luật,Nam,18-22,Không,Trực tuyến,Nghệ An,Điện thoại,2026-02-05,29,823,0.39,5,6.9,1,13.7,7.2,6.6,Đạt
SV2601283, Công nghệ thông tin ,Nam,18-22,Không,Trực tuyến,Hà Nội,Máy tính,03/02/2026,39,1526,0.765,8,9.1,1,13.2,8.6,7.7,Đạt
SV2601683,Luật,Nam,31-40,Có,Trực tuyến,Bắc Ninh,Máy tính,2026-02-15,18,663,0.109,6,6.5,0,24.1,3.1,1.6,Không đạt
SV2600075, Công nghệ thông tin ,Nữ,23-30,Có,Trực tuyến,Thanh Hóa,Điện thoại,07/02/2026,21,508,0.552,4,7.7,2,5.6,4.5,5.0,Đạt
SV2602798,Quản trị kinh doanh,Nữ,23-30,Có,Trực tuyến,Cần Thơ,Máy tính,2026-01-27,50,1066,1.0,8,8.6,6,1.8,10.0,9.8,Đạt
SV2600458,Kế toán,Nam,18-22,Không,Trực tuyến,Hưng Yên,Máy tính,05/02/2026,34,839,0.485,5,7.1,3,8.1,6.9,4.6,Đạt
SV2602151,Luật,Nữ,18-22,Không,Kết hợp,Hà Nội,Điện thoại,2026-01-25,54,1020,0.855,7,8.7,4,9.1,9.3,7.0,Đạt
SV2601753, Kế toán ,Nữ,18-22,Không,Kết hợp,Hưng Yên,Máy tính bảng,2026-02-11,25,687,0.124,2,4.3,2,19.6,2.8,1.1,Không đạt
SV2600976,Ngôn ngữ Anh,Nam,18-22,Không,Kết hợp,Quảng Ninh,Máy tính,10/02/2026,34,587,0.419,6,5.7,2,7.4,4.0,4.9,Đạt
SV2601092,Công nghệ thông tin,Nữ,31-40,Có,Trực tuyến,Hà Nội,Máy tính,04/02/2026,38,1328,0.702,8,7.5,1,6.2,7.8,9.6,Đạt
SV2602714,Công nghệ thông tin,Nam,18-22,Không,Kết hợp,Bình Dương,Điện thoại,2026-02-06,30,903,0.404,9,9.9,4,4.4,7.6,7.8,Đạt
SV2601530,Kinh tế,Nam,18-22,Không,Trực tuyến,TP Hồ Chí Minh,Máy tính,2026-02-01,32,813,0.752,10,10.0,4,20.7,8.4,7.3,Đạt
SV2602410, Kế toán ,Nam,18-22,Có,Trực tuyến,Hà Nội,Máy tính bảng,2026-01-20,44,1338,0.979,8,7.4,5,7.5,10.0,9.5,Đạt
SV2600051,Ngôn ngữ Anh,Nam,31-40,Có,Trực tuyến,Hưng Yên,Máy tính,14/02/2026,23,836,0.607,3,7.2,3,6.6,5.3,4.1,Đạt
SV2601003,Kế toán,Nữ,23-30,Không,Trực tuyến,Nghệ An,Điện thoại,2026-02-10,35,1184,0.79,8,7.2,4,0.4,7.6,9.1,Đạt
SV2602358,Kinh tế,Nữ,23-30,Có,Trực tuyến,Hải Phòng,Máy tính,2026-02-11,38,1259,0.577,9,8.2,3,6.3,9.0,8.6,Đạt
SV2600799,Công nghệ thông tin,Nam,23-30,Có,Trực tuyến,Đồng Nai,Máy tính,2026-01-22,42,551,0.363,10,"5,1",1,13.6,6.5,5.2,Đạt
SV2601428,Công nghệ thông tin,Nữ,23-30,Không,Kết hợp,Hà Nội,Máy tính,2026-02-10,53,521,0.823,7,7.4,0,2.9,5.7,6.5,Đạt
SV2601389,Du lịch,Nữ,23-30,Có,Trực tuyến,Thái Nguyên,Máy tính,21/01/2026,47,708,0.073,5,6.8,1,10.7,5.3,4.9,Đạt
SV2600597,Công nghệ thông tin,Nam,18-22,Không,Trực tuyến,TP Hồ Chí Minh,Máy tính,2026-02-01,40,1181,0.752,5,8.4,1,22.8,6.7,6.5,Đạt
SV2601247,Kinh tế,Nam,Trên 40,Có,Kết hợp,Đà Nẵng,Điện thoại,2026-02-12,55,1149,0.82,10,"10,0",5,3.9,9.4,8.8,Đạt
SV2600118,Công nghệ thông tin,nữ,18-22,Không,Trực tuyến,TP Hồ Chí Minh,Máy tính,2026-02-09,73,1361,0.801,9,7.0,6,17.0,8.2,7.6,Đạt
SV2601923,Công nghệ thông tin,Nữ,18-22,Không,Trực tuyến,Thanh Hóa,Máy tính,16-02-2026,25,514,0.845,6,2.1,0,13.1,0.0,5.7,Đạt
SV2600584,Quản trị kinh doanh,Nữ,18-22,Không,Trực tuyến,Hà Nội,Máy tính,2026-02-06,25,1140,0.761,10,5.8,4,55.6,,3.9,Không đạt
SV2602681,Kế toán,Nam,18-22,Không,Trực tuyến,Hà Nội,Máy tính,30/01/2026,29,1016,0.476,7,5.3,0,12.8,6.2,5.7,Đạt
SV2601470,Ngôn ngữ Anh,Nữ,23-30,Có,Trực tuyến,TP Hồ Chí Minh,Máy tính,2026-01-23,45,1225,0.748,10,7.9,5,9.2,5.5,8.5,Đạt
SV2602999,Công nghệ thông tin,Nữ,23-30,Không,Trực tuyến,Thái Nguyên,Máy tính,2026-02-02,33,801,0.894,9,5.0,4,15.1,5.2,7.3,Đạt
SV2600785,Kinh tế,Nam,23-30,Có,Kết hợp,TP Hồ Chí Minh,Điện thoại,2026-01-25,34,758,0.368,4,8.6,0,32.9,6.2,3.9,Không đạt
SV2600666,Kế toán,Nữ,23-30,Có,Trực tuyến,Nghệ An,Điện thoại,31/01/2026,26,868,0.434,5,9.0,4,60.6,6.4,5.9,Đạt
SV2601698,Công nghệ thông tin,Nam,31-40,Có,Kết hợp,Hà Nội,Máy tính bảng,22/01/2026,46,1447,1.0,10,7.7,5,16.4,7.2,8.0,Đạt
SV2602458,Kinh tế,Nam,18-22,Có,Kết hợp,Thái Nguyên,Máy tính,27/01/2026,24,626,0.354,2,4.9,0,3.3,3.4,2.0,Không đạt
SV2602784,Ngôn ngữ Anh,Nữ,18-22,Không,Trực tuyến,Quảng Ninh,Điện thoại,2026-02-11,64,1804,0.843,10,9.1,2,4.9,5.5,8.7,Đạt
SV2601719,Quản trị kinh doanh,Nữ,23-30,Không,Trực tuyến,Hà Nội,Máy tính,30-01-2026,26,945,0.54,9,7.0,2,23.7,5.7,5.5,Đạt
SV2602825,Quản trị kinh doanh,Nữ,31-40,CO,Trực tuyến,,Điện thoại,05/02/2026,27,1304,0.475,9,7.2,2,4.1,6.0,9.0,Đạt
SV2601072,Du lịch,Nam,18-22,Không,Trực tuyến,Khánh Hòa,Máy tính,2026-01-26,35,766,0.781,6,6.3,2,5.1,5.2,7.3,Đạt
SV2600725,Du lịch,Nam,18-22,Không,Trực tuyến,Khánh Hòa,Điện thoại,2026-02-09,53,727,0.775,10,7.3,4,35.4,6.5,5.8,Đạt
SV2601323,Công nghệ thông tin,Nam,23-30,Có,Trực tuyến,Lâm Đồng,Điện thoại,2026-01-23,25,1035,0.548,4,"7,5",2,9.9,4.7,4.6,Đạt
SV2602783,Quản trị kinh doanh,Nam,Trên 40,Có,Trực tuyến,Hà Nội,Máy tính,2026-01-22,27,867,,5,6.5,5,40.0,5.8,6.6,Đạt
SV2602584,Công nghệ thông tin,Nam,23-30,Không,Kết hợp,TP Hồ Chí Minh,Máy tính,29-01-2026,61,1071,0.956,10,9.4,8,14.5,9.4,8.1,Đạt
SV2600316,Quản trị kinh doanh,Nam,23-30,Có,Trực tuyến,Bình Dương,Máy tính,2026-02-04,32,722,0.233,3,7.2,2,25.9,6.0,4.4,Đạt
SV2601299,Quản trị kinh doanh,nam,18-22,Không,Trực tuyến,Đà Nẵng,Điện thoại,27/01/2026,15,503,,4,4.7,0,26.2,3.8,1.6,Không đạt
SV2601450,Kế toán,Nữ,18-22,Không,Kết hợp,TP Hồ Chí Minh,Máy tính,2026-01-22,20,828,0.568,8,7.2,4,39.1,1.8,0.4,Không đạt
SV2600324,Công nghệ thông tin,Nam,18-22,Không,Kết hợp,Lâm Đồng,Máy tính,20-01-2026,44,1161,0.808,6,6.5,3,70.9,4.7,1.3,Không đạt
SV2600182,Công nghệ thông tin,Nữ,18-22,Không,Trực tuyến,Hà Nội,Máy tính bảng,02-02-2026,81,1679,0.91,10,9.0,7,5.8,10.0,10.0,Đạt
SV2600136,Kinh tế,Nam,18-22,Không,Trực tuyến,Thanh Hóa,Điện thoại,2026-01-24,39,923,0.993,8,6.0,6,8.0,5.3,8.0,Đạt
SV2601104,Công nghệ thông tin,Nam,18-22,Không,Trực tuyến,Bắc Ninh,Máy tính,2026-02-03,47,335,0.523,10,6.8,2,3.0,7.3,7.9,Đạt
SV2602985,Kế toán,Nam,18-22,Có,Trực tuyến,TP Hồ Chí Minh,Máy tính,2026-01-29,56,1503,0.717,10,8.2,2,1.5,6.5,10.0,Đạt
SV2602600,Kế toán,Nữ,23-30,Có,Trực tuyến,Cần Thơ,Máy tính,2026-02-13,48,1123,0.647,3,7.8,1,6.4,6.2,8.1,Đạt
SV2600409,Kế toán,Nam,18-22,CO,Trực tuyến,Bình Dương,Máy tính bảng,2026-02-15,32,968,0.236,5,6.8,1,24.2,6.1,5.9,Đạt
SV2602582,Luật,Nam,18-22,Không,Trực tuyến,TP Hồ Chí Minh,Máy tính,2026-02-12,49,603,0.254,6,7.1,0,30.1,4.2,2.2,Không đạt
SV2600378,Kinh tế,Nữ,23-30,Có,Kết hợp,TP Hồ Chí Minh,Máy tính,2026-01-28,20,309,0.252,6,7.0,1,33.3,4.9,4.2,Đạt
SV2600737,Công nghệ thông tin,nữ,18-22,Không,Kết hợp,Hà Nội,Máy tính,2026-02-03,52,1475,1.0,10,8.6,5,1.5,7.0,8.6,Đạt
SV2600589,Công nghệ thông tin,Nam,23-30,Có,Trực tuyến,Hải Phòng,Điện thoại,2026-02-15,48,1466,1.0,10,10.0,3,15.1,6.3,10.0,Đạt
SV2601858,Kế toán,Nữ,23-30,Có,Trực tuyến,Nghệ An,Máy tính,15-02-2026,54,1304,0.734,7,6.4,5,23.8,4.2,6.8,Đạt
SV2601998,Kế toán,Nữ,23-30,Có,Trực tuyến,Đà Nẵng,Điện thoại,2026-02-14,39,1299,0.433,7,"4,7",2,20.3,7.6,7.0,Đạt
SV2602607,Quản trị kinh doanh,Nữ,23-30,Không,Trực tuyến,TP Hồ Chí Minh,Điện thoại,2026-02-08,7,391,0.458,7,4.7,1,22.3,5.2,4.1,Đạt
SV2601311,Công nghệ thông tin,Nam,23-30,Có,Trực tuyến,TP Hồ Chí Minh,Điện thoại,01/02/2026,25,440,0.55,5,5.3,2,3.1,6.3,6.4,Đạt
SV2601040,Công nghệ thông tin,Nữ,Trên 40,Có,Trực tuyến,Thái Nguyên,Máy tính,2026-01-25,47,1402,0.774,10,"8,7",9,8.8,9.2,9.4,Đạt
SV2601347,Luật,Nam,23-30,Có,Kết hợp,Đà Nẵng,Máy tính bảng,2026-01-21,41,773,0.736,9,6.1,1,16.5,6.6,7.1,Đạt
SV2600310,Luật,Nam,23-30,Có,Trực tuyến,Hải Phòng,Máy tính,30-01-2026,46,1205,0.633,8,8.1,3,28.9,4.9,7.2,Đạt
SV2600024,Công nghệ thông tin,Nam,23-30,Có,Kết hợp,Cần Thơ,Điện thoại,2026-01-21,12,182,0.648,6,6.0,2,17.8,6.0,3.3,Không đạt
SV2602199,Luật,Nam,18-22,Không,Kết hợp,Hưng Yên,Điện thoại,13-02-2026,59,875,0.852,8,5.6,5,14.7,6.8,7.1,Đạt
SV2601131,Công nghệ thông tin,Nữ,31-40,Không,Kết hợp,Hà Nội,Máy tính bảng,2026-01-28,19,661,0.445,4,5.4,2,19.1,5.9,4.4,Đạt
SV2601654,Kinh tế,Nữ,18-22,Không,Trực tuyến,Quảng Ninh,Điện thoại,2026-01-28,34,1283,0.96,6,8.0,5,3.1,5.4,7.7,Đạt
SV2601344,Ngôn ngữ Anh,Nữ,Trên 40,Có,Trực tuyến,Hà Nội,Máy tính,06-02-2026,42,898,0.38,10,5.4,2,13.9,6.1,3.9,Không đạt
SV2600261,Kinh tế,Nữ,18-22,Không,Trực tuyến,Bắc Ninh,Điện thoại,2026-01-25,61,1158,1.0,9,5.6,3,13.7,5.3,6.7,Đạt
SV2601765,Quản trị kinh doanh,Nữ,23-30,Có,Trực tuyến,Bình Dương,Máy tính,03/02/2026,13,194,0.188,4,"3,4",0,6.1,4.2,2.6,Không đạt
SV2601476,Kinh tế,nữ,18-22,Không,Trực tuyến,Hà Nội,Máy tính,10/02/2026,58,1190,0.964,10,8.6,3,14.9,8.8,9.3,Đạt
SV2600828,Quản trị kinh doanh,Nữ,Trên 40,Có,Trực tuyến,TP Hồ Chí Minh,Máy tính,04-02-2026,43,325,0.445,8,6.8,1,23.0,4.7,6.8,Đạt
SV2602888,Kinh tế,Nữ,18-22,Có,Trực tuyến,Hưng Yên,Máy tính,2026-02-13,29,278,0.46,4,6.8,4,38.6,7.2,5.7,Đạt
SV2602836, Luật ,Nữ,23-30,Có,Kết hợp,TP Hồ Chí Minh,Máy tính bảng,2026-01-26,28,687,0.548,5,7.1,2,3.3,4.1,5.6,Đạt
SV2600826,Công nghệ thông tin,Khác,Trên 40,Có,Trực tuyến,Thái Nguyên,Máy tính,2026-02-08,37,1031,1.0,6,6.9,1,0.8,3.6,7.2,Đạt
SV2602627,Công nghệ thông tin,Nam,23-30,Không,Trực tuyến,Thanh Hóa,Máy tính,31/01/2026,43,1457,1.0,10,8.4,11,3.7,8.4,9.1,Đạt
SV2600341,Ngôn ngữ Anh,Nam,18-22,Không,Kết hợp,Hưng Yên,Máy tính,2026-02-07,37,940,0.678,7,8.0,2,17.6,6.1,6.1,Đạt
SV2601394,Công nghệ thông tin,Nữ,23-30,Không,Trực tuyến,Thái Nguyên,Điện thoại,2026-01-20,44,1184,0.893,10,7.1,5,3.4,6.7,10.0,Đạt
SV2602602,Du lịch,Nữ,18-22,Có,Trực tuyến,Quảng Ninh,Máy tính,10/02/2026,46,862,0.586,9,5.4,3,31.7,5.3,5.3,Đạt
SV2602880,Công nghệ thông tin,Nam,Trên 40,Có,Trực tuyến,Bình Dương,Máy tính,2026-02-12,1,204,0.369,5,2.9,0,12.2,2.2,2.2,Không đạt
SV2601585,Du lịch,Nữ,Trên 40,Không,Trực tuyến,TP Hồ Chí Minh,Máy tính,2026-02-04,44,1164,0.84,10,9.5,3,2.7,9.3,10.0,Đạt
SV2600258,Kinh tế,Nam,23-30,Không,Trực tuyến,Nghệ An,Máy tính,2026-01-27,24,1141,0.855,9,7.9,8,0.3,8.0,8.3,Đạt
SV2601144,Công nghệ thông tin,Nữ,23-30,Có,Kết hợp,Nghệ An,Máy tính,2026-02-08,39,20,0.5,4,5.3,1,50.8,3.7,1.7,Không đạt
SV2600121,Kinh tế,nam,18-22,Không,Trực tuyến,Hà Nội,Điện thoại,2026-01-28,37,953,0.308,8,7.7,2,8.5,5.5,5.2,Đạt
SV2601849,Công nghệ thông tin,Nam,18-22,Không,Trực tuyến,,Máy tính,20/01/2026,64,1303,0.572,10,2.9,4,8.4,6.6,5.8,Đạt
SV2601946,Quản trị kinh doanh,Nam,18-22,Không,Trực tuyến,Đồng Nai,Máy tính,16-02-2026,49,163,0.257,4,7.4,2,27.3,5.8,3.0,Không đạt
SV2601025,Công nghệ thông tin,Nam,23-30,Không,Trực tuyến,Thanh Hóa,Máy tính,2026-01-23,54,443,0.667,8,6.4,4,13.2,8.2,9.5,Đạt
SV2600926,Công nghệ thông tin,Nữ,23-30,Có,Trực tuyến,Hà Nội,Máy tính,15/02/2026,1,447,0.464,1,7.8,0,16.5,4.3,4.8,Đạt
SV2600947,Công nghệ thông tin,Nam,23-30,Không,Kết hợp,Bình Dương,Điện thoại,2026-02-15,70,1939,0.851,10,5.1,5,8.0,6.1,6.0,Đạt
SV2600855,Công nghệ thông tin,Nữ,31-40,Có,Kết hợp,Hà Nội,Máy tính,2026-02-09,21,71,0.755,4,5.9,1,55.5,4.5,2.8,Không đạt
SV2601219,Kinh tế,Nam,23-30,Có,Kết hợp,Bắc Ninh,Điện thoại,28/01/2026,56,1605,0.884,10,10.0,9,2.2,,7.8,Đạt
SV2601939,Kế toán,Nữ,18-22,Không,Trực tuyến,Cần Thơ,Điện thoại,2026-01-20,34,1349,0.8,10,7.2,3,11.4,,6.8,Đạt
SV2601181,Công nghệ thông tin,Nam,18-22,Không,Kết hợp,Hà Nội,Điện thoại,12/02/2026,70,1444,1.0,10,9.9,6,5.0,7.7,6.6,Đạt
SV2602223,Kinh tế,Nam,18-22,Có,Kết hợp,TP Hồ Chí Minh,Máy tính,2026-01-20,19,256,0.261,5,6.8,5,8.5,4.7,3.2,Không đạt
SV2601942,Quản trị kinh doanh,Nữ,23-30,Không,Trực tuyến,Thái Nguyên,Máy tính,13-02-2026,23,655,0.457,7,8.0,2,32.8,5.4,6.5,Đạt
SV2601554,Luật,Nữ,23-30,Có,Trực tuyến,TP Hồ Chí Minh,Điện thoại,2026-02-14,13,418,0.627,6,"6,3",4,9.1,,6.5,Đạt
SV2601193,Công nghệ thông tin,Nam,Trên 40,Có,Trực tuyến,TP Hồ Chí Minh,Điện thoại,24-01-2026,50,1400,1.0,10,6.5,10,4.0,,10.0,Đạt
SV2602559,Kinh tế,Nữ,31-40,Có,Trực tuyến,TP Hồ Chí Minh,Máy tính,2026-01-21,18,835,0.549,9,4.4,1,644.0,8.8,8.2,Đạt
SV2601878, Luật ,Nam,18-22,Không,Trực tuyến,TP Hồ Chí Minh,Máy tính,2026-02-08,20,194,0.409,5,6.7,1,3.0,4.8,5.6,Đạt
SV2600126,Luật,Nữ,31-40,Có,Trực tuyến,TP Hồ Chí Minh,Máy tính,10/02/2026,25,661,0.588,7,2.1,1,23.8,2.5,3.7,Không đạt
SV2600842,Ngôn ngữ Anh,Nam,18-22,Có,Trực tuyến,Cần Thơ,Máy tính,2026-01-28,21,937,0.578,6,5.9,1,6.4,7.8,8.2,Đạt
SV2602815,Kinh tế,Nữ,18-22,Có,Trực tuyến,Thanh Hóa,Máy tính,25/01/2026,34,543,0.393,6,6.9,1,11.2,5.1,5.9,Đạt
SV2600059,Công nghệ thông tin,Nam,18-22,Không,Trực tuyến,Hà Nội,Điện thoại,2026-01-20,44,1397,0.976,10,"8,3",10,1.2,6.6,8.5,Đạt
SV2600283,Quản trị kinh doanh,Nữ,23-30,Có,Trực tuyến,Hà Nội,Máy tính,2026-02-16,41,20,0.209,7,7.4,0,15.4,,3.8,Không đạt
SV2601364,Kế toán,Nam,23-30,Có,Trực tuyến,Thanh Hóa,Máy tính,14/02/2026,25,263,0.453,4,5.5,1,3.2,5.0,4.1,Đạt
SV2601853,Quản trị kinh doanh,Nam,23-30,Không,Trực tuyến,TP Hồ Chí Minh,Máy tính,2026-02-11,62,1123,0.66,7,7.8,4,15.4,6.9,6.7,Đạt
SV2602189,Công nghệ thông tin,Nam,23-30,Có,Trực tuyến,Bình Dương,Máy tính,04-02-2026,32,1121,0.687,10,8.1,4,14.1,6.1,7.5,Đạt
SV2600983,Ngôn ngữ Anh,Nam,18-22,Không,Kết hợp,Hưng Yên,Máy tính bảng,2026-01-23,40,898,0.541,6,6.2,4,31.9,4.8,3.3,Không đạt
SV2601151,Công nghệ thông tin,Nữ,23-30,Có,Trực tuyến,Khánh Hòa,Máy tính,13-02-2026,22,278,0.518,10,8.6,2,11.7,,6.4,Đạt
SV2600155,Luật,Nữ,18-22,Không,Kết hợp,Hà Nội,Máy tính,28-01-2026,42,956,0.449,5,5.4,1,17.2,5.3,6.8,Đạt
SV2602706,Ngôn ngữ Anh,Nữ,23-30,Không,Trực tuyến,Hà Nội,Điện thoại,30/01/2026,21,663,0.906,4,5.1,1,13.8,6.3,6.9,Đạt
SV2601192,Kế toán,Nam,23-30,Có,Trực tuyến,Bình Dương,Máy tính,2026-02-16,17,1062,0.294,3,6.4,2,8.6,5.8,5.4,Đạt
SV2601736, Công nghệ thông tin ,Nam,18-22,Có,Trực tuyến,TP Hồ Chí Minh,Điện thoại,2026-02-01,32,1068,0.437,5,5.2,2,34.2,,4.9,Đạt
SV2600104,Công nghệ thông tin,nam,23-30,Có,Trực tuyến,Hải Phòng,Máy tính,2026-02-15,52,1011,0.775,5,10.0,2,10.0,6.6,8.1,Đạt
SV2601868,Công nghệ thông tin,Nam,18-22,Không,Trực tuyến,Khánh Hòa,Máy tính,2026-02-01,51,1382,0.823,9,8.8,5,6.6,7.0,9.0,Đạt
SV2601448,Quản trị kinh doanh,Nam,Trên 40,Có,Trực tuyến,TP Hồ Chí Minh,,27/01/2026,19,511,0.446,1,4.4,2,31.1,4.7,2.7,Không đạt
SV2601030,Kinh tế,Nữ,31-40,Có,Kết hợp,TP Hồ Chí Minh,Máy tính,03/02/2026,6,334,0.321,7,6.2,1,4.3,5.6,3.7,Không đạt
SV2602784,Ngôn ngữ Anh,Nữ,18-22,Không,Trực tuyến,Quảng Ninh,Điện thoại,2026-02-11,64,1804,0.843,10,9.1,2,4.9,5.5,8.7,Đạt
SV2602890,Kế toán,Nam,Trên 40,Không,Kết hợp,Bắc Ninh,Máy tính,2026-02-05,73,1597,0.779,9,8.3,3,6.4,9.5,6.7,Đạt
SV2602472,Công nghệ thông tin,Nam,18-22,Không,Trực tuyến,Bình Dương,Điện thoại,2026-01-26,41,966,0.715,8,7.6,4,21.6,6.9,6.5,Đạt
SV2600447,Công nghệ thông tin,Nữ,31-40,Có,Trực tuyến,Thanh Hóa,Máy tính,2026-02-10,26,606,0.608,4,"5,7",1,5.2,5.0,5.3,Đạt
SV2601854,Kế toán,Nam,31-40,Có,Trực tuyến,Hà Nội,Máy tính,2026-01-20,16,365,0.372,4,5.3,1,56.9,4.1,1.8,Không đạt
SV2602792,Kế toán,Nam,18-22,Không,Trực tuyến,Đà Nẵng,Máy tính,15-02-2026,24,1588,0.989,9,7.1,8,9.3,7.2,8.8,Đạt
SV2602059,Du lịch,Nam,18-22,Không,Trực tuyến,TP Hồ Chí Minh,Điện thoại,25/01/2026,60,913,0.993,7,7.3,5,16.4,4.9,7.2,Đạt
SV2602722,Công nghệ thông tin,Nữ,18-22,Không,Trực tuyến,Đồng Nai,Máy tính,21/01/2026,24,944,0.953,10,7.5,6,0.2,8.3,8.9,Đạt
SV2601223,Quản trị kinh doanh,Nam,18-22,Không,Kết hợp,Hà Nội,Máy tính,30-01-2026,43,601,0.787,10,6.2,5,1.1,5.7,5.9,Đạt
SV2602730,Công nghệ thông tin,Nam,23-30,Có,Trực tuyến,Hà Nội,Máy tính,2026-01-25,54,846,0.649,6,8.6,5,16.8,8.1,8.1,Đạt
SV2601635,Kinh tế,Nữ,18-22,Không,Trực tuyến,Hà Nội,Máy tính,2026-02-03,52,1298,1.0,9,5.8,2,9.0,4.2,8.9,Đạt
SV2601602,Công nghệ thông tin,Nam,18-22,Không,Trực tuyến,Hà Nội,Máy tính,2026-02-01,42,823,0.408,9,6.9,2,9.0,7.7,8.4,Đạt
SV2601984,Công nghệ thông tin,Nam,18-22,Không,Kết hợp,Đà Nẵng,Máy tính,2026-01-23,74,1524,0.651,10,10.0,7,1.1,8.6,9.4,Đạt
SV2601339,Luật,Nữ,31-40,Có,Kết hợp,TP Hồ Chí Minh,Máy tính,2026-02-07,23,702,0.592,6,6.1,3,19.3,6.2,6.5,Đạt
SV2602742,Du lịch,Nam,23-30,Có,Kết hợp,Khánh Hòa,Máy tính,2026-01-29,41,1039,0.855,7,9.2,6,352.0,7.6,8.3,Đạt
SV2602450,Công nghệ thông tin,Nữ,18-22,Có,Kết hợp,TP Hồ Chí Minh,Điện thoại,2026-02-01,26,979,0.514,2,7.7,2,11.2,4.6,4.8,Đạt
SV2600496,Kinh tế,Nam,23-30,Không,Trực tuyến,TP Hồ Chí Minh,Máy tính,2026-02-02,28,378,0.123,2,3.8,0,16.9,3.4,0.0,Không đạt
SV2601154,Công nghệ thông tin,Nam,18-22,Có,Trực tuyến,Hà Nội,Điện thoại,2026-02-06,28,290,0.332,5,5.6,4,36.0,3.5,4.4,Đạt
SV2601126,Kế toán,Nam,23-30,Có,Trực tuyến,Hà Nội,Điện thoại,2026-02-16,39,1164,0.634,4,6.6,4,13.1,6.4,5.6,Đạt
SV2602561,Quản trị kinh doanh,Nữ,23-30,Không,Trực tuyến,Hà Nội,Máy tính,14-02-2026,46,1362,0.865,10,7.1,3,1.4,8.4,8.6,Đạt
SV2601828,Du lịch,Nữ,23-30,CO,Kết hợp,Nghệ An,Máy tính,2026-02-07,41,1114,0.338,7,8.9,1,63.3,4.8,5.2,Đạt
SV2602289,Kế toán,Nữ,31-40,Có,Trực tuyến,,Máy tính,14-02-2026,19,533,0.71,6,8.3,0,23.5,5.7,7.9,Đạt
SV2601688,Công nghệ thông tin,Nam,18-22,Không,Trực tuyến,Đồng Nai,Máy tính,2026-01-26,39,805,0.768,10,"3,6",3,7.7,4.0,7.2,Đạt
SV2602042,Công nghệ thông tin,Nữ,18-22,Không,Trực tuyến,Nghệ An,Điện thoại,2026-01-28,36,46,0.472,5,4.3,2,28.6,4.7,2.8,Không đạt
SV2601567,Kế toán,Nữ,23-30,Có,Trực tuyến,Nghệ An,Máy tính,2026-02-12,13,20,0.27,6,2.6,0,10.3,1.1,1.1,Không đạt
SV2601901,Luật,Nữ,18-22,Không,Trực tuyến,TP Hồ Chí Minh,Điện thoại,22/01/2026,11,517,0.668,6,7.7,5,2.6,7.5,6.2,Đạt
SV2600939,Kinh tế,Nữ,31-40,Có,Kết hợp,Hà Nội,Máy tính bảng,04-02-2026,9,728,0.278,3,2.8,0,20.2,4.5,3.6,Không đạt
SV2600469,Công nghệ thông tin,Nam,31-40,Có,Trực tuyến,Đồng Nai,Điện thoại,03-02-2026,51,1412,0.967,8,7.2,4,13.7,7.5,8.5,Đạt
SV2600002,Luật,Nam,18-22,Không,Trực tuyến,Hà Nội,Điện thoại,05-02-2026,12,684,0.326,4,6.3,1,2.9,2.6,2.4,Không đạt
SV2600039, Công nghệ thông tin ,Nam,31-40,Có,Trực tuyến,TP Hồ Chí Minh,Máy tính,2026-01-23,19,473,0.405,4,6.4,2,13.4,4.5,5.1,Đạt
SV2601704,Kế toán,Nữ,Trên 40,Không,Kết hợp,Hà Nội,Điện thoại,29/01/2026,24,209,,4,5.1,3,24.6,2.7,2.1,Không đạt
SV2601899,Quản trị kinh doanh,Nữ,31-40,Có,Trực tuyến,Hà Nội,Máy tính,2026-02-11,31,656,0.697,3,4.6,2,36.4,5.5,6.0,Đạt
SV2602106,Kinh tế,Nữ,18-22,Không,Kết hợp,Bình Dương,Máy tính,2026-02-13,69,1158,1.0,7,6.5,3,7.2,5.2,4.7,Đạt
SV2600116,Kế toán,Nữ,Trên 40,Có,Trực tuyến,TP Hồ Chí Minh,Máy tính,2026-01-30,34,538,0.471,4,7.0,1,27.3,3.9,4.2,Đạt
SV2601793,Du lịch,Nữ,18-22,Không,Kết hợp,Hà Nội,Máy tính,2026-01-20,43,884,0.66,7,6.1,4,14.1,,5.2,Đạt
SV2601452,Ngôn ngữ Anh,Khác,31-40,Có,Kết hợp,Lâm Đồng,Máy tính,22/01/2026,44,866,0.879,4,6.6,5,1.9,8.5,4.7,Đạt
SV2602545,Công nghệ thông tin,nữ,18-22,Có,Trực tuyến,TP Hồ Chí Minh,Máy tính,07/02/2026,36,723,0.552,6,7.6,3,41.0,6.4,4.9,Đạt
SV2602068, Luật ,Nam,18-22,Không,Trực tuyến,Nghệ An,Máy tính,01/02/2026,50,918,1.0,9,8.6,1,0.8,6.9,8.7,Đạt
SV2600444,Kinh tế,Nam,18-22,Không,Kết hợp,Đà Nẵng,Máy tính,2026-01-24,23,644,0.332,3,3.6,2,20.9,2.4,3.0,Không đạt
SV2601021,Công nghệ thông tin,Nam,18-22,Không,Trực tuyến,,Điện thoại,05/02/2026,53,1510,0.633,9,6.8,4,3.2,6.1,8.8,Đạt
SV2601850,Kế toán,Nữ,23-30,Không,Trực tuyến,Bình Dương,Máy tính,2026-02-06,45,653,0.878,8,6.6,3,15.9,4.4,5.1,Đạt
SV2601625,Luật,Nam,23-30,Không,Trực tuyến,Nghệ An,Điện thoại,2026-01-30,37,1080,0.661,9,5.2,2,13.8,9.2,7.8,Đạt
SV2601028,Kế toán,Nam,18-22,Không,Trực tuyến,Hà Nội,Máy tính,2026-01-25,15,922,0.54,6,4.9,0,49.0,4.8,2.9,Không đạt
SV2601564,Kinh tế,Nam,Trên 40,Có,Trực tuyến,Đà Nẵng,Máy tính,2026-02-12,63,1231,0.965,9,7.4,4,7.2,7.9,8.1,Đạt
SV2602393,Kinh tế,Nữ,31-40,Có,Trực tuyến,Hà Nội,Máy tính,2026-02-13,33,1873,0.838,7,9.0,6,4.5,8.3,10.0,Đạt
SV2600973,Quản trị kinh doanh,Nữ,18-22,Không,Trực tuyến,Thái Nguyên,Máy tính,2026-01-31,68,1596,0.652,10,5.4,4,7.2,8.1,6.5,Đạt
SV2601519,Luật,Nữ,18-22,Có,Kết hợp,Hà Nội,Máy tính,2026-02-05,52,1112,0.641,9,4.2,0,38.1,3.2,4.8,Đạt
SV2602759,Quản trị kinh doanh,Nữ,18-22,Không,Trực tuyến,Cần Thơ,Máy tính,06-02-2026,40,727,0.598,8,8.2,4,44.5,3.3,3.4,Không đạt
SV2601872,Ngôn ngữ Anh,Nam,31-40,Có,Trực tuyến,,Điện thoại,25-01-2026,49,859,0.883,10,10.0,4,15.1,6.4,7.8,Đạt
SV2600985,Quản trị kinh doanh,nam,Trên 40,Có,Kết hợp,Hà Nội,Máy tính,2026-02-16,48,837,0.691,7,6.7,6,4.6,8.1,6.2,Đạt
SV2602685,Kinh tế,Nam,18-22,Không,Trực tuyến,Bắc Ninh,Máy tính,2026-02-10,36,1355,1.0,10,7.5,3,4.5,7.4,9.6,Đạt
SV2602667,Kế toán,Nam,18-22,Không,Trực tuyến,Nghệ An,Máy tính bảng,10/02/2026,45,999,0.498,6,5.5,4,20.8,6.5,5.0,Đạt
SV2602932,Kế toán,Nam,23-30,Có,Trực tuyến,Đà Nẵng,Máy tính,08-02-2026,66,860,0.781,8,8.8,3,21.0,,9.7,Đạt
SV2600287,Kinh tế,Nữ,23-30,Có,Trực tuyến,Thanh Hóa,Điện thoại,2026-02-10,39,1030,,5,6.1,3,7.4,7.2,7.6,Đạt
SV2600216,Công nghệ thông tin,Nam,23-30,Không,Kết hợp,Hà Nội,Máy tính,06/02/2026,51,1040,0.751,9,8.0,2,21.0,,6.8,Đạt
SV2601000,Kế toán,Nam,31-40,Có,Kết hợp,Hải Phòng,Điện thoại,2026-02-14,13,586,0.395,5,6.2,2,10.5,3.4,2.5,Không đạt
SV2602552,Công nghệ thông tin,Nữ,23-30,Không,Trực tuyến,Hà Nội,Điện thoại,2026-02-01,34,294,0.274,5,5.0,0,21.3,5.0,2.8,Không đạt
SV2600078,Du lịch,Nam,18-22,Không,Trực tuyến,Thanh Hóa,Máy tính,03/02/2026,14,304,0.466,6,5.5,0,7.4,2.1,2.7,Không đạt
SV2602345,Luật,Nam,18-22,Có,Trực tuyến,Lâm Đồng,Điện thoại,2026-01-27,29,672,0.396,10,7.8,4,32.3,5.9,4.4,Đạt
SV2601895,Quản trị kinh doanh,Nam,18-22,Không,Trực tuyến,TP Hồ Chí Minh,Máy tính,06/02/2026,43,726,0.517,6,5.4,4,29.2,7.8,5.8,Đạt
SV2600103,Công nghệ thông tin,Nữ,31-40,Có,Trực tuyến,Nghệ An,Máy tính bảng,2026-02-01,49,981,0.499,7,7.6,6,12.1,8.8,7.7,Đạt
SV2601390,Công nghệ thông tin,Nam,18-22,Có,Trực tuyến,Quảng Ninh,Máy tính,2026-01-26,32,571,0.601,9,6.3,5,19.3,10.0,8.6,Đạt
SV2600523,Kế toán,Nam,18-22,Không,Trực tuyến,Lâm Đồng,Điện thoại,02/02/2026,55,1096,1.0,9,7.5,6,7.0,8.2,8.2,Đạt
SV2602323,Công nghệ thông tin,Nữ,31-40,Có,Trực tuyến,Đồng Nai,Máy tính,08-02-2026,32,1102,0.684,10,8.5,3,9.1,6.5,7.5,Đạt
SV2600858,Công nghệ thông tin,Nam,18-22,Không,Trực tuyến,Đà Nẵng,Máy tính,09/02/2026,24,742,0.573,2,5.6,1,13.7,6.4,6.7,Đạt
SV2601170,Kinh tế,Nam,Trên 40,Có,Trực tuyến,Đồng Nai,Điện thoại,2026-02-14,44,1175,0.341,7,9.5,4,26.5,5.6,6.2,Đạt
SV2601975,Kế toán,Nữ,31-40,Có,Trực tuyến,TP Hồ Chí Minh,Máy tính bảng,2026-02-03,33,208,0.239,8,3.7,3,19.3,,3.8,Không đạt
SV2601642,Kế toán,Nữ,23-30,Không,Trực tuyến,Thanh Hóa,Điện thoại,26/01/2026,44,693,0.69,6,7.6,0,25.7,6.9,5.5,Đạt
SV2600074,Kinh tế,Nữ,18-22,Không,Trực tuyến,Hà Nội,Máy tính,23/01/2026,50,787,0.574,6,5.6,2,33.9,4.8,3.8,Không đạt
SV2600212,Du lịch,Nữ,18-22,Không,Trực tuyến,Hà Nội,Điện thoại,2026-02-02,38,1030,0.593,6,3.6,0,27.9,1.0,3.2,Không đạt
SV2600037,Ngôn ngữ Anh,Nam,18-22,Có,Trực tuyến,Hải Phòng,Máy tính,07-02-2026,33,863,0.457,6,5.1,3,12.1,7.5,7.3,Đạt
SV2602909,Công nghệ thông tin,Nam,18-22,Không,Trực tuyến,Hưng Yên,Máy tính,2026-02-10,47,1290,0.804,9,8.3,4,12.2,5.9,7.8,Đạt
SV2602505,Ngôn ngữ Anh,Nữ,23-30,Có,Trực tuyến,Hà Nội,Điện thoại,26/01/2026,32,914,0.533,8,8.4,1,14.5,,9.5,Đạt
SV2602514,Kinh tế,Nam,18-22,Có,Trực tuyến,Thanh Hóa,Máy tính,02-02-2026,55,974,0.616,5,7.1,3,1.8,6.7,5.6,Đạt
SV2600571,Kinh tế,Nữ,31-40,Có,Kết hợp,Nghệ An,Máy tính,2026-01-21,45,794,0.704,10,5.1,5,1.1,5.1,4.5,Đạt
SV2601664,Công nghệ thông tin,Nữ,31-40,Không,Trực tuyến,Hà Nội,Điện thoại,07-02-2026,30,771,0.83,10,4.7,2,6.0,7.1,8.3,Đạt
SV2601141,Công nghệ thông tin,Nữ,Trên 40,Không,Kết hợp,Bắc Ninh,Điện thoại,2026-01-24,-1,844,0.679,6,4.6,0,8.9,6.1,5.5,Đạt
SV2602133,Ngôn ngữ Anh,Nam,18-22,Có,Trực tuyến,TP Hồ Chí Minh,Điện thoại,05/02/2026,40,1628,0.977,8,6.6,1,8.0,6.6,10.0,Đạt
SV2601870,Kinh tế,Nam,18-22,Có,Trực tuyến,Hà Nội,Điện thoại,2026-01-21,33,539,1.0,6,5.9,0,28.5,8.8,8.4,Đạt
SV2600555,Quản trị kinh doanh,Nam,18-22,Không,Kết hợp,Hà Nội,Máy tính bảng,07/02/2026,38,854,0.623,6,6.8,5,7.2,3.1,2.5,Không đạt
SV2602725,Công nghệ thông tin,Nam,31-40,Có,Kết hợp,Hải Phòng,Điện thoại,04/02/2026,33,254,0.438,6,4.7,1,19.3,5.5,4.5,Đạt
SV2602967,Du lịch,Nam,18-22,Không,Trực tuyến,Cần Thơ,Máy tính,12-02-2026,37,918,0.493,7,2.3,5,21.6,7.6,6.5,Đạt
SV2601093,Luật,Nữ,18-22,Không,Trực tuyến,Hà Nội,Điện thoại,22/01/2026,41,1206,0.507,7,"5,8",0,7.5,7.1,6.4,Đạt
SV2600941,Công nghệ thông tin,Nam,18-22,Không,Trực tuyến,Lâm Đồng,Điện thoại,2026-01-23,47,1283,0.7,8,7.2,4,13.8,4.2,6.8,Đạt
SV2600652,Công nghệ thông tin,Nam,23-30,Không,Trực tuyến,Đà Nẵng,Máy tính,2026-02-14,53,772,0.789,10,7.1,3,0.0,8.6,8.3,Đạt
SV2601713,Công nghệ thông tin,Nam,31-40,Có,Trực tuyến,Đà Nẵng,Điện thoại,2026-02-02,40,629,0.648,4,7.2,3,25.9,8.1,6.9,Đạt
SV2602699,Công nghệ thông tin,Nam,Trên 40,Có,Trực tuyến,Lâm Đồng,Máy tính,2026-02-06,23,986,0.533,8,4.5,2,14.4,5.5,6.3,Đạt
SV2600435,Công nghệ thông tin,Nam,31-40,Không,Trực tuyến,Bắc Ninh,Điện thoại,2026-01-21,67,955,0.954,8,7.9,4,4.0,8.3,10.0,Đạt
SV2602910,Kinh tế,Nữ,31-40,Có,Trực tuyến,Hưng Yên,,2026-02-06,11,911,0.686,7,6.2,2,8.5,7.9,8.5,Đạt
SV2601098,Công nghệ thông tin,Nữ,18-22,Không,Trực tuyến,Nghệ An,Điện thoại,2026-02-16,17,43,0.091,1,5.8,1,27.7,2.0,1.1,Không đạt
SV2601771,Quản trị kinh doanh,Nữ,18-22,Có,Kết hợp,Đồng Nai,Máy tính,2026-01-21,19,759,0.452,5,4.1,1,2.4,5.2,6.7,Đạt
SV2602259,Ngôn ngữ Anh,Nữ,Trên 40,Có,Kết hợp,Nghệ An,Điện thoại,28/01/2026,24,758,0.203,4,5.0,2,1.8,,2.6,Không đạt
SV2600168,Quản trị kinh doanh,Nam,18-22,Không,Trực tuyến,Đồng Nai,Máy tính bảng,28/01/2026,48,904,0.813,5,4.7,3,19.9,5.2,7.0,Đạt
SV2602447,Kinh tế,Nam,31-40,Không,Kết hợp,Đồng Nai,Máy tính,2026-01-29,25,682,0.67,6,5.8,3,2.5,5.5,5.4,Đạt
SV2602248,Kế toán,Nữ,18-22,Có,Trực tuyến,Hà Nội,Máy tính bảng,29-01-2026,1,295,,4,3.4,0,3.3,3.0,1.8,Không đạt
SV2600192, Công nghệ thông tin ,Nam,18-22,CO,Trực tuyến,Bình Dương,Máy tính,2026-02-01,25,40,0.368,3,7.2,3,8.7,,5.0,Đạt
SV2600695,Kinh tế,Nam,23-30,Có,Trực tuyến,Thanh Hóa,Điện thoại,2026-02-05,41,613,0.82,5,6.4,5,2.9,7.9,8.2,Đạt
SV2600117,Kế toán,Nam,23-30,Có,Kết hợp,,Máy tính,01-02-2026,35,1018,0.668,10,8.0,5,16.0,,6.3,Đạt
SV2602174,Quản trị kinh doanh,Nam,18-22,Không,Trực tuyến,Khánh Hòa,Điện thoại,2026-01-24,62,1557,0.831,10,8.0,5,9.8,8.4,10.0,Đạt
SV2600873,Kinh tế,Khác,18-22,Có,Trực tuyến,Bình Dương,Điện thoại,2026-02-05,54,644,0.382,10,5.8,3,20.2,8.0,7.5,Đạt
SV2600113,Kinh tế,Nữ,31-40,Có,Trực tuyến,Hà Nội,Máy tính,23/01/2026,32,365,0.16,5,6.3,1,4.3,4.8,3.9,Không đạt
SV2601786,Công nghệ thông tin,Nữ,18-22,Có,Kết hợp,Hà Nội,Máy tính,28-01-2026,61,631,0.888,10,4.4,3,16.0,6.2,5.0,Đạt
SV2601717,Kinh tế,Nam,31-40,Có,Trực tuyến,Bắc Ninh,Điện thoại,2026-02-04,6,276,0.015,3,4.9,0,74.9,2.8,0.0,Không đạt
SV2600583,Công nghệ thông tin,Nữ,23-30,Không,Kết hợp,TP Hồ Chí Minh,Máy tính bảng,2026-02-04,1,20,0.213,2,3.2,1,42.8,2.0,0.0,Không đạt
SV2600430,Công nghệ thông tin,Nam,31-40,Có,Kết hợp,Hà Nội,Máy tính,13-02-2026,35,1256,0.786,9,9.0,3,2.7,7.2,4.8,Đạt
SV2601472,Công nghệ thông tin,Nữ,23-30,Có,Trực tuyến,Đồng Nai,Điện thoại,2026-02-07,42,992,0.371,6,8.4,6,12.5,4.1,6.0,Đạt
SV2601665,Ngôn ngữ Anh,Nữ,18-22,Không,Kết hợp,Bình Dương,Máy tính,2026-01-28,33,917,,8,5.0,2,29.5,5.0,3.2,Không đạt
SV2600314,Công nghệ thông tin,Nam,18-22,Có,Trực tuyến,Hà Nội,Máy tính,2026-02-13,41,1109,0.19,6,6.0,5,5.5,4.2,5.9,Đạt
SV2600495,Công nghệ thông tin,Nữ,23-30,Không,Trực tuyến,Đồng Nai,Máy tính,02/02/2026,24,20,0.259,7,5.5,0,9.8,3.3,3.4,Không đạt
SV2601866,Luật,Nam,23-30,KHONG,Trực tuyến,Hải Phòng,Máy tính,2026-01-23,22,434,0.445,8,6.0,3,22.8,4.4,4.2,Đạt
SV2600463,Kế toán,Nữ,31-40,Có,Trực tuyến,Khánh Hòa,Điện thoại,28/01/2026,48,1228,0.836,6,7.6,3,22.6,9.2,8.2,Đạt
SV2601572,Kế toán,Nam,31-40,Không,Trực tuyến,Bắc Ninh,Máy tính bảng,2026-02-03,17,471,0.553,5,5.5,0,3.9,3.8,5.9,Đạt
SV2602926,Ngôn ngữ Anh,nữ,23-30,Có,Trực tuyến,Khánh Hòa,Điện thoại,2026-02-12,36,1035,0.841,8,6.9,6,4.7,7.1,9.0,Đạt
SV2602234,Ngôn ngữ Anh,Nam,18-22,Có,Kết hợp,Hà Nội,Máy tính,25/01/2026,50,1297,0.768,10,10.0,8,0.6,9.5,8.2,Đạt
SV2601848,Công nghệ thông tin,nữ,23-30,Không,Trực tuyến,Hải Phòng,Điện thoại,16/02/2026,44,1020,1.0,10,7.2,14,2.2,6.4,7.6,Đạt
SV2600665,Du lịch,Nam,23-30,Có,Trực tuyến,,Máy tính,28/01/2026,15,247,0.611,5,6.0,2,38.5,4.1,4.3,Đạt
SV2600498,Công nghệ thông tin,Nam,18-22,Không,Trực tuyến,Thái Nguyên,Điện thoại,2026-02-06,24,674,0.455,8,3.7,2,27.6,7.3,3.9,Không đạt
SV2600674,Du lịch,Nam,23-30,Có,Trực tuyến,Nghệ An,Máy tính,12-02-2026,28,619,0.416,6,4.5,2,16.2,6.1,6.7,Đạt
SV2600948,Công nghệ thông tin,Nam,18-22,Không,Trực tuyến,Bắc Ninh,Điện thoại,2026-01-24,32,726,0.85,7,6.1,8,14.4,5.6,6.5,Đạt
SV2602651,Quản trị kinh doanh,Nữ,23-30,Có,Trực tuyến,Quảng Ninh,Điện thoại,2026-02-13,36,1308,0.565,10,7.2,5,9.8,9.9,7.9,Đạt
SV2602701,Công nghệ thông tin,Nam,18-22,Có,Trực tuyến,TP Hồ Chí Minh,Máy tính,2026-01-28,42,958,0.78,9,8.7,7,5.0,10.0,9.5,Đạt
SV2602052,Luật,Nam,18-22,Không,Trực tuyến,TP Hồ Chí Minh,Máy tính,05/02/2026,29,1435,0.736,8,8.3,3,17.6,4.0,4.6,Đạt
SV2600431,Công nghệ thông tin,Nam,23-30,Không,Kết hợp,Nghệ An,Máy tính bảng,15/02/2026,38,635,0.625,4,5.9,5,26.5,5.6,3.5,Không đạt
SV2602642,Kinh tế,Nữ,18-22,Không,Kết hợp,Quảng Ninh,Máy tính bảng,2026-02-10,57,634,0.099,6,7.1,2,9.4,6.7,4.5,Đạt
SV2601504,Kế toán,Nam,Trên 40,Có,Trực tuyến,Lâm Đồng,Máy tính,2026-02-13,57,549,0.34,5,8.6,3,98.9,5.2,6.0,Đạt
SV2600483,Công nghệ thông tin,Nữ,31-40,Có,Trực tuyến,Khánh Hòa,Điện thoại,04/02/2026,16,965,0.506,6,5.2,1,8.3,4.9,7.1,Đạt
SV2600822,Công nghệ thông tin,Nữ,18-22,Có,Trực tuyến,Hà Nội,Máy tính,2026-02-01,38,703,,6,6.6,2,0.8,3.9,6.6,Đạt
SV2601712,Kế toán,Nam,23-30,Có,Trực tuyến,Bắc Ninh,Điện thoại,29/01/2026,43,1008,0.448,9,7.4,2,13.8,6.4,7.0,Đạt
SV2602281,Quản trị kinh doanh,Nam,18-22,Không,Trực tuyến,Hà Nội,Máy tính,2026-02-03,44,868,0.482,7,6.9,5,41.4,7.9,5.5,Đạt
SV2602965,Quản trị kinh doanh,Nam,23-30,Không,Trực tuyến,Hà Nội,Máy tính,2026-02-16,57,1028,0.796,10,"7,8",5,10.3,8.8,10.0,Đạt
SV2602167,Công nghệ thông tin,nữ,18-22,Không,Trực tuyến,Nghệ An,Máy tính,11-02-2026,53,560,0.459,6,6.0,5,5.4,8.2,7.8,Đạt
SV2601266,Công nghệ thông tin,Nam,Trên 40,Có,Kết hợp,TP Hồ Chí Minh,Máy tính,2026-01-28,35,942,0.94,7,7.2,4,12.3,6.4,8.3,Đạt
SV2602457,Quản trị kinh doanh,Nam,23-30,Có,Trực tuyến,Bắc Ninh,Điện thoại,21/01/2026,28,861,0.867,3,6.3,5,14.0,,6.4,Đạt
SV2602277,Kế toán,Nữ,18-22,Không,Kết hợp,Hà Nội,Máy tính,2026-02-15,28,1072,0.412,5,"5,7",3,7.0,6.6,4.7,Đạt
SV2600204,Kế toán,Nam,23-30,Có,Trực tuyến,Hà Nội,Máy tính,2026-01-26,43,1100,0.48,3,3.3,2,6.7,5.6,6.3,Đạt
SV2602468,Kinh tế,Khác,31-40,Có,Trực tuyến,Hà Nội,Điện thoại,08/02/2026,32,538,0.538,7,5.7,1,7.6,4.9,6.3,Đạt
SV2601889,Kế toán,Nam,31-40,Có,Trực tuyến,Thái Nguyên,Máy tính,14/02/2026,11,1038,0.679,6,6.3,2,4.0,5.8,6.1,Đạt
SV2601888,Công nghệ thông tin,Nam,31-40,CO,Kết hợp,Hà Nội,Điện thoại,22-01-2026,26,20,0.41,5,6.7,0,22.5,3.4,6.7,Đạt
SV2602013,Kinh tế,Nam,18-22,Không,Trực tuyến,Bình Dương,Máy tính,2026-02-04,51,1290,0.891,10,6.5,5,17.2,7.4,8.0,Đạt
SV2600502,Quản trị kinh doanh,Nữ,23-30,Có,Trực tuyến,TP Hồ Chí Minh,Máy tính,24-01-2026,47,1379,0.891,10,8.4,8,17.8,8.2,7.9,Đạt
SV2600694,Công nghệ thông tin,Nữ,31-40,Có,Trực tuyến,Hà Nội,Máy tính,2026-02-14,42,579,0.45,6,6.7,1,5.3,5.2,6.1,Đạt
SV2600908,Kinh tế,Nữ,23-30,Có,Trực tuyến,Hà Nội,Máy tính,2026-02-13,50,977,0.324,5,8.8,0,1.9,4.1,6.2,Đạt
SV2601648,Công nghệ thông tin,Nữ,23-30,Có,Kết hợp,Thái Nguyên,,2026-02-08,13,1111,0.631,5,8.0,1,29.6,6.3,6.1,Đạt
SV2601755,Công nghệ thông tin,Nam,23-30,Không,Trực tuyến,TP Hồ Chí Minh,Máy tính,29/01/2026,43,613,0.885,10,6.4,3,2.1,5.7,7.9,Đạt
SV2600171,Kinh tế,Nữ,18-22,Không,Trực tuyến,Hà Nội,Máy tính,2026-01-24,43,1160,0.545,5,3.7,2,1.2,3.6,6.1,Đạt
SV2600288,Luật,Nữ,18-22,Không,Trực tuyến,Thanh Hóa,Máy tính,2026-02-12,38,1042,0.684,5,7.0,5,6.3,8.1,7.7,Đạt
SV2602093,Ngôn ngữ Anh,Nữ,18-22,Có,Kết hợp,,Máy tính,27-01-2026,57,1387,0.56,6,7.7,11,8.1,8.7,9.8,Đạt
SV2601559,Công nghệ thông tin,Nữ,18-22,Có,Trực tuyến,Hà Nội,Điện thoại,01/02/2026,24,1375,0.647,7,8.7,2,17.7,8.4,9.7,Đạt
SV2602467,Quản trị kinh doanh,Nữ,18-22,Không,Trực tuyến,TP Hồ Chí Minh,Điện thoại,2026-02-09,34,1436,0.571,10,4.1,3,11.6,5.7,8.6,Đạt
SV2602846,Du lịch,Nữ,18-22,Không,Trực tuyến,TP Hồ Chí Minh,Máy tính,20-01-2026,50,1178,0.758,10,8.5,7,4.3,9.3,9.1,Đạt
SV2601336,Quản trị kinh doanh,Nam,23-30,Không,Kết hợp,Quảng Ninh,Máy tính,2026-02-04,45,1554,0.607,10,7.0,7,0.8,6.0,7.1,Đạt
SV2600560,Công nghệ thông tin,Nữ,23-30,Không,Trực tuyến,Đà Nẵng,Điện thoại,31/01/2026,40,1018,0.806,9,4.2,4,5.5,4.9,6.5,Đạt
SV2602782,Kinh tế,Nam,23-30,Có,Trực tuyến,Nghệ An,Điện thoại,22/01/2026,22,593,0.532,9,8.9,7,26.3,4.8,6.7,Đạt
SV2600195,Công nghệ thông tin,Nam,18-22,Không,Trực tuyến,Cần Thơ,Máy tính,28/01/2026,36,1353,1.0,10,8.1,3,10.8,8.2,8.1,Đạt
SV2600564,Kế toán,Nam,31-40,Có,Trực tuyến,Đà Nẵng,Điện thoại,2026-01-26,29,575,0.449,6,6.2,0,10.6,3.4,5.7,Đạt
SV2601632,Du lịch,Nam,23-30,Không,Kết hợp,Thái Nguyên,Điện thoại,09-02-2026,25,1317,0.617,9,3.6,2,47.7,5.1,0.6,Không đạt
SV2602415,Công nghệ thông tin,Nữ,23-30,Có,Trực tuyến,Hà Nội,Máy tính,22/01/2026,26,907,0.458,7,6.7,1,37.9,5.5,5.4,Đạt
SV2600625,Quản trị kinh doanh,Nữ,23-30,Có,Kết hợp,Lâm Đồng,Điện thoại,2026-01-22,49,941,0.921,10,9.0,6,28.3,9.4,9.1,Đạt
SV2602861,Ngôn ngữ Anh,Nam,18-22,Không,Trực tuyến,Đà Nẵng,Máy tính,2026-02-07,52,968,0.787,7,5.5,5,3.1,6.1,6.1,Đạt
SV2602265,Kế toán,Nam,23-30,Có,Kết hợp,Bình Dương,Điện thoại,07-02-2026,44,1144,1.0,9,7.3,4,7.2,7.9,6.3,Đạt
SV2602920,Luật,Nam,23-30,Có,Trực tuyến,Thanh Hóa,Điện thoại,2026-02-11,52,879,0.583,6,7.5,6,3.1,3.9,6.8,Đạt
SV2601361,Quản trị kinh doanh,Nữ,Trên 40,Có,Trực tuyến,Quảng Ninh,Điện thoại,2026-02-16,21,599,0.419,5,4.4,3,37.6,2.6,4.0,Đạt
SV2601246,Kinh tế,Nam,23-30,Có,Kết hợp,Đồng Nai,Điện thoại,2026-01-27,47,781,0.702,7,6.8,0,15.9,4.0,3.7,Không đạt
SV2601708,Kinh tế,Nam,31-40,Không,Trực tuyến,Hà Nội,Máy tính,2026-01-22,46,1064,0.558,9,7.6,4,39.8,7.5,6.0,Đạt
SV2602916,Du lịch,Nam,18-22,Không,Trực tuyến,TP Hồ Chí Minh,Máy tính,2026-02-06,62,1120,0.866,9,4.4,7,2.8,5.7,8.8,Đạt
SV2601574,Kinh tế,Nam,31-40,Có,Trực tuyến,Hà Nội,Máy tính,2026-02-14,-1,744,0.633,6,5.3,4,45.6,5.6,6.2,Đạt
SV2601887,Ngôn ngữ Anh,Nam,23-30,Có,Trực tuyến,Bắc Ninh,Máy tính,04/02/2026,42,796,0.731,7,6.7,5,12.4,7.0,9.2,Đạt
SV2602178,Quản trị kinh doanh,Nữ,31-40,Có,Trực tuyến,Lâm Đồng,Máy tính bảng,2026-01-28,29,564,0.383,4,7.6,2,14.9,3.8,4.1,Đạt
SV2600174,Quản trị kinh doanh,Nữ,18-22,Không,Kết hợp,Quảng Ninh,Điện thoại,16/02/2026,51,1503,0.898,10,7.1,5,4.1,10.0,8.9,Đạt
SV2602021,Kế toán,Nữ,18-22,Không,Kết hợp,Đồng Nai,Máy tính,2026-02-13,57,816,0.506,7,6.6,6,10.9,5.6,6.0,Đạt
SV2600254,Ngôn ngữ Anh,Nam,23-30,Có,Trực tuyến,Thanh Hóa,Điện thoại,09/02/2026,10,782,0.243,0,0.0,1,40.7,2.9,0.7,Không đạt
SV2602906,Công nghệ thông tin,Nữ,18-22,Không,Trực tuyến,Bình Dương,Điện thoại,2026-02-10,48,852,0.712,10,8.2,6,8.9,5.0,5.0,Đạt
SV2601407,Kinh tế,Nam,31-40,Có,Kết hợp,TP Hồ Chí Minh,Máy tính,2026-01-28,53,1261,0.746,5,9.5,4,9.3,8.6,7.8,Đạt
SV2601814,Kế toán,Nam,18-22,Không,Trực tuyến,Thanh Hóa,Điện thoại,2026-02-04,44,1178,0.699,9,7.3,3,1.1,8.8,7.8,Đạt
SV2601209,Ngôn ngữ Anh,Nam,18-22,Không,Trực tuyến,Thanh Hóa,Máy tính,2026-02-02,59,947,0.738,10,9.5,5,18.8,9.1,10.0,Đạt
SV2601213,Quản trị kinh doanh,Nam,18-22,Không,Trực tuyến,Khánh Hòa,Điện thoại,31/01/2026,26,954,0.84,8,7.0,3,2.0,6.4,8.2,Đạt
SV2600392,Quản trị kinh doanh,Nam,23-30,Có,Trực tuyến,Nghệ An,Máy tính,09-02-2026,30,940,,6,5.0,1,20.6,5.7,5.7,Đạt
SV2600371,Công nghệ thông tin,Nam,23-30,Không,Trực tuyến,TP Hồ Chí Minh,Điện thoại,2026-02-02,33,721,0.496,7,2.5,0,11.9,4.5,4.0,Đạt
SV2602008,Kinh tế,Nữ,23-30,Có,Trực tuyến,Bắc Ninh,Máy tính,2026-02-15,48,628,0.663,8,9.3,1,8.8,5.3,8.7,Đạt
SV2601884,Công nghệ thông tin,Nữ,23-30,Có,Trực tuyến,Hà Nội,Máy tính,29-01-2026,24,402,0.458,4,6.4,1,32.1,4.5,4.2,Đạt
SV2600548,Luật,Nữ,18-22,Không,Kết hợp,Thanh Hóa,Máy tính,2026-01-23,35,1142,0.888,6,6.4,3,8.1,6.4,6.1,Đạt
SV2600914,Công nghệ thông tin,Nữ,23-30,Có,Trực tuyến,Hưng Yên,Điện thoại,2026-01-31,14,591,0.111,4,4.9,0,26.1,6.2,3.1,Không đạt
SV2601671,Quản trị kinh doanh,Nữ,23-30,Có,Trực tuyến,Hà Nội,Máy tính,08-02-2026,35,691,0.652,5,5.5,1,13.8,6.1,8.6,Đạt
SV2601799,Công nghệ thông tin,Nam,23-30,Có,Trực tuyến,Hải Phòng,Điện thoại,01/02/2026,59,1323,0.861,9,8.7,3,3.6,7.1,8.1,Đạt
SV2600058,Kinh tế,Nữ,18-22,Có,Trực tuyến,Cần Thơ,Máy tính,20/01/2026,53,477,0.823,6,9.1,0,68.3,,6.6,Đạt
SV2600610,Kinh tế,Nữ,23-30,Có,Trực tuyến,Đà Nẵng,Máy tính,04-02-2026,50,1176,0.468,10,6.5,3,18.2,5.4,5.4,Đạt
SV2602138,Kế toán,Nữ,31-40,Có,Trực tuyến,Đồng Nai,Máy tính,24/01/2026,56,823,0.554,5,7.9,3,32.6,6.5,8.2,Đạt
SV2602659,Công nghệ thông tin,Nam,18-22,Không,Trực tuyến,Khánh Hòa,Điện thoại,29/01/2026,50,1097,0.705,10,6.5,1,5.0,7.3,9.8,Đạt
SV2602453,Du lịch,Nam,31-40,Có,Kết hợp,Hà Nội,Máy tính,16/02/2026,27,738,0.598,10,6.3,5,8.6,6.7,6.0,Đạt
SV2602918,Kế toán,Nữ,18-22,Không,Trực tuyến,TP Hồ Chí Minh,Máy tính,13-02-2026,66,1064,1.0,9,8.0,4,2.2,6.0,9.8,Đạt
SV2600698,Quản trị kinh doanh,Nam,23-30,Có,Trực tuyến,Đà Nẵng,Máy tính,2026-02-02,44,863,0.302,10,9.0,4,3.9,7.0,7.9,Đạt
SV2602842,Công nghệ thông tin,Nam,18-22,Không,Trực tuyến,Cần Thơ,Điện thoại,13/02/2026,39,1248,0.705,9,7.8,1,25.8,,6.0,Đạt
SV2601876,Công nghệ thông tin,nam,31-40,Có,Trực tuyến,Hà Nội,Điện thoại,05/02/2026,31,640,0.392,4,6.2,1,10.0,5.1,5.2,Đạt
SV2600857,Kinh tế,Nam,18-22,Không,Trực tuyến,Hà Nội,Máy tính,2026-01-25,37,1114,0.794,9,7.3,2,3.1,7.3,8.7,Đạt
SV2601329,Công nghệ thông tin,Nam,18-22,Không,Trực tuyến,Khánh Hòa,Điện thoại,28-01-2026,43,1269,,5,6.9,1,9.6,4.0,7.3,Đạt
SV2600587,Kế toán,Nam,31-40,Có,Trực tuyến,Hà Nội,Máy tính,2026-02-01,41,996,0.809,10,9.5,7,0.9,9.0,10.0,Đạt
SV2600612,Du lịch,Nam,18-22,Có,Trực tuyến,Hà Nội,Máy tính,21-01-2026,31,20,0.552,6,7.3,2,7.5,3.7,6.9,Đạt
SV2602520,Du lịch,Nữ,18-22,Không,Trực tuyến,Nghệ An,Máy tính,14/02/2026,50,99999,0.801,9,9.4,4,3.2,10.0,10.0,Đạt
SV2602243,Công nghệ thông tin,Nữ,18-22,Không,Kết hợp,Cần Thơ,Máy tính,2026-01-20,35,631,0.602,5,"7,0",5,17.1,6.1,4.2,Đạt
SV2602847,Quản trị kinh doanh,Nữ,18-22,Không,Trực tuyến,TP Hồ Chí Minh,,2026-01-31,52,1045,0.682,4,6.3,1,31.8,8.2,3.1,Không đạt
SV2600777,Công nghệ thông tin,Nam,18-22,Không,Trực tuyến,Hà Nội,Máy tính,25-01-2026,57,1017,0.813,9,6.3,6,12.5,8.0,7.6,Đạt
SV2600333,Luật,Nam,31-40,Không,Trực tuyến,TP Hồ Chí Minh,Điện thoại,2026-01-29,53,1024,0.591,8,6.7,9,26.4,,6.3,Đạt
SV2602411,Luật,Nam,23-30,Có,Trực tuyến,Hà Nội,Điện thoại,12/02/2026,46,1123,0.744,7,9.2,6,59.4,8.6,8.8,Đạt
SV2600575,Công nghệ thông tin,Nam,23-30,Không,Trực tuyến,Quảng Ninh,Máy tính,15/02/2026,32,749,0.315,5,7.4,0,1.4,6.2,6.5,Đạt
SV2601778,Công nghệ thông tin,Nam,18-22,Không,Kết hợp,Bắc Ninh,Điện thoại,2026-02-15,27,755,0.766,8,5.8,2,8.1,,6.1,Đạt
SV2600486,Công nghệ thông tin,Nam,18-22,Không,Trực tuyến,TP Hồ Chí Minh,Máy tính,2026-01-28,46,864,0.789,8,2.9,4,4.7,7.7,6.1,Đạt
SV2600991,Công nghệ thông tin,Nữ,18-22,Không,Trực tuyến,Quảng Ninh,Máy tính,2026-01-31,58,1242,0.957,10,7.2,5,8.1,7.1,9.8,Đạt
SV2601027,Công nghệ thông tin,Nam,23-30,Có,Trực tuyến,Bình Dương,Máy tính,15/02/2026,64,1060,0.72,9,"7,1",2,3.0,8.4,7.4,Đạt
SV2600185,Công nghệ thông tin,Nam,18-22,Có,Trực tuyến,Đồng Nai,Máy tính,07/02/2026,46,1452,0.69,10,7.1,9,5.8,7.0,7.5,Đạt
SV2601993,Kế toán,Nữ,23-30,Không,Trực tuyến,Quảng Ninh,Máy tính,2026-01-25,55,1574,1.0,10,7.2,5,10.2,8.5,8.7,Đạt
SV2602349,Du lịch,Nam,18-22,Không,Trực tuyến,Hà Nội,Máy tính,2026-01-28,52,1327,1.0,10,9.1,12,5.2,7.2,10.0,Đạt
SV2600477,Công nghệ thông tin,Nam,31-40,Có,Trực tuyến,TP Hồ Chí Minh,,2026-02-12,5,244,0.631,8,7.8,0,14.9,5.8,5.4,Đạt
SV2600628,Kinh tế,Nam,23-30,Có,Kết hợp,Bắc Ninh,Máy tính,27/01/2026,35,1155,0.451,8,6.0,6,2.9,6.8,5.3,Đạt
SV2600014,Quản trị kinh doanh,Nữ,31-40,Có,Kết hợp,Lâm Đồng,Điện thoại,2026-01-23,60,977,0.487,10,9.8,5,5.9,10.0,9.5,Đạt
SV2601208,Kinh tế,Nam,18-22,Có,Trực tuyến,Hà Nội,Điện thoại,2026-02-09,53,1406,0.884,10,9.2,2,5.2,9.2,10.0,Đạt
SV2600591,Ngôn ngữ Anh,Nữ,18-22,Không,Trực tuyến,,Máy tính,2026-02-14,51,1180,1.0,9,8.3,7,5.5,8.6,9.8,Đạt
SV2601414,Kế toán,Nữ,23-30,Có,Trực tuyến,TP Hồ Chí Minh,Máy tính,2026-02-14,44,416,0.581,2,"3,3",1,2.7,2.8,3.7,Không đạt
SV2602673,Công nghệ thông tin,Nữ,23-30,Không,Trực tuyến,Hà Nội,Máy tính,2026-01-30,56,399,0.557,8,5.6,5,27.8,5.8,5.5,Đạt
SV2600979,Công nghệ thông tin,Nam,18-22,Không,Kết hợp,TP Hồ Chí Minh,Máy tính,2026-02-06,43,425,0.406,6,5.0,3,3.5,3.6,4.4,Đạt
SV2601210,Kinh tế,Nam,18-22,Không,Trực tuyến,Thanh Hóa,Máy tính,06/02/2026,53,1300,,9,7.3,5,3.1,5.8,7.1,Đạt
SV2602260,Luật,Nữ,18-22,Không,Trực tuyến,Nghệ An,Máy tính,2026-01-26,46,987,0.87,10,8.1,5,10.9,7.1,8.3,Đạt
SV2602240,Ngôn ngữ Anh,Nữ,18-22,Không,Kết hợp,Thanh Hóa,Máy tính,2026-01-28,34,393,0.379,5,2.5,1,14.8,5.8,2.9,Không đạt
SV2602011,Công nghệ thông tin,Nam,18-22,Có,Trực tuyến,Thanh Hóa,Điện thoại,2026-01-20,56,1318,0.777,10,10.0,7,1.2,9.1,9.7,Đạt
SV2600742,Luật,Nữ,31-40,Có,Trực tuyến,TP Hồ Chí Minh,Máy tính,2026-02-05,14,1095,0.402,9,6.9,3,14.7,4.5,5.9,Đạt
SV2601202,Công nghệ thông tin,Nam,31-40,Có,Trực tuyến,Thanh Hóa,Máy tính,2026-02-08,8,443,0.486,1,5.8,0,36.0,6.1,3.4,Không đạt
SV2600149,Công nghệ thông tin,Nam,18-22,Không,Trực tuyến,Hà Nội,Máy tính,06/02/2026,55,813,0.31,10,6.5,3,73.2,7.4,3.1,Không đạt
SV2600934,Công nghệ thông tin,Nữ,31-40,Có,Trực tuyến,Hà Nội,Máy tính bảng,2026-01-24,43,1066,0.594,6,8.4,4,8.4,6.4,8.8,Đạt
SV2600095,Công nghệ thông tin,Nam,18-22,Không,Trực tuyến,Hà Nội,Máy tính,2026-02-16,46,658,0.907,7,4.5,5,16.1,3.7,4.9,Đạt
SV2600123,Ngôn ngữ Anh,Nữ,18-22,Không,Trực tuyến,Hà Nội,Máy tính,2026-02-14,48,661,,8,5.8,2,4.7,5.2,7.6,Đạt
SV2600521,Luật,Nữ,18-22,Không,Kết hợp,Đà Nẵng,Máy tính,2026-02-05,24,659,0.635,5,6.5,0,39.9,6.4,3.5,Không đạt
SV2600522,Công nghệ thông tin,Nữ,23-30,Không,Trực tuyến,Hải Phòng,Máy tính,27/01/2026,48,783,0.693,7,5.9,2,13.3,7.3,5.8,Đạt
SV2600485,Công nghệ thông tin,Nữ,18-22,Có,Trực tuyến,Bình Dương,Máy tính,04/02/2026,24,838,0.197,4,4.6,0,4.0,7.0,3.0,Không đạt
SV2600273,Quản trị kinh doanh,Nam,23-30,Không,Trực tuyến,Cần Thơ,Điện thoại,2026-02-02,49,873,0.375,5,3.6,2,40.0,1.6,1.1,Không đạt
SV2602945,Công nghệ thông tin,Nam,23-30,Có,Kết hợp,Hà Nội,Máy tính,2026-01-27,22,597,0.54,7,6.9,1,18.4,2.5,4.7,Đạt
SV2600923,Kinh tế,Nữ,18-22,Có,Trực tuyến,TP Hồ Chí Minh,Máy tính,2026-02-09,38,896,0.609,7,7.4,2,14.8,8.0,7.4,Đạt
SV2602285,Ngôn ngữ Anh,Nam,23-30,Có,Trực tuyến,Đồng Nai,Máy tính,13-02-2026,11,289,0.492,6,4.7,0,13.2,6.0,4.9,Đạt
SV2602794,Du lịch,Nam,18-22,Không,Kết hợp,TP Hồ Chí Minh,Máy tính,2026-01-26,23,718,0.295,7,3.7,1,67.0,4.2,0.2,Không đạt
SV2602186,Ngôn ngữ Anh,Nam,23-30,Có,Trực tuyến,Hà Nội,Máy tính,2026-01-28,6,213,0.337,4,4.8,0,4.7,4.0,3.5,Không đạt
SV2601031,Ngôn ngữ Anh,Nam,23-30,Có,Trực tuyến,Hà Nội,Máy tính,2026-01-31,24,644,,6,5.1,3,14.4,6.0,7.6,Đạt
SV2600916,Công nghệ thông tin,Nữ,31-40,Có,Kết hợp,Đồng Nai,Điện thoại,2026-02-09,8,885,0.207,6,5.3,4,16.9,3.7,4.2,Đạt
SV2601615,Công nghệ thông tin,Nữ,18-22,Không,Trực tuyến,TP Hồ Chí Minh,Điện thoại,2026-02-05,44,1013,0.673,7,6.6,8,23.8,6.7,4.8,Đạt
SV2600309,Công nghệ thông tin,Nam,18-22,Không,Trực tuyến,Lâm Đồng,Máy tính,2026-02-12,12,626,0.6,5,7.5,5,21.1,8.8,5.8,Đạt
SV2602181,Kế toán,Nữ,31-40,Có,Trực tuyến,Khánh Hòa,Điện thoại,2026-02-02,43,1080,0.781,7,7.1,3,4.3,7.0,8.3,Đạt
SV2601902,Quản trị kinh doanh,Nam,18-22,Không,Trực tuyến,TP Hồ Chí Minh,Máy tính,2026-01-31,27,1234,0.601,5,"6,1",4,0.8,5.0,6.0,Đạt
SV2602275,Kinh tế,Nam,18-22,Không,Kết hợp,Bình Dương,Máy tính,30/01/2026,18,369,0.494,4,"4,8",2,19.3,1.8,1.2,Không đạt
SV2601238,Kinh tế,Nữ,18-22,Không,Kết hợp,Bắc Ninh,Máy tính,2026-01-29,22,1186,0.976,10,7.1,5,4.3,7.6,6.1,Đạt
SV2602025,Công nghệ thông tin,Nữ,23-30,Có,Kết hợp,TP Hồ Chí Minh,Điện thoại,2026-02-15,24,607,0.678,7,3.5,2,17.9,3.2,4.2,Đạt
SV2602879,Công nghệ thông tin,Nam,23-30,Có,Trực tuyến,TP Hồ Chí Minh,Máy tính bảng,2026-01-25,29,532,0.331,10,3.8,4,4.7,3.6,4.9,Đạt
SV2600089,Luật,Nam,31-40,Có,Trực tuyến,Bình Dương,Điện thoại,29-01-2026,29,430,0.246,7,7.2,2,22.2,5.2,3.8,Không đạt
SV2601644,Quản trị kinh doanh,Nữ,18-22,Có,Trực tuyến,Khánh Hòa,Máy tính bảng,2026-02-13,41,105,0.745,6,4.9,2,12.4,8.1,7.9,Đạt
SV2602992,Kế toán,Nữ,18-22,Không,Kết hợp,Khánh Hòa,Máy tính,2026-01-25,69,1695,,10,9.3,4,2.3,,7.6,Đạt
SV2602980,Luật,Nam,18-22,Có,Trực tuyến,TP Hồ Chí Minh,Máy tính,02/02/2026,20,480,0.513,5,5.2,0,12.8,4.4,4.7,Đạt
SV2601967,Công nghệ thông tin,Nam,23-30,Có,Trực tuyến,Hải Phòng,Máy tính bảng,2026-01-25,34,1812,1.0,10,8.6,6,4.4,8.7,10.0,Đạt
SV2601885,Công nghệ thông tin,Nữ,18-22,Có,Kết hợp,Hà Nội,Máy tính,03/02/2026,27,459,0.382,7,6.2,5,3.4,7.2,4.4,Đạt
SV2600792,Kinh tế,Nam,23-30,Có,Trực tuyến,Hà Nội,Máy tính,03-02-2026,28,439,0.686,4,4.7,1,73.1,6.0,6.5,Đạt
SV2601050,Kế toán,Nam,23-30,Có,Trực tuyến,Đồng Nai,Điện thoại,13-02-2026,43,1294,0.187,3,6.5,3,25.9,,5.3,Đạt
SV2602046,Công nghệ thông tin,Nữ,18-22,Không,Kết hợp,Đồng Nai,Máy tính,02-02-2026,48,1006,1.0,10,"9,0",9,5.7,10.0,8.6,Đạt
SV2601157,Kế toán,Nam,18-22,Không,Trực tuyến,TP Hồ Chí Minh,Máy tính,2026-02-09,52,1191,0.634,8,7.1,3,0.7,6.5,10.0,Đạt
SV2601684,Kế toán,Nữ,23-30,Có,Trực tuyến,Đà Nẵng,Máy tính,2026-01-23,27,1193,0.461,3,5.2,2,7.2,3.7,5.1,Đạt
SV2600924,Công nghệ thông tin,Nữ,18-22,Có,Trực tuyến,Thanh Hóa,Máy tính,2026-02-01,15,1063,0.673,7,8.6,3,0.9,6.0,6.6,Đạt
SV2600749,Công nghệ thông tin,khác,18-22,Không,Trực tuyến,Hải Phòng,Máy tính,2026-01-21,28,596,0.703,10,5.7,2,12.7,6.9,6.5,Đạt
SV2600770,Quản trị kinh doanh,Nữ,23-30,Không,Kết hợp,Bắc Ninh,Điện thoại,04/02/2026,41,1033,0.629,10,7.5,4,27.7,8.0,5.2,Đạt
SV2601996,Du lịch,Nam,23-30,Có,Kết hợp,Hà Nội,Máy tính,2026-02-09,41,1259,0.789,8,6.7,2,24.6,3.4,5.5,Đạt
SV2600317,Kế toán,Nữ,31-40,Có,Trực tuyến,Thái Nguyên,Máy tính,25-01-2026,10,20,0.523,8,3.5,0,16.8,3.8,2.5,Không đạt
SV2602596,Luật,Nam,18-22,Không,Kết hợp,Hải Phòng,Máy tính,06-02-2026,41,1115,0.684,6,7.0,5,2.2,6.6,6.9,Đạt
SV2600907,Công nghệ thông tin,Nữ,23-30,Có,Trực tuyến,Hà Nội,Máy tính,2026-01-30,30,983,0.72,7,5.2,5,3.1,6.8,6.9,Đạt
SV2600635,Công nghệ thông tin,Nam,31-40,Có,Kết hợp,Thái Nguyên,Điện thoại,2026-02-06,42,944,1.0,9,4.8,6,8.9,7.7,5.7,Đạt
SV2601500,Kinh tế,Nữ,23-30,Có,Trực tuyến,TP Hồ Chí Minh,Máy tính,28/01/2026,42,1277,0.634,5,7.3,0,6.9,6.3,6.7,Đạt
SV2601551,Ngôn ngữ Anh,Nữ,23-30,Không,Kết hợp,Bắc Ninh,Điện thoại,12/02/2026,41,1206,0.684,7,8.0,5,5.0,5.3,7.7,Đạt
SV2601599,Kinh tế,Nam,18-22,Không,Kết hợp,Đồng Nai,Máy tính,2026-01-29,52,813,0.422,7,9.4,8,22.7,5.7,4.7,Đạt
SV2601185,Kế toán,Nam,23-30,Có,Trực tuyến,Hà Nội,Điện thoại,23/01/2026,39,1119,0.744,4,3.3,2,3.6,4.1,6.0,Đạt
SV2602412,Luật,Nữ,Trên 40,Có,Trực tuyến,Quảng Ninh,Điện thoại,2026-01-22,31,997,0.38,5,8.4,2,32.7,4.5,5.6,Đạt
SV2600213,Kinh tế,Nam,23-30,Có,Trực tuyến,Đà Nẵng,Điện thoại,09/02/2026,29,354,0.495,8,4.8,1,0.9,6.2,7.8,Đạt
SV2601791,Kinh tế,Khác,23-30,Có,Kết hợp,Quảng Ninh,Điện thoại,23/01/2026,31,306,0.381,5,7.9,2,23.2,,5.8,Đạt
SV2600298,Kinh tế,nam,23-30,Không,Trực tuyến,Hưng Yên,Máy tính,25-01-2026,40,1100,0.611,6,3.9,1,5.0,4.5,6.8,Đạt
SV2600164,Kế toán,Nam,23-30,Không,Trực tuyến,TP Hồ Chí Minh,Máy tính,2026-02-11,46,1414,0.93,8,10.0,6,1.3,7.2,7.6,Đạt
SV2602507,Kinh tế,Nữ,Trên 40,Có,Trực tuyến,TP Hồ Chí Minh,Máy tính,2026-01-21,27,582,0.291,5,4.5,2,10.5,4.2,5.6,Đạt
SV2602649,Luật,nữ,18-22,Có,Kết hợp,Bắc Ninh,Điện thoại,03/02/2026,32,418,0.533,3,4.1,1,8.5,4.4,3.9,Không đạt
SV2601033,Kinh tế,Nữ,18-22,Không,Trực tuyến,,Máy tính,2026-01-31,23,639,0.309,9,4.5,2,9.5,5.4,4.0,Đạt
SV2600257,Luật,Nữ,31-40,Có,Kết hợp,,Máy tính,14-02-2026,41,872,0.817,10,6.6,3,22.6,7.8,7.4,Đạt
SV2602137,Công nghệ thông tin,Nam,18-22,Không,Trực tuyến,Hải Phòng,Máy tính,2026-02-07,37,742,0.761,7,8.4,3,228.0,8.2,8.1,Đạt
SV2601035,Công nghệ thông tin,Nữ,18-22,Không,Kết hợp,Hà Nội,Điện thoại,2026-01-22,19,686,0.756,9,6.1,2,19.4,,4.9,Đạt
SV2600255,Kế toán,Nữ,18-22,Không,Kết hợp,Thái Nguyên,Điện thoại,02-02-2026,41,994,0.604,7,5.1,1,2.7,5.0,4.1,Đạt
SV2602264,Công nghệ thông tin,Nữ,18-22,Có,Kết hợp,Thanh Hóa,Máy tính bảng,2026-01-20,41,549,0.655,6,3.6,6,5.5,6.1,5.0,Đạt
SV2601333,Công nghệ thông tin,Nữ,23-30,Có,Trực tuyến,Bắc Ninh,Máy tính,2026-02-12,8,956,0.184,1,2.6,1,7.0,1.5,2.0,Không đạt
SV2601839,Quản trị kinh doanh,Nữ,31-40,Có,Trực tuyến,Hà Nội,Máy tính,2026-02-05,11,229,0.175,3,5.6,0,29.4,2.8,1.1,Không đạt
SV2600277,Kinh tế,Nam,Trên 40,Có,Trực tuyến,Hà Nội,Điện thoại,2026-02-05,43,1610,0.634,10,7.7,8,7.7,6.6,8.0,Đạt
SV2602739,Du lịch,Nữ,23-30,Có,Trực tuyến,Hải Phòng,Máy tính,2026-01-22,47,1463,0.407,8,10.0,5,0.7,8.8,9.2,Đạt
SV2602629,Công nghệ thông tin,Nam,23-30,Không,Kết hợp,TP Hồ Chí Minh,Điện thoại,2026-01-23,24,812,0.572,10,8.9,7,8.2,6.6,7.6,Đạt
SV2600489,Công nghệ thông tin,Nam,18-22,Có,Trực tuyến,Nghệ An,Điện thoại,09/02/2026,40,402,0.498,6,9.2,9,27.1,8.2,7.3,Đạt
SV2602483,Công nghệ thông tin,Nữ,18-22,Không,Kết hợp,Đà Nẵng,Điện thoại,2026-01-27,41,1109,0.402,10,5.5,5,26.3,7.9,4.7,Đạt
SV2600236,Du lịch,Nam,18-22,Không,Trực tuyến,Quảng Ninh,Máy tính,15/02/2026,65,1949,0.996,10,8.1,5,2.4,,9.9,Đạt
SV2600085,Công nghệ thông tin,Nam,23-30,Có,Trực tuyến,Hưng Yên,Máy tính,2026-01-23,26,855,0.875,6,7.8,2,6.8,6.2,7.9,Đạt
SV2602616,Công nghệ thông tin,Nam,Trên 40,Có,Kết hợp,TP Hồ Chí Minh,Máy tính,2026-01-24,46,88,0.378,5,7.1,1,9.9,6.1,4.8,Đạt
SV2600124,Ngôn ngữ Anh,Nam,23-30,Không,Kết hợp,Đà Nẵng,Máy tính,2026-02-10,51,721,0.163,10,6.7,3,30.4,6.3,2.6,Không đạt
SV2600062,Ngôn ngữ Anh,Nam,18-22,Có,Trực tuyến,Nghệ An,Máy tính,27/01/2026,26,1007,0.517,7,5.8,0,37.0,7.1,6.5,Đạt
SV2601038,Kế toán,Nam,18-22,Không,Kết hợp,Đồng Nai,Điện thoại,11/02/2026,48,683,0.54,8,5.2,0,10.3,4.8,3.4,Không đạt
SV2601731,Công nghệ thông tin,Nữ,18-22,Có,Trực tuyến,Hưng Yên,Máy tính,04-02-2026,11,719,0.647,8,4.5,5,9.8,,7.5,Đạt
SV2601239,Luật,nữ,31-40,Có,Trực tuyến,Hà Nội,Máy tính,2026-02-05,51,643,0.347,5,7.9,1,3.3,5.5,6.6,Đạt
SV2600706,Công nghệ thông tin,Nam,18-22,Không,Kết hợp,Hà Nội,Điện thoại,2026-01-21,40,1237,0.888,8,8.1,2,12.0,8.3,8.0,Đạt
SV2602964,Luật,Nữ,18-22,Không,Trực tuyến,Thanh Hóa,Máy tính,2026-01-31,52,1160,0.874,7,"8,9",4,5.7,7.0,9.1,Đạt
SV2601553,Công nghệ thông tin,Nam,23-30,Không,Trực tuyến,Đà Nẵng,Máy tính,16-02-2026,67,785,0.734,8,7.2,2,38.9,5.3,5.0,Đạt
SV2602829,Luật,Nam,18-22,Không,Trực tuyến,Cần Thơ,Điện thoại,29/01/2026,15,740,0.0,7,6.1,2,1.5,4.5,2.9,Không đạt
SV2602569,Kinh tế,Nữ,18-22,Không,Trực tuyến,Bắc Ninh,,2026-01-26,41,1199,0.769,7,8.1,1,12.0,5.8,7.4,Đạt
SV2602449,Kế toán,Nữ,18-22,Không,Trực tuyến,Hải Phòng,Điện thoại,2026-02-03,63,847,1.0,9,"7,7",5,37.0,6.5,7.6,Đạt
SV2602139,Ngôn ngữ Anh,Nữ,18-22,Không,Trực tuyến,Lâm Đồng,Điện thoại,2026-02-10,22,1218,0.313,8,6.5,1,21.1,2.6,1.7,Không đạt
SV2600906,Quản trị kinh doanh,Nam,31-40,Có,Trực tuyến,Đà Nẵng,Điện thoại,2026-01-30,32,872,0.889,7,5.4,8,7.9,9.0,9.9,Đạt
SV2602162,Công nghệ thông tin,Nam,23-30,Không,Kết hợp,Hà Nội,Điện thoại,2026-02-15,32,433,0.187,7,9.0,2,12.1,3.4,5.1,Đạt
SV2602565,Luật,Nữ,Trên 40,Có,Kết hợp,TP Hồ Chí Minh,Máy tính bảng,2026-02-11,35,1287,0.764,6,6.9,2,11.1,7.1,6.5,Đạt
SV2602311,Quản trị kinh doanh,Nam,31-40,Có,Trực tuyến,Bắc Ninh,Máy tính,2026-01-28,37,576,0.494,6,10.0,1,19.3,4.4,5.1,Đạt
SV2602250,Kinh tế,Nam,23-30,Có,Trực tuyến,Hà Nội,Điện thoại,10-02-2026,36,277,0.375,6,5.9,0,11.7,5.4,3.1,Không đạt
SV2600217,Công nghệ thông tin,Nam,23-30,Không,Trực tuyến,Nghệ An,Máy tính,2026-02-10,27,633,0.42,8,3.9,2,11.5,6.8,6.0,Đạt
SV2600904,Ngôn ngữ Anh,Nữ,31-40,Có,Trực tuyến,Hà Nội,Điện thoại,2026-02-03,18,736,0.453,6,6.7,4,26.5,6.9,6.4,Đạt
SV2602634,Công nghệ thông tin,Nam,18-22,Không,Kết hợp,Bình Dương,Điện thoại,28-01-2026,41,1108,0.628,4,8.6,5,8.0,6.3,3.7,Không đạt
SV2601803,Công nghệ thông tin,Nam,18-22,Không,Trực tuyến,Hà Nội,Máy tính,2026-02-16,8,634,0.545,6,3.7,3,12.7,6.9,5.6,Đạt
SV2600537,Quản trị kinh doanh,Nam,23-30,Có,Trực tuyến,TP Hồ Chí Minh,Máy tính,2026-02-12,30,844,0.67,5,3.4,2,14.3,6.3,7.3,Đạt
SV2601776,Kế toán,Nữ,18-22,Có,Trực tuyến,Đà Nẵng,Điện thoại,29-01-2026,28,522,0.586,4,6.9,3,10.9,6.7,7.5,Đạt
SV2600460,Công nghệ thông tin,Nữ,23-30,Không,Trực tuyến,Thanh Hóa,Máy tính,15-02-2026,36,587,0.693,7,6.1,4,4.9,6.8,7.2,Đạt
SV2602130,Công nghệ thông tin,Nam,23-30,Có,Trực tuyến,Hà Nội,Điện thoại,2026-02-14,46,523,0.714,4,4.0,0,6.6,4.6,5.3,Đạt
SV2601955,Kinh tế,Khác,18-22,Không,Trực tuyến,Hà Nội,Máy tính bảng,2026-02-15,21,361,0.375,3,4.8,0,28.8,3.1,2.1,Không đạt
SV2600787,Kinh tế,Nữ,23-30,Có,Trực tuyến,Hải Phòng,Điện thoại,2026-01-31,24,1072,0.336,3,4.1,3,31.8,5.4,4.5,Đạt
SV2602385,Công nghệ thông tin,Nữ,18-22,Không,Trực tuyến,Đồng Nai,Máy tính,2026-01-21,34,1146,0.782,9,8.6,3,5.5,6.1,7.5,Đạt
SV2602518, Du lịch ,Nữ,18-22,Không,Kết hợp,Nghệ An,Điện thoại,2026-02-11,76,1733,0.967,10,8.0,3,6.7,6.8,6.2,Đạt
SV2602060,Công nghệ thông tin,Nam,18-22,Có,Trực tuyến,Lâm Đồng,Điện thoại,2026-02-07,31,584,0.642,7,9.7,1,18.2,3.9,6.3,Đạt
SV2601931,Kế toán,Nam,23-30,Có,Trực tuyến,Đà Nẵng,Điện thoại,2026-01-31,40,514,0.493,4,7.3,2,10.6,5.9,8.0,Đạt
SV2602417,Ngôn ngữ Anh,Nam,18-22,Không,Trực tuyến,Bình Dương,Điện thoại,2026-02-01,22,891,,9,6.4,3,37.2,5.6,2.9,Không đạt
SV2602495,Ngôn ngữ Anh,Nữ,31-40,Có,Kết hợp,Hà Nội,Máy tính,2026-02-12,17,499,0.553,4,6.3,2,8.8,7.0,6.6,Đạt
SV2600507,Công nghệ thông tin,Nam,31-40,Có,Trực tuyến,TP Hồ Chí Minh,Máy tính,02/02/2026,48,803,0.765,8,8.7,6,4.7,5.6,7.1,Đạt
SV2602035,Luật,Nam,23-30,Có,Trực tuyến,TP Hồ Chí Minh,Máy tính bảng,2026-01-24,46,549,0.546,10,6.8,2,6.4,7.1,8.4,Đạt
SV2602329,Công nghệ thông tin,Nam,23-30,Có,Trực tuyến,Đà Nẵng,Điện thoại,26-01-2026,45,257,0.415,6,5.4,1,11.2,4.6,3.6,Không đạt
SV2601906,Công nghệ thông tin,Nam,31-40,Có,Trực tuyến,Hải Phòng,Máy tính,2026-01-26,25,367,0.638,5,4.9,0,20.1,4.5,4.2,Đạt
SV2600520,Kế toán,Nam,31-40,Có,Trực tuyến,Thanh Hóa,Máy tính,2026-01-28,22,830,,4,6.6,1,6.1,3.9,4.2,Đạt
SV2602012,Quản trị kinh doanh,Nữ,18-22,Không,Trực tuyến,Hà Nội,Máy tính,2026-02-07,59,782,0.585,9,7.2,4,33.9,4.0,4.0,Đạt
SV2600719,Ngôn ngữ Anh,Nam,23-30,Có,Trực tuyến,Đà Nẵng,Điện thoại,08/02/2026,81,1560,0.575,10,7.3,8,6.4,6.3,10.0,Đạt
SV2600574,Ngôn ngữ Anh,Nữ,18-22,Không,Trực tuyến,TP Hồ Chí Minh,Điện thoại,2026-01-23,32,631,,4,5.5,1,36.2,6.5,3.1,Không đạt
SV2601695,Công nghệ thông tin,Nam,23-30,Có,Trực tuyến,Thanh Hóa,Điện thoại,2026-01-23,41,990,0.635,7,8.2,4,11.1,,8.5,Đạt
SV2601227,Quản trị kinh doanh,Nam,23-30,Không,Trực tuyến,Cần Thơ,Máy tính,16/02/2026,65,1524,0.645,9,7.1,4,6.7,,7.0,Đạt
SV2600984,Ngôn ngữ Anh,nữ,23-30,Có,Trực tuyến,Đồng Nai,Điện thoại,26/01/2026,37,880,0.604,9,7.7,6,9.1,7.1,8.5,Đạt
SV2602140,Công nghệ thông tin,Nam,18-22,Có,Trực tuyến,Hà Nội,Điện thoại,08-02-2026,33,739,0.561,2,7.6,2,8.4,6.1,6.9,Đạt
SV2602816,Công nghệ thông tin,nữ,31-40,Có,Trực tuyến,Thái Nguyên,Máy tính,2026-01-25,38,916,0.81,4,7.6,2,16.6,2.4,5.9,Đạt
SV2602886,Luật,Nam,18-22,Không,Trực tuyến,Hà Nội,Máy tính,2026-01-20,18,971,0.195,3,5.8,0,14.5,2.6,1.6,Không đạt
SV2602731,Kinh tế,Nữ,18-22,Không,Kết hợp,Thái Nguyên,Máy tính,23/01/2026,42,1033,0.631,8,4.6,1,4.9,3.8,3.6,Không đạt
SV2602377,Quản trị kinh doanh,Nam,31-40,Có,Trực tuyến,Lâm Đồng,Điện thoại,2026-02-15,37,828,,4,5.7,0,12.1,6.1,5.3,Đạt
SV2601709,Công nghệ thông tin,Nam,23-30,Có,Trực tuyến,Hà Nội,Máy tính,2026-01-31,45,1064,0.659,8,7.2,2,0.7,7.4,7.6,Đạt
SV2601903,Kinh tế,Nữ,18-22,Không,Trực tuyến,Cần Thơ,Điện thoại,01/02/2026,30,535,0.406,7,"1,4",3,11.9,3.4,3.2,Không đạt
SV2601184,Công nghệ thông tin,Nam,23-30,Có,Kết hợp,Bình Dương,Máy tính,22-01-2026,28,585,0.351,4,6.4,2,8.7,5.7,2.6,Không đạt
SV2602272,Kinh tế,Nữ,23-30,Có,Trực tuyến,Quảng Ninh,Điện thoại,2026-01-27,27,1156,0.634,5,5.9,2,12.1,3.9,6.8,Đạt
SV2600714,Kinh tế,Nam,18-22,Không,Trực tuyến,Hưng Yên,Máy tính,2026-02-16,46,259,0.608,10,4.3,1,9.0,7.3,5.6,Đạt
SV2600572,Kinh tế,Nam,23-30,Có,Trực tuyến,TP Hồ Chí Minh,Điện thoại,29/01/2026,31,20,0.61,7,6.5,1,5.8,5.7,6.7,Đạt
SV2601290,Công nghệ thông tin,Nam,23-30,Có,Kết hợp,Hà Nội,Máy tính bảng,21/01/2026,38,313,0.542,7,5.7,4,0.6,8.4,6.4,Đạt
SV2601225,Công nghệ thông tin,Nam,23-30,Không,Trực tuyến,Cần Thơ,Điện thoại,2026-02-05,72,759,,3,7.9,1,43.3,7.4,2.4,Không đạt
SV2601947,Kinh tế,Nữ,18-22,Không,Trực tuyến,Hà Nội,Máy tính,2026-01-21,38,648,0.66,5,4.5,3,20.9,4.5,3.7,Không đạt
SV2602020,Ngôn ngữ Anh,Nam,18-22,Có,Kết hợp,Hà Nội,Máy tính bảng,2026-02-05,41,1397,0.736,8,6.1,5,0.4,5.3,7.9,Đạt
SV2602179,Quản trị kinh doanh,Nữ,18-22,Có,Trực tuyến,Thanh Hóa,Máy tính bảng,2026-01-20,36,1254,0.382,9,4.0,1,10.9,6.8,5.3,Đạt
SV2601258,Kế toán,Nữ,23-30,Không,Kết hợp,Quảng Ninh,Điện thoại,2026-02-04,33,705,0.932,10,10.0,4,11.3,10.0,9.0,Đạt
SV2601074,Ngôn ngữ Anh,Nữ,18-22,Không,Trực tuyến,Hưng Yên,Máy tính,05/02/2026,47,983,0.726,6,5.3,5,5.7,5.6,6.6,Đạt
SV2600884,Kinh tế,Nam,Trên 40,Có,Trực tuyến,Đồng Nai,Máy tính,2026-02-03,20,585,0.396,5,7.9,1,14.1,3.2,3.8,Không đạt
SV2600704,Quản trị kinh doanh,Nam,18-22,Không,Trực tuyến,Khánh Hòa,Điện thoại,12/02/2026,40,869,0.87,5,4.7,9,15.2,10.0,8.9,Đạt
SV2601401,Quản trị kinh doanh,Nam,18-22,Không,Kết hợp,Bắc Ninh,Máy tính,2026-01-27,40,220,0.726,7,5.4,6,9.2,3.3,4.0,Đạt
SV2602282,Quản trị kinh doanh,Nữ,23-30,Có,Kết hợp,Nghệ An,Máy tính,2026-01-20,56,1307,0.863,10,8.6,10,4.5,10.0,8.2,Đạt
SV2601983,Kinh tế,Nam,18-22,Có,Trực tuyến,Đà Nẵng,Điện thoại,2026-02-12,30,480,0.105,5,5.0,0,22.5,3.8,2.8,Không đạt
SV2601354,Công nghệ thông tin,Nam,18-22,Có,Kết hợp,Hưng Yên,Máy tính,28/01/2026,54,1296,0.891,7,"6,1",6,28.1,,6.0,Đạt
SV2601835,Du lịch,Nữ,18-22,Không,Kết hợp,Hà Nội,Máy tính,2026-01-23,32,753,0.727,4,7.8,1,15.9,,5.2,Đạt
SV2601832,Ngôn ngữ Anh,Nam,18-22,Không,Trực tuyến,Bình Dương,Điện thoại,2026-02-04,77,1571,1.0,10,10.0,7,1.0,9.1,10.0,Đạt
SV2600796,Công nghệ thông tin,nữ,18-22,Không,Trực tuyến,Nghệ An,Máy tính,10-02-2026,53,788,0.708,8,8.1,1,6.1,7.2,6.1,Đạt
SV2602871,Du lịch,nam,18-22,Không,Trực tuyến,Thanh Hóa,Máy tính,2026-02-06,60,475,0.603,10,7.4,4,0.6,5.4,7.6,Đạt
SV2601847,Quản trị kinh doanh,nam,18-22,Không,Kết hợp,Nghệ An,,2026-02-06,48,1036,0.721,4,6.7,7,7.0,5.7,4.6,Đạt
SV2602409,Công nghệ thông tin,Nam,31-40,Có,Trực tuyến,Bắc Ninh,Điện thoại,2026-02-09,4,524,0.532,5,4.5,0,12.6,2.8,6.2,Đạt
SV2601692,Ngôn ngữ Anh,Nam,Trên 40,Có,Trực tuyến,TP Hồ Chí Minh,Điện thoại,2026-01-22,58,1189,0.855,8,5.4,7,8.7,5.1,7.5,Đạt
SV2600512,Kế toán,Nam,18-22,Không,Kết hợp,Hải Phòng,Máy tính,2026-02-12,35,1099,0.59,10,4.5,3,33.8,7.8,5.7,Đạt
SV2602753,Công nghệ thông tin,Nữ,18-22,Không,Trực tuyến,Hà Nội,Máy tính,24/01/2026,16,445,0.066,6,4.1,0,12.5,2.2,0.5,Không đạt
SV2600699,Ngôn ngữ Anh,Nữ,18-22,Không,Trực tuyến,Hà Nội,Máy tính,2026-01-28,16,396,0.465,5,5.9,1,65.3,4.8,0.7,Không đạt
SV2600191,Kinh tế,Nữ,23-30,Có,Kết hợp,Thanh Hóa,Máy tính,2026-01-31,26,1042,0.469,9,8.1,6,1.8,8.2,6.6,Đạt
SV2602095,Kinh tế,Nam,23-30,Có,Trực tuyến,Đà Nẵng,Máy tính,2026-01-25,39,940,0.806,3,6.0,6,0.9,4.2,6.3,Đạt
SV2601145,Công nghệ thông tin,Nữ,18-22,Không,Trực tuyến,Thanh Hóa,Máy tính,2026-02-01,30,946,0.327,6,7.6,0,39.8,4.9,2.4,Không đạt
SV2600960,Quản trị kinh doanh,Nữ,18-22,Không,Trực tuyến,Hà Nội,Điện thoại,2026-02-05,45,593,0.591,7,7.2,3,3.7,2.3,5.7,Đạt
SV2600936,Quản trị kinh doanh,Nữ,23-30,Không,Kết hợp,Hà Nội,Điện thoại,2026-01-24,55,737,0.678,9,7.3,3,11.5,9.7,7.2,Đạt
SV2601288,Công nghệ thông tin,Nữ,Trên 40,Có,Kết hợp,Thanh Hóa,Điện thoại,2026-02-15,62,752,0.733,10,8.3,5,21.0,7.0,8.0,Đạt
SV2602231,Công nghệ thông tin,Nam,31-40,Có,Trực tuyến,Hưng Yên,Máy tính bảng,2026-01-29,43,972,0.644,3,6.8,3,3.9,6.2,5.2,Đạt
SV2602261,Công nghệ thông tin,Nam,18-22,KHONG,Kết hợp,Nghệ An,Điện thoại,2026-01-28,48,1241,0.985,9,7.1,5,8.9,6.4,6.3,Đạt
SV2600248,Công nghệ thông tin,Nam,18-22,Không,Trực tuyến,TP Hồ Chí Minh,Máy tính,04/02/2026,39,1913,0.824,8,7.2,4,4.0,8.6,10.0,Đạt
SV2601197,Quản trị kinh doanh,Nữ,Trên 40,Có,Trực tuyến,TP Hồ Chí Minh,Điện thoại,2026-02-07,42,1256,0.833,6,7.7,5,1.0,6.7,8.5,Đạt
SV2602790,Kinh tế,nữ,31-40,Có,Trực tuyến,Đà Nẵng,Máy tính,11/02/2026,44,377,0.155,4,6.1,1,92.8,5.9,2.6,Không đạt
SV2602922,Kế toán,Nam,23-30,Có,Trực tuyến,Bắc Ninh,Máy tính,05/02/2026,33,498,0.527,4,7.0,2,12.7,4.4,5.2,Đạt
SV2600440,Kinh tế,Nữ,31-40,Có,Trực tuyến,Cần Thơ,Máy tính,09/02/2026,28,717,0.509,5,6.5,7,17.2,5.2,6.9,Đạt
SV2602028,Kế toán,Nữ,31-40,Có,Trực tuyến,Đà Nẵng,Điện thoại,02-02-2026,34,1129,0.524,7,9.3,2,14.8,6.5,6.9,Đạt
SV2601064,Công nghệ thông tin,Nữ,31-40,Có,Trực tuyến,Cần Thơ,Máy tính,2026-01-31,30,795,0.776,8,7.1,2,15.1,8.4,9.8,Đạt
SV2600404,Kinh tế,Nữ,31-40,Có,Trực tuyến,Đà Nẵng,Máy tính,2026-01-23,11,697,0.454,6,5.4,0,35.4,3.7,4.0,Đạt
SV2602479,Công nghệ thông tin,Nữ,23-30,Có,Kết hợp,Hà Nội,Điện thoại,2026-02-13,15,20,0.222,4,"2,9",1,4.2,,1.9,Không đạt
SV2600890,Công nghệ thông tin,Nam,31-40,Có,Kết hợp,,Điện thoại,2026-02-15,35,1352,0.876,8,8.2,8,22.8,5.8,6.7,Đạt
SV2600407,Luật,Nam,18-22,Không,Trực tuyến,Hà Nội,Máy tính,2026-02-01,38,940,0.572,7,6.4,8,6.7,6.4,6.3,Đạt
SV2602895,Quản trị kinh doanh,Nữ,18-22,Không,Trực tuyến,Hà Nội,Máy tính,2026-02-03,53,680,1.0,5,6.2,4,2.3,6.2,8.4,Đạt
SV2600501,Công nghệ thông tin,Nữ,18-22,Không,Trực tuyến,Bình Dương,Máy tính,2026-02-09,45,1008,0.777,8,8.5,3,3.8,8.2,9.4,Đạt
SV2601287,Ngôn ngữ Anh,Nam,18-22,Không,Kết hợp,Hải Phòng,Máy tính,13-02-2026,27,894,0.524,3,4.8,2,9.4,5.6,4.5,Đạt
SV2600515,Kế toán,Nam,31-40,Có,Trực tuyến,Thanh Hóa,Máy tính bảng,07-02-2026,55,1225,0.958,9,"7,9",6,8.4,8.1,10.0,Đạt
SV2600942,Quản trị kinh doanh,Nữ,Trên 40,Có,Trực tuyến,Thanh Hóa,Máy tính,25-01-2026,15,404,0.686,7,4.5,0,3.5,4.0,5.6,Đạt
SV2601542,Du lịch,Nữ,18-22,Không,Trực tuyến,Nghệ An,Máy tính,22/01/2026,21,764,0.513,7,6.6,5,5.0,7.2,7.3,Đạt
SV2600750,Công nghệ thông tin,Nam,Trên 40,Có,Trực tuyến,Bình Dương,Điện thoại,05/02/2026,60,1728,0.74,10,5.1,4,5.1,8.0,9.6,Đạt
SV2601587,Công nghệ thông tin,Nữ,18-22,Không,Trực tuyến,Thanh Hóa,Máy tính,13-02-2026,44,1363,0.662,10,8.4,8,8.5,8.6,8.8,Đạt
SV2601754,Luật,Nam,23-30,Không,Kết hợp,Đà Nẵng,Máy tính,24/01/2026,41,952,0.953,7,7.0,8,10.1,7.8,6.4,Đạt
SV2600620,Ngôn ngữ Anh,Nữ,23-30,Có,Trực tuyến,Thái Nguyên,Máy tính,11/02/2026,38,1006,0.417,7,9.0,6,9.3,5.1,6.8,Đạt
SV2601243,Quản trị kinh doanh,Nữ,18-22,Không,Kết hợp,Đồng Nai,Điện thoại,2026-02-12,56,1691,0.965,10,10.0,6,0.6,8.4,9.9,Đạt
SV2601607,Công nghệ thông tin,nữ,31-40,Có,Kết hợp,Hà Nội,Máy tính,2026-02-08,34,254,0.711,5,6.6,1,17.4,5.0,4.6,Đạt
SV2600437,Luật,Nữ,18-22,Không,Trực tuyến,Hà Nội,Điện thoại,2026-02-13,6,253,0.14,1,5.3,1,15.2,3.5,1.5,Không đạt
SV2600197,Quản trị kinh doanh,Nữ,23-30,Có,Trực tuyến,TP Hồ Chí Minh,Điện thoại,2026-01-20,49,835,0.97,7,8.0,6,12.6,7.9,9.3,Đạt
SV2602364,Quản trị kinh doanh,Nữ,31-40,Có,Kết hợp,Hà Nội,Điện thoại,2026-01-30,36,711,0.89,6,9.2,1,15.4,6.4,6.2,Đạt
SV2601374,Quản trị kinh doanh,Nữ,18-22,Không,Kết hợp,Hà Nội,Máy tính,2026-01-21,46,971,,9,5.7,1,6.3,8.0,6.8,Đạt
SV2601471,Công nghệ thông tin,Nữ,31-40,Có,Trực tuyến,Hưng Yên,Máy tính,2026-01-25,52,1020,0.633,6,"5,8",6,11.0,4.4,6.9,Đạt
SV2601816,Công nghệ thông tin,Nam,31-40,Có,Trực tuyến,Hà Nội,Điện thoại,2026-02-09,22,136,0.363,3,4.6,0,79.1,5.6,2.8,Không đạt
SV2602697,Công nghệ thông tin,Nữ,31-40,Có,Trực tuyến,Bình Dương,Điện thoại,31/01/2026,26,801,1.0,7,7.1,2,14.2,6.6,8.1,Đạt
SV2600707,Kinh tế,Nữ,Trên 40,Có,Trực tuyến,TP Hồ Chí Minh,Máy tính,2026-01-31,50,1181,0.341,5,6.4,1,19.2,2.0,4.9,Đạt
SV2600230,Công nghệ thông tin,Nam,31-40,Có,Trực tuyến,Hải Phòng,Máy tính,2026-02-05,42,1400,0.546,6,10.0,3,51.1,5.5,7.0,Đạt
SV2600357,Công nghệ thông tin,Nam,23-30,Có,Trực tuyến,Hà Nội,Máy tính,2026-02-09,6,846,0.69,6,6.5,1,3.7,4.2,6.2,Đạt
SV2600700,Kế toán,nam,18-22,Có,Trực tuyến,Hà Nội,Máy tính,2026-02-07,1,144,0.224,3,4.8,1,7.0,4.9,3.9,Không đạt
SV2600375,Quản trị kinh doanh,Nữ,31-40,Có,Trực tuyến,Quảng Ninh,Máy tính,20/01/2026,46,675,0.433,7,6.3,3,22.1,4.9,6.0,Đạt
SV2600733,Kinh tế,Nam,31-40,Không,Kết hợp,Hà Nội,Điện thoại,2026-01-22,47,1178,0.638,10,"6,3",3,6.0,6.3,5.7,Đạt
SV2601909,Quản trị kinh doanh,Nữ,18-22,Có,Kết hợp,Bắc Ninh,Điện thoại,2026-02-04,52,984,0.999,7,7.1,6,5.7,,8.2,Đạt
SV2602490,Quản trị kinh doanh,Nam,31-40,Có,Trực tuyến,Hưng Yên,Máy tính,2026-02-03,24,194,0.272,7,6.8,1,13.2,7.5,5.5,Đạt
SV2601077,Quản trị kinh doanh,Nữ,23-30,Không,Trực tuyến,Hà Nội,Điện thoại,2026-02-08,57,1113,0.6,3,4.6,8,24.2,6.7,6.2,Đạt
SV2602807,Ngôn ngữ Anh,Nữ,23-30,Không,Trực tuyến,Khánh Hòa,Điện thoại,2026-02-13,42,823,0.67,9,9.1,0,4.9,4.9,6.7,Đạt
SV2600669, Du lịch ,Nữ,23-30,Không,Trực tuyến,Hà Nội,Máy tính,2026-01-20,30,758,0.591,10,5.8,0,3.7,3.8,7.5,Đạt
SV2602791,Luật,Nam,18-22,Không,Trực tuyến,Hà Nội,Điện thoại,2026-01-31,51,1073,0.428,10,7.0,5,8.9,,5.8,Đạt
SV2601014,Quản trị kinh doanh,Nam,23-30,Có,Trực tuyến,Thanh Hóa,Máy tính,2026-02-05,22,1290,0.459,7,6.8,4,2.3,6.3,8.1,Đạt
SV2602894,Quản trị kinh doanh,Nam,23-30,Có,Kết hợp,TP Hồ Chí Minh,Máy tính,2026-02-03,9,177,0.469,6,3.2,0,22.5,4.0,3.5,Không đạt
SV2601128,Công nghệ thông tin,Nữ,18-22,Không,Trực tuyến,Hà Nội,Máy tính,25-01-2026,42,1214,0.774,8,9.0,7,12.6,10.0,10.0,Đạt
SV2602774,Công nghệ thông tin,Nữ,23-30,Có,Kết hợp,TP Hồ Chí Minh,Máy tính,2026-02-13,20,437,0.393,2,4.6,1,21.3,4.2,3.6,Không đạt
SV2602276,Ngôn ngữ Anh,Nữ,23-30,Có,Trực tuyến,TP Hồ Chí Minh,Điện thoại,2026-02-12,28,587,0.636,8,4.5,4,14.8,7.7,8.1,Đạt
SV2602773,Công nghệ thông tin,Nữ,18-22,Không,Kết hợp,Nghệ An,Máy tính bảng,2026-01-29,39,1256,0.629,8,5.2,5,22.9,6.6,5.7,Đạt
SV2600773,Công nghệ thông tin,Nữ,18-22,Không,Kết hợp,Hà Nội,Máy tính,2026-02-16,34,939,0.659,7,5.2,3,4.7,,6.3,Đạt
SV2601212,Công nghệ thông tin,Nữ,18-22,Không,Trực tuyến,Đà Nẵng,Điện thoại,2026-02-11,59,966,0.498,7,6.9,3,39.4,6.4,5.5,Đạt
SV2602907,Quản trị kinh doanh,Nữ,23-30,Có,Kết hợp,,Điện thoại,2026-02-04,33,1316,,8,6.9,3,9.9,6.1,7.1,Đạt
SV2601620,Công nghệ thông tin,Nữ,23-30,Không,Trực tuyến,Đà Nẵng,Điện thoại,2026-02-02,14,647,0.844,6,7.1,2,14.6,4.6,6.3,Đạt
SV2602534,Du lịch,Nữ,18-22,Không,Kết hợp,TP Hồ Chí Minh,Máy tính,06/02/2026,60,900,0.823,7,9.5,3,9.8,4.9,6.4,Đạt
SV2602001,Kinh tế,Nữ,18-22,Có,Kết hợp,TP Hồ Chí Minh,Máy tính,26/01/2026,52,771,0.612,4,"5,6",5,13.0,6.9,6.0,Đạt
SV2602459,Công nghệ thông tin,Nam,18-22,Không,Trực tuyến,Hưng Yên,Máy tính,02-02-2026,55,587,,10,7.2,4,8.9,5.2,7.5,Đạt
SV2602994,Kế toán,Nữ,23-30,Có,Trực tuyến,TP Hồ Chí Minh,Máy tính,2026-01-30,48,1078,0.802,8,10.0,6,3.3,9.0,9.6,Đạt
SV2601952,Luật,Nam,23-30,Không,Trực tuyến,Hà Nội,Điện thoại,27/01/2026,50,906,0.933,9,6.8,4,5.7,,9.1,Đạt
SV2600693,Quản trị kinh doanh,Nữ,23-30,Có,Trực tuyến,TP Hồ Chí Minh,Máy tính bảng,2026-01-25,15,1092,0.59,7,6.8,4,12.6,6.4,8.3,Đạt
SV2602007,Luật,Nam,23-30,Có,Kết hợp,Thanh Hóa,Điện thoại,07-02-2026,56,1158,0.744,9,"8,4",5,18.6,8.6,6.8,Đạt
SV2600604,Ngôn ngữ Anh,nam,23-30,Có,Trực tuyến,Quảng Ninh,Máy tính,2026-02-12,49,1307,1.0,9,9.5,8,1.5,7.4,8.0,Đạt
SV2602004,Công nghệ thông tin,Nam,18-22,Không,Kết hợp,TP Hồ Chí Minh,Máy tính,22-01-2026,52,699,0.637,4,7.6,0,35.4,2.6,1.6,Không đạt
SV2601206,Luật,Nam,18-22,Không,Trực tuyến,Thanh Hóa,Máy tính bảng,05/02/2026,40,647,0.482,7,5.6,0,32.5,,5.0,Đạt
SV2600664,Luật,Nam,23-30,Có,Trực tuyến,Hà Nội,Điện thoại,2026-02-13,56,1663,0.575,8,6.7,4,10.1,9.3,9.6,Đạt
SV2601150,Kế toán,Nam,18-22,Không,Trực tuyến,TP Hồ Chí Minh,Máy tính,24/01/2026,74,742,0.717,8,7.2,4,3.9,6.2,8.0,Đạt
SV2602761,Luật,Nam,18-22,Không,Kết hợp,Hà Nội,Máy tính,2026-02-12,46,1230,0.922,10,6.9,4,14.0,6.8,7.5,Đạt
SV2600374,Luật,Nam,31-40,Không,Trực tuyến,TP Hồ Chí Minh,Máy tính,25-01-2026,66,1380,1.0,10,8.9,11,0.4,9.1,9.4,Đạt
SV2602076,Kinh tế,Nữ,18-22,Có,Kết hợp,Khánh Hòa,Máy tính,2026-02-03,42,952,0.519,4,"6,4",1,22.3,5.3,5.2,Đạt
SV2600446,Kế toán,Nam,23-30,Có,Trực tuyến,Hà Nội,Máy tính,2026-01-30,14,860,0.264,9,5.9,3,6.2,6.1,3.5,Không đạt
SV2602214,Kinh tế,Nữ,18-22,Không,Trực tuyến,TP Hồ Chí Minh,Điện thoại,2026-02-09,37,1238,0.971,9,4.9,7,3.2,8.0,9.1,Đạt
SV2600001,Công nghệ thông tin,Nam,31-40,Có,Trực tuyến,Thái Nguyên,Máy tính,2026-02-11,31,1561,0.634,4,4.7,3,16.6,6.3,7.0,Đạt
SV2602887,Công nghệ thông tin,Nam,18-22,Không,Trực tuyến,Hà Nội,Máy tính bảng,2026-01-23,61,497,0.386,7,3.5,4,35.2,5.3,3.0,Không đạt
SV2600349,Kế toán,Nữ,31-40,Có,Trực tuyến,Thái Nguyên,Máy tính,2026-01-30,25,585,0.35,8,6.2,1,16.0,4.6,5.3,Đạt
SV2600590,Kinh tế,Nam,18-22,Không,Trực tuyến,Hà Nội,Điện thoại,2026-01-20,17,1147,0.767,9,5.8,7,23.1,5.1,5.5,Đạt
SV2600556,Công nghệ thông tin,Nam,31-40,Có,Trực tuyến,Đồng Nai,Máy tính,2026-02-11,55,471,0.844,10,6.4,6,8.2,7.7,8.0,Đạt
SV2600533,Công nghệ thông tin,Nam,18-22,Không,Trực tuyến,Hà Nội,Máy tính,2026-02-11,32,994,0.453,10,5.3,6,34.5,4.1,3.5,Không đạt
SV2601797,Du lịch,nam,23-30,Không,Kết hợp,Hưng Yên,Điện thoại,2026-01-30,21,881,0.946,8,7.1,1,26.4,7.6,6.4,Đạt
SV2600809,Công nghệ thông tin,Nữ,18-22,Không,Kết hợp,TP Hồ Chí Minh,Điện thoại,2026-02-13,37,874,0.303,8,6.8,6,10.8,,3.8,Không đạt
SV2602498,Công nghệ thông tin,Nữ,23-30,Có,Trực tuyến,Bình Dương,Điện thoại,26/01/2026,9,559,0.272,3,4.2,0,11.5,,5.6,Đạt
SV2602335,Du lịch,Nam,Trên 40,Có,Kết hợp,Đồng Nai,Điện thoại,2026-02-10,52,1316,0.786,4,7.9,3,112.0,8.2,6.3,Đạt
SV2602512,Luật,Nam,23-30,Không,Trực tuyến,Thanh Hóa,Máy tính,2026-01-25,50,1093,0.79,7,8.3,4,3.7,6.3,7.8,Đạt
SV2601555,Công nghệ thông tin,Nam,18-22,Có,Trực tuyến,TP Hồ Chí Minh,Máy tính,2026-01-25,38,876,0.564,7,5.5,2,35.4,4.8,5.3,Đạt
SV2600159,Kế toán,Nữ,23-30,Có,Kết hợp,Lâm Đồng,Máy tính,26/01/2026,23,993,0.631,2,"3,2",1,16.1,,3.8,Không đạt
SV2602209,Công nghệ thông tin,nữ,23-30,Có,Trực tuyến,Quảng Ninh,Máy tính,2026-02-11,18,919,0.068,3,7.6,0,41.7,7.0,6.1,Đạt
SV2602195,Công nghệ thông tin,Nữ,18-22,Không,Trực tuyến,Hà Nội,Máy tính,2026-01-24,51,831,0.604,5,4.8,2,19.4,5.1,5.5,Đạt
SV2601010,Kinh tế,Nữ,18-22,Không,Trực tuyến,,Máy tính,25-01-2026,58,1306,0.989,10,8.4,6,11.3,6.6,9.0,Đạt
SV2600207,Quản trị kinh doanh,Nam,31-40,Có,Trực tuyến,Hải Phòng,Máy tính,2026-01-24,42,349,0.578,6,6.4,2,5.6,4.5,5.5,Đạt
SV2602655,Ngôn ngữ Anh,Nam,31-40,Có,Trực tuyến,Đồng Nai,Máy tính,2026-02-13,23,1527,0.945,10,9.6,4,12.3,6.7,8.4,Đạt
SV2602504,Du lịch,Nữ,23-30,Có,Kết hợp,Thái Nguyên,Máy tính,07/02/2026,49,756,0.346,4,8.7,5,20.9,7.7,5.0,Đạt
SV2601140, Kế toán ,Nam,31-40,Có,Kết hợp,Thanh Hóa,Máy tính,2026-02-15,40,1064,0.61,7,4.9,2,2.5,5.6,6.4,Đạt
SV2601619,Ngôn ngữ Anh,Nữ,18-22,Không,Kết hợp,Hà Nội,Máy tính,05-02-2026,51,994,0.626,8,6.0,3,17.1,7.1,6.4,Đạt
SV2600867,Du lịch,Nữ,23-30,Có,Kết hợp,Lâm Đồng,Máy tính,11/02/2026,29,262,0.452,4,5.3,3,4.4,7.4,4.0,Đạt
SV2600711,Công nghệ thông tin,Khác,31-40,Có,Kết hợp,Hà Nội,Máy tính,30/01/2026,12,552,0.222,8,6.6,0,11.9,6.1,5.5,Đạt
SV2600090,Luật,Nam,18-22,Không,Kết hợp,Hà Nội,Máy tính,2026-02-15,50,892,0.946,8,6.4,3,5.7,6.6,8.8,Đạt
SV2602536,Du lịch,Nữ,31-40,Không,Trực tuyến,Thanh Hóa,Máy tính,09-02-2026,42,926,0.211,7,6.1,4,4.5,2.6,5.7,Đạt
SV2600305,Quản trị kinh doanh,Nữ,18-22,Có,Kết hợp,Hà Nội,Điện thoại,24-01-2026,19,1096,0.767,9,5.9,8,6.4,6.6,5.5,Đạt
SV2601234,Quản trị kinh doanh,Nữ,18-22,Không,Trực tuyến,Hà Nội,Máy tính,15/02/2026,33,885,0.467,6,9.4,3,4.7,5.6,6.5,Đạt
SV2602869,Kế toán,Nam,23-30,Có,Trực tuyến,Nghệ An,Máy tính,2026-01-25,39,1242,,8,9.4,2,5.9,,8.0,Đạt
SV2601509,Luật,Nam,31-40,Có,Kết hợp,TP Hồ Chí Minh,Điện thoại,09/02/2026,1,241,0.35,2,4.6,0,44.1,4.8,3.9,Không đạt
SV2602777,Quản trị kinh doanh,Nữ,23-30,Không,Trực tuyến,Khánh Hòa,Máy tính,21/01/2026,44,920,0.792,7,4.9,7,22.3,5.0,8.2,Đạt
SV2600338,Công nghệ thông tin,Nữ,31-40,Có,Trực tuyến,TP Hồ Chí Minh,Điện thoại,2026-01-24,41,535,0.688,6,5.2,1,28.1,6.7,7.0,Đạt
SV2601432,Công nghệ thông tin,Nữ,18-22,Có,Trực tuyến,Khánh Hòa,Điện thoại,2026-02-14,47,842,,9,7.9,2,4.5,8.6,10.0,Đạt
SV2600793,Luật,Nữ,23-30,Có,Kết hợp,Hà Nội,Điện thoại,2026-01-31,27,725,0.168,7,6.1,2,6.2,3.4,3.0,Không đạt
SV2602427,Luật,Nữ,23-30,Có,Kết hợp,Bắc Ninh,Điện thoại,2026-02-05,8,444,0.372,4,8.6,1,19.8,4.1,2.7,Không đạt
SV2600964,Công nghệ thông tin,Nam,31-40,Có,Trực tuyến,Lâm Đồng,Máy tính,07/02/2026,55,908,0.46,5,4.9,4,35.1,,7.1,Đạt
SV2602599,Công nghệ thông tin,Khác,18-22,Không,Trực tuyến,,Máy tính,29/01/2026,46,1063,0.192,10,5.6,2,13.7,5.6,2.4,Không đạt
SV2601871,Ngôn ngữ Anh,Nam,23-30,Không,Trực tuyến,Hà Nội,Máy tính,06/02/2026,53,1076,,9,6.9,2,11.8,4.1,7.9,Đạt
SV2600544,Kinh tế,Nữ,18-22,Không,Kết hợp,Hải Phòng,Máy tính,2026-02-16,42,1128,0.615,5,5.8,2,46.7,6.3,2.7,Không đạt
SV2602245,Công nghệ thông tin,Nữ,23-30,Có,Trực tuyến,Đồng Nai,Điện thoại,02/02/2026,46,1261,0.807,7,6.8,4,9.5,7.0,7.7,Đạt
SV2601586,Kinh tế,Nam,18-22,Không,Trực tuyến,Cần Thơ,,2026-02-07,55,1232,0.918,10,8.6,3,13.9,7.6,9.3,Đạt
SV2600339,Công nghệ thông tin,Nam,18-22,Có,Trực tuyến,TP Hồ Chí Minh,Điện thoại,2026-02-06,29,637,0.519,4,6.6,4,30.4,4.6,5.4,Đạt
SV2600022,Quản trị kinh doanh,Nữ,23-30,Có,Trực tuyến,Nghệ An,Máy tính,2026-02-15,22,533,0.807,5,7.1,3,24.4,6.2,6.6,Đạt
SV2602419,Du lịch,Nữ,18-22,Có,Kết hợp,TP Hồ Chí Minh,Máy tính bảng,2026-02-11,47,719,0.129,5,3.8,3,21.1,6.2,4.9,Đạt
SV2602019,Công nghệ thông tin,Nữ,23-30,Không,Trực tuyến,Đồng Nai,Máy tính,2026-02-12,44,1150,0.506,10,6.7,8,19.9,5.4,6.6,Đạt
SV2600882,Kinh tế,Nữ,23-30,Không,Trực tuyến,Hải Phòng,Máy tính bảng,2026-02-16,21,1505,0.792,10,7.4,6,9.4,6.3,6.6,Đạt
SV2601217,Luật,Nam,31-40,Có,Kết hợp,TP Hồ Chí Minh,Máy tính bảng,23/01/2026,40,416,0.672,4,4.3,2,21.5,4.5,3.9,Không đạt
SV2602465,Luật,Nam,23-30,Không,Trực tuyến,Hà Nội,Máy tính,31/01/2026,23,638,0.541,10,3.1,2,26.3,6.7,5.9,Đạt
SV2602821,Công nghệ thông tin,Nữ,18-22,Có,Trực tuyến,Hải Phòng,Máy tính,2026-01-29,28,704,0.324,6,7.3,1,3.1,4.3,5.2,Đạt
SV2602298,Quản trị kinh doanh,Nam,31-40,Có,Trực tuyến,Nghệ An,Máy tính,2026-02-05,65,925,0.896,7,7.3,2,31.7,,5.2,Đạt
SV2602812,Luật,Nam,Trên 40,Có,Trực tuyến,TP Hồ Chí Minh,Điện thoại,2026-01-26,41,933,0.783,8,6.9,2,13.2,7.0,7.7,Đạt
SV2602032,Kinh tế,Nam,18-22,Không,Trực tuyến,TP Hồ Chí Minh,Máy tính,2026-01-22,46,1679,0.951,10,5.1,5,2.6,5.2,7.2,Đạt
SV2600758,Quản trị kinh doanh,Nữ,18-22,Không,Kết hợp,TP Hồ Chí Minh,Máy tính,2026-01-24,46,1214,0.536,9,4.9,1,2.4,,4.5,Đạt
SV2601494,Luật,Nam,18-22,Không,Trực tuyến,Thanh Hóa,Máy tính bảng,27-01-2026,42,802,0.646,8,6.9,2,2.9,4.4,5.7,Đạt
SV2601254,Quản trị kinh doanh,Nữ,23-30,Không,Trực tuyến,Khánh Hòa,Điện thoại,2026-02-10,39,99999,0.611,8,7.4,6,30.4,7.2,5.9,Đạt
SV2602366,Công nghệ thông tin,Nam,31-40,Có,Trực tuyến,Hà Nội,Máy tính,2026-02-15,39,568,0.387,3,5.5,0,8.9,5.2,4.3,Đạt
SV2600839,Công nghệ thông tin,Nam,23-30,Không,Trực tuyến,TP Hồ Chí Minh,Điện thoại,01/02/2026,12,136,0.429,4,4.9,0,5.1,3.4,3.5,Không đạt
SV2600726,Luật,Nam,31-40,Có,Trực tuyến,Cần Thơ,Máy tính,27/01/2026,57,1364,0.485,7,10.0,6,3.4,9.8,9.6,Đạt
SV2602664,Kế toán,Nữ,18-22,Không,Kết hợp,Bắc Ninh,Máy tính,05-02-2026,18,637,0.575,8,3.7,1,33.3,,3.9,Không đạt
SV2602715,Công nghệ thông tin,Nữ,18-22,Có,Trực tuyến,Đồng Nai,Máy tính,2026-02-02,22,107,0.382,1,"6,6",1,9.8,2.3,3.9,Không đạt
SV2601023,Kế toán,Nam,23-30,Có,Trực tuyến,TP Hồ Chí Minh,Máy tính,14-02-2026,32,763,0.698,8,6.1,0,35.1,5.3,6.1,Đạt
SV2601614,Công nghệ thông tin,Nam,18-22,KHONG,Trực tuyến,Nghệ An,Điện thoại,2026-01-21,35,1012,0.374,8,5.9,4,22.6,3.9,3.2,Không đạt
SV2600143,Luật,Nam,18-22,Không,Kết hợp,Thái Nguyên,Điện thoại,2026-02-08,28,713,0.361,6,5.8,3,14.1,5.7,4.8,Đạt
SV2602930,Công nghệ thông tin,Nữ,31-40,Không,Trực tuyến,Hưng Yên,Điện thoại,22/01/2026,26,574,0.677,5,4.8,2,20.5,5.4,6.1,Đạt
SV2602817,Công nghệ thông tin,Nữ,23-30,Có,Trực tuyến,Thanh Hóa,Điện thoại,2026-01-31,32,262,0.444,6,7.4,3,12.0,5.8,4.1,Đạt
SV2602709,Kinh tế,Nữ,23-30,Có,Trực tuyến,Khánh Hòa,Điện thoại,2026-01-28,22,422,,3,5.3,1,15.6,5.7,6.1,Đạt
SV2602431,Quản trị kinh doanh,Nam,23-30,Không,Trực tuyến,Nghệ An,Điện thoại,24-01-2026,71,1775,1.0,10,8.5,8,19.2,10.0,10.0,Đạt
SV2601507,Ngôn ngữ Anh,Nam,23-30,Có,Trực tuyến,Cần Thơ,Máy tính,07/02/2026,28,776,0.53,5,3.9,0,9.9,4.0,7.1,Đạt
SV2600012,Luật,Nam,18-22,Không,Kết hợp,Nghệ An,Máy tính bảng,2026-02-15,40,1799,0.699,10,7.4,4,4.0,9.3,8.6,Đạt
SV2602165,Ngôn ngữ Anh,Nam,23-30,Có,Trực tuyến,Hà Nội,Điện thoại,2026-02-10,55,1002,0.664,9,5.9,2,17.6,5.8,7.1,Đạt
SV2601926,Kế toán,nam,23-30,Không,Trực tuyến,Hà Nội,Điện thoại,2026-02-02,69,1232,0.898,7,10.0,10,10.6,8.4,9.9,Đạt
SV2601148,Kế toán,Nữ,Trên 40,Có,Trực tuyến,Đồng Nai,Máy tính,2026-01-30,30,1307,0.659,7,6.4,2,0.7,6.9,7.2,Đạt
SV2601372,Kế toán,Nữ,31-40,Có,Trực tuyến,Thanh Hóa,Máy tính bảng,2026-02-08,49,936,0.639,9,8.0,8,2.4,9.0,7.2,Đạt
SV2600892,Quản trị kinh doanh,Nữ,31-40,Có,Trực tuyến,Cần Thơ,Máy tính,13/02/2026,32,1351,0.646,4,5.3,4,7.5,6.4,8.2,Đạt
SV2602959,Công nghệ thông tin,Nam,18-22,Không,Kết hợp,Thái Nguyên,Máy tính,21-01-2026,8,1149,0.414,5,2.6,3,5.3,5.8,3.2,Không đạt
SV2601249,Kế toán,Nam,18-22,Không,Trực tuyến,Hà Nội,Máy tính,2026-01-28,35,606,0.623,7,7.1,5,12.9,6.9,8.5,Đạt
SV2600952,Quản trị kinh doanh,Nam,31-40,Có,Trực tuyến,Hà Nội,Máy tính,2026-02-01,37,809,0.005,8,5.5,2,4.2,5.5,3.9,Không đạt
SV2602733, Công nghệ thông tin ,Nam,23-30,Có,Kết hợp,Hà Nội,Máy tính,2026-02-02,41,1276,0.865,9,8.5,4,27.0,6.2,5.7,Đạt
SV2601436,Công nghệ thông tin,Nam,18-22,Không,Trực tuyến,Thanh Hóa,Điện thoại,2026-01-26,38,1068,0.585,9,8.5,6,5.5,7.7,8.3,Đạt
SV2602099,Kinh tế,Nam,18-22,Không,Trực tuyến,Hải Phòng,Máy tính,2026-01-24,57,1098,0.765,5,8.7,3,28.6,6.5,7.4,Đạt
SV2600150,Du lịch,Nam,23-30,CO,Kết hợp,Đà Nẵng,Điện thoại,24/01/2026,29,470,0.678,7,6.0,4,27.2,5.6,6.1,Đạt
SV2600786,Công nghệ thông tin,Nam,18-22,KHONG,Kết hợp,Đồng Nai,Điện thoại,2026-02-14,48,1072,,9,7.0,5,4.4,7.3,7.1,Đạt
SV2601696,Kinh tế,nam,18-22,Không,Trực tuyến,TP Hồ Chí Minh,Máy tính,2026-02-16,23,752,0.403,5,6.1,4,19.6,6.8,6.7,Đạt
SV2600684,Quản trị kinh doanh,Nữ,18-22,Không,Trực tuyến,Đồng Nai,Máy tính,2026-02-15,70,1922,0.892,10,7.8,7,17.2,8.3,10.0,Đạt
SV2600100, Công nghệ thông tin ,Nam,18-22,Không,Kết hợp,Hà Nội,Máy tính,2026-01-30,47,1416,0.612,7,5.9,5,14.8,5.7,5.1,Đạt
SV2601910,Công nghệ thông tin,Nam,18-22,Không,Trực tuyến,Lâm Đồng,Máy tính,2026-01-28,35,1574,0.949,10,9.0,7,0.9,8.1,9.7,Đạt
SV2602716,Du lịch,Nam,18-22,Không,Kết hợp,Quảng Ninh,Điện thoại,2026-02-14,67,860,0.732,5,7.9,3,4.4,6.0,7.7,Đạt
SV2601846,Kinh tế,Nam,23-30,Có,Trực tuyến,TP Hồ Chí Minh,Máy tính,22-01-2026,26,706,0.422,8,4.5,0,22.8,,5.5,Đạt
SV2602148,Kinh tế,Nữ,18-22,Không,Trực tuyến,Đà Nẵng,Điện thoại,23/01/2026,53,987,1.0,10,7.8,7,6.4,6.0,9.2,Đạt
SV2601350,Công nghệ thông tin,Nam,31-40,Có,Trực tuyến,TP Hồ Chí Minh,Máy tính,2026-01-21,28,972,0.448,3,7.0,0,20.3,4.0,5.8,Đạt
SV2600373,Quản trị kinh doanh,Nữ,31-40,Có,Trực tuyến,Bình Dương,Máy tính,2026-02-16,17,210,0.564,5,3.7,4,25.0,,3.7,Không đạt
SV2602566,Công nghệ thông tin,Nữ,18-22,Có,Trực tuyến,Cần Thơ,Máy tính,2026-02-04,17,1083,0.418,8,6.9,3,9.2,3.7,6.7,Đạt
SV2602835,Kinh tế,Nam,31-40,Có,Trực tuyến,Thanh Hóa,Máy tính,2026-02-12,33,216,0.394,6,7.4,0,11.3,5.2,5.3,Đạt
SV2601591,Luật,Nam,18-22,Không,Kết hợp,Hà Nội,Máy tính,2026-01-23,13,668,0.487,4,2.0,0,22.5,2.2,1.3,Không đạt
SV2602562, Công nghệ thông tin ,Nữ,18-22,Không,Trực tuyến,Hà Nội,Máy tính,31/01/2026,44,1337,0.519,7,7.5,3,4.8,8.3,7.7,Đạt
SV2602052,Luật,Nam,18-22,Không,Trực tuyến,TP Hồ Chí Minh,Máy tính,05/02/2026,29,1435,0.736,8,8.3,3,17.6,4.0,4.6,Đạt
SV2601512,Công nghệ thông tin,Nam,23-30,Có,Trực tuyến,Hà Nội,Điện thoại,2026-02-16,67,1448,0.908,10,6.6,8,11.9,5.6,8.0,Đạt
SV2601563,Quản trị kinh doanh,Nam,18-22,Không,Trực tuyến,Hưng Yên,Điện thoại,12-02-2026,34,1262,0.441,8,9.4,6,22.5,5.7,6.4,Đạt
SV2601059,Quản trị kinh doanh,Nữ,23-30,Không,Trực tuyến,Hưng Yên,Điện thoại,2026-01-25,49,1546,0.824,10,9.0,5,2.6,8.6,9.4,Đạt
SV2602331,Luật,Nam,31-40,Có,Trực tuyến,Nghệ An,Điện thoại,2026-01-25,64,978,0.793,9,9.0,5,4.5,5.7,9.2,Đạt
SV2601353,Công nghệ thông tin,Nam,23-30,Có,Trực tuyến,Đà Nẵng,Máy tính,01/02/2026,18,730,0.528,8,5.5,1,3.2,5.2,6.8,Đạt
SV2602326, Kinh tế ,Nam,18-22,Không,Kết hợp,Bắc Ninh,Điện thoại,2026-02-11,20,912,0.547,5,5.5,1,3.9,5.3,5.4,Đạt
SV2602460,Luật,Nữ,Trên 40,Có,Trực tuyến,Hà Nội,Điện thoại,2026-02-10,22,385,,4,4.3,1,25.7,1.5,1.8,Không đạt
SV2601672,Công nghệ thông tin,Nữ,23-30,Có,Trực tuyến,Hà Nội,Điện thoại,2026-01-20,-1,212,0.313,4,7.1,3,17.5,,4.5,Đạt
SV2601929,Kinh tế,Nam,18-22,Không,Trực tuyến,Hưng Yên,Điện thoại,20/01/2026,48,1014,0.729,7,5.3,7,0.9,5.0,7.9,Đạt
SV2600958,Công nghệ thông tin,nam,23-30,Có,Kết hợp,TP Hồ Chí Minh,Máy tính,2026-01-28,60,1173,0.889,10,9.1,9,8.7,9.5,8.3,Đạt
SV2602105,Công nghệ thông tin,nữ,Trên 40,Có,Trực tuyến,Hà Nội,Máy tính,14/02/2026,25,789,0.58,6,4.2,2,10.7,7.1,6.4,Đạt
SV2600611,Công nghệ thông tin,Nam,23-30,Không,Trực tuyến,Hà Nội,Máy tính,2026-02-05,49,1537,0.4,9,7.2,2,22.6,4.7,7.1,Đạt
SV2600810,Ngôn ngữ Anh,Nam,18-22,Không,Kết hợp,Thái Nguyên,Điện thoại,2026-01-31,49,1243,0.734,9,3.8,1,0.8,3.7,4.3,Đạt
SV2600021,Công nghệ thông tin,Nữ,31-40,Có,Trực tuyến,Hà Nội,Điện thoại,08-02-2026,32,1729,0.732,8,9.6,2,3.3,7.6,10.0,Đạt
SV2601436,Công nghệ thông tin,Nam,18-22,Không,Trực tuyến,Thanh Hóa,Điện thoại,2026-01-26,38,1068,0.585,9,8.5,6,5.5,7.7,8.3,Đạt
SV2601560,Du lịch,Nữ,23-30,Có,Trực tuyến,Hà Nội,Điện thoại,29/01/2026,33,531,0.446,4,6.3,1,15.9,6.4,5.4,Đạt
SV2601453,Luật,Nữ,Trên 40,Có,Trực tuyến,Bình Dương,Máy tính,2026-02-15,42,1032,0.997,6,7.4,2,25.1,4.7,7.8,Đạt
SV2600377,Công nghệ thông tin,Nam,18-22,Có,Trực tuyến,Khánh Hòa,Điện thoại,2026-02-15,32,655,0.708,10,"6,6",5,53.7,4.0,5.1,Đạt
SV2600101,Công nghệ thông tin,Nam,18-22,Không,Trực tuyến,Hà Nội,Máy tính bảng,09-02-2026,59,1014,,10,"6,3",5,7.3,6.5,9.7,Đạt
SV2602647,Quản trị kinh doanh,Nam,Trên 40,Có,Trực tuyến,,Máy tính,30-01-2026,36,797,0.376,6,9.2,4,11.7,5.7,7.0,Đạt
SV2602023,Kinh tế,Nam,18-22,Không,Trực tuyến,Bắc Ninh,Máy tính,30/01/2026,53,656,0.707,8,6.8,2,15.9,5.9,6.7,Đạt
SV2600057,Luật,Nữ,18-22,Không,Trực tuyến,Hà Nội,Máy tính,05/02/2026,41,1072,0.543,8,"8,0",0,12.1,5.1,6.3,Đạt
SV2601706,Công nghệ thông tin,Nam,31-40,Có,Trực tuyến,Bắc Ninh,Máy tính bảng,2026-01-30,32,1023,0.35,7,6.8,0,14.9,5.4,4.7,Đạt
SV2600281,Luật,Nam,18-22,Không,Trực tuyến,Hưng Yên,Máy tính,2026-01-20,56,1271,0.732,9,9.2,8,0.7,5.8,7.5,Đạt
SV2602085,Công nghệ thông tin,Nam,18-22,Không,Trực tuyến,Hà Nội,Máy tính,2026-01-24,67,1089,0.9,10,6.2,4,14.3,7.3,6.9,Đạt
SV2601307,Công nghệ thông tin,Nữ,18-22,Có,Trực tuyến,Đà Nẵng,Điện thoại,2026-02-09,27,1129,0.875,8,7.2,6,26.9,8.1,9.1,Đạt
SV2600767,Công nghệ thông tin,Nam,18-22,Không,Trực tuyến,Lâm Đồng,Máy tính,27/01/2026,59,1837,0.754,5,8.8,4,3.7,9.2,9.5,Đạt
SV2600244,Kinh tế,Nam,23-30,Có,Trực tuyến,Hà Nội,Máy tính,04/02/2026,22,460,0.946,4,7.1,6,12.7,9.6,8.4,Đạt
SV2600600,Kế toán,Nam,18-22,Không,Trực tuyến,Nghệ An,Máy tính,2026-01-29,12,1092,0.632,7,7.5,3,20.1,1.4,5.9,Đạt
SV2600761,Kinh tế,Nam,18-22,Không,Trực tuyến,Đồng Nai,Điện thoại,2026-01-31,46,389,0.306,5,"4,3",1,26.1,4.3,1.4,Không đạt
SV2602455,Quản trị kinh doanh,Nữ,23-30,Có,Kết hợp,Bắc Ninh,Điện thoại,2026-02-05,21,903,,6,7.0,1,6.7,5.7,6.5,Đạt
SV2602987,Công nghệ thông tin,Nam,18-22,Có,Trực tuyến,Hải Phòng,Điện thoại,2026-02-07,41,833,0.817,7,4.6,7,9.1,8.0,8.9,Đạt
SV2602745,Công nghệ thông tin,Nữ,18-22,Không,Trực tuyến,Hà Nội,Máy tính,2026-01-25,50,1210,0.941,8,10.0,6,2.5,10.0,10.0,Đạt
SV2602244,Công nghệ thông tin,Nam,18-22,Không,Kết hợp,Thanh Hóa,Máy tính,2026-01-28,32,1320,0.788,7,5.7,6,12.7,4.6,4.9,Đạt
SV2600661,Công nghệ thông tin,Nữ,18-22,Có,Trực tuyến,Hà Nội,Điện thoại,15-02-2026,59,1718,1.0,10,9.7,4,23.1,9.9,10.0,Đạt
SV2600511,Du lịch,Nữ,23-30,Có,Trực tuyến,Nghệ An,Máy tính,2026-01-22,39,497,0.503,5,7.4,2,14.4,6.5,7.4,Đạt
SV2602873,Công nghệ thông tin,Nam,18-22,Có,Trực tuyến,Hà Nội,Máy tính,2026-01-28,32,745,0.581,6,3.8,2,52.1,2.3,5.8,Đạt
SV2602031,Kinh tế,Nam,18-22,Không,Trực tuyến,Hà Nội,Máy tính,22-01-2026,24,929,0.685,9,8.1,3,23.9,6.0,6.3,Đạt
SV2601749,Luật,Khác,23-30,Có,Trực tuyến,Bình Dương,Máy tính,2026-02-05,15,264,0.482,5,4.2,0,52.9,1.8,3.5,Không đạt
SV2602983,Công nghệ thông tin,Nữ,23-30,Không,Kết hợp,Đồng Nai,Máy tính,15-02-2026,43,1157,0.946,8,5.7,4,18.4,5.7,5.7,Đạt
SV2602343,Công nghệ thông tin,Nữ,18-22,Có,Kết hợp,Thái Nguyên,Máy tính,2026-02-01,24,282,0.291,2,8.0,0,39.5,4.7,5.1,Đạt
SV2600525,Công nghệ thông tin,Nam,23-30,Không,Kết hợp,Khánh Hòa,Điện thoại,2026-01-21,36,979,0.778,7,5.3,2,24.2,8.4,5.9,Đạt
SV2602164,Quản trị kinh doanh,Nữ,23-30,Không,Trực tuyến,Hà Nội,Máy tính,2026-02-13,44,1341,0.466,6,9.3,1,43.3,6.7,7.0,Đạt
SV2600559,Công nghệ thông tin,Nữ,18-22,Không,Trực tuyến,Hà Nội,Điện thoại,01-02-2026,42,1014,0.912,7,4.0,3,15.7,5.7,6.2,Đạt
SV2600266,Quản trị kinh doanh,Nữ,23-30,Không,Trực tuyến,Hà Nội,Máy tính,2026-02-05,27,714,0.669,4,5.2,0,15.3,4.0,5.1,Đạt
SV2601147,Công nghệ thông tin,Nữ,31-40,Có,Kết hợp,Hải Phòng,Máy tính,2026-02-14,30,327,0.523,3,5.4,3,17.6,4.1,4.0,Đạt
SV2602246,Công nghệ thông tin,Nam,18-22,Không,Trực tuyến,Quảng Ninh,Điện thoại,2026-01-22,47,1249,0.697,8,9.4,4,7.9,6.8,8.6,Đạt
SV2602123,Quản trị kinh doanh,Nam,18-22,Không,Trực tuyến,Đà Nẵng,Máy tính,2026-02-04,21,757,0.185,3,5.3,1,7.0,3.3,2.7,Không đạt
SV2602232,Công nghệ thông tin,Nữ,23-30,Không,Trực tuyến,Bình Dương,Máy tính,16/02/2026,38,289,0.527,8,6.5,2,3.1,5.6,4.8,Đạt
SV2600563,Quản trị kinh doanh,nữ,31-40,Không,Kết hợp,Lâm Đồng,Điện thoại,2026-01-24,18,1114,0.629,9,7.5,3,8.3,4.5,4.9,Đạt
SV2601424,Du lịch,Nam,18-22,Không,Kết hợp,TP Hồ Chí Minh,Máy tính bảng,2026-02-14,28,399,0.506,5,5.3,1,5.0,1.9,2.5,Không đạt
SV2600782,Ngôn ngữ Anh,Nữ,18-22,KHONG,Kết hợp,Hà Nội,Điện thoại,2026-01-21,22,1184,0.506,9,4.6,3,10.3,,6.3,Đạt
SV2601673, Quản trị kinh doanh ,Nữ,23-30,Có,Trực tuyến,Hà Nội,Máy tính,24/01/2026,75,1705,1.0,10,9.7,8,1.8,8.0,10.0,Đạt
SV2600475,Công nghệ thông tin,Nữ,23-30,Có,Trực tuyến,TP Hồ Chí Minh,Máy tính bảng,2026-02-13,16,655,0.542,6,6.8,3,29.6,6.3,6.5,Đạt
SV2600441,Du lịch,Nam,18-22,Có,Kết hợp,Đồng Nai,Điện thoại,30/01/2026,27,379,0.301,2,2.7,1,1.4,1.4,0.0,Không đạt
SV2602218,Công nghệ thông tin,Nam,23-30,Có,Kết hợp,Hà Nội,Máy tính,03/02/2026,35,969,0.767,4,4.2,2,11.2,3.5,4.5,Đạt
SV2602065,Công nghệ thông tin,Nam,18-22,Không,Kết hợp,Lâm Đồng,Máy tính,2026-01-21,25,728,0.656,6,8.4,3,8.8,7.4,5.8,Đạt
SV2600505,Kinh tế,Nam,31-40,Có,Kết hợp,Nghệ An,Máy tính,06/02/2026,21,826,0.129,3,6.8,0,17.9,3.1,3.4,Không đạt
SV2602613,Quản trị kinh doanh,nữ,18-22,Không,Trực tuyến,Quảng Ninh,Máy tính,2026-02-14,35,587,0.577,5,6.3,1,4.2,3.2,6.8,Đạt
SV2601343,Công nghệ thông tin,Nam,23-30,Có,Trực tuyến,Hà Nội,Điện thoại,01-02-2026,49,848,0.787,6,6.8,2,7.2,4.9,8.0,Đạt
SV2600421,Công nghệ thông tin,Nữ,18-22,Có,Trực tuyến,Hải Phòng,Điện thoại,15/02/2026,38,286,0.518,6,8.2,2,24.3,5.9,7.6,Đạt
SV2602689,Ngôn ngữ Anh,Nam,18-22,Có,Trực tuyến,Hà Nội,Máy tính,20-01-2026,44,1430,0.642,10,7.7,3,3.3,6.0,9.3,Đạt
SV2602993,Công nghệ thông tin,Nữ,Trên 40,KHONG,Trực tuyến,Đồng Nai,Điện thoại,2026-02-02,37,759,0.537,9,6.4,4,5.2,7.6,6.8,Đạt
SV2602239,Công nghệ thông tin,Nam,23-30,Có,Trực tuyến,Thanh Hóa,Điện thoại,2026-02-16,42,948,0.739,9,5.6,3,9.2,4.1,6.1,Đạt
SV2600817,Kinh tế,Nam,Trên 40,Có,Trực tuyến,Bình Dương,Điện thoại,22/01/2026,1,260,0.492,0,0.0,0,6.1,3.9,2.9,Không đạt
SV2601521,Kế toán,Nam,18-22,Không,Kết hợp,Hà Nội,Máy tính,16/02/2026,51,2198,1.0,10,9.3,7,1.4,9.8,7.3,Đạt
SV2602322,Quản trị kinh doanh,Nữ,23-30,Không,Kết hợp,Hà Nội,Máy tính,2026-01-28,27,819,0.512,6,4.5,1,37.1,4.1,2.4,Không đạt
SV2600519,Ngôn ngữ Anh,Nữ,18-22,CO,Kết hợp,TP Hồ Chí Minh,Máy tính,2026-02-11,11,546,0.375,3,6.1,1,15.6,4.4,1.3,Không đạt
SV2601995,Kế toán,Nam,18-22,Không,Trực tuyến,TP Hồ Chí Minh,Máy tính,2026-02-07,22,614,0.145,5,6.5,2,4.8,4.2,3.0,Không đạt
SV2600079,Du lịch,Nữ,18-22,Không,Trực tuyến,Nghệ An,Máy tính,05-02-2026,48,971,0.879,6,4.6,7,30.1,4.2,6.3,Đạt
SV2602500,Kinh tế,Nữ,23-30,Có,Trực tuyến,Thanh Hóa,Máy tính,13/02/2026,49,890,0.553,7,8.9,6,7.3,8.2,9.8,Đạt
SV2602781,Kinh tế,Nam,23-30,Có,Trực tuyến,Hà Nội,Máy tính,26/01/2026,42,1021,0.631,10,7.1,3,17.1,6.9,8.1,Đạt
SV2601431,Kinh tế,Nữ,23-30,Có,Trực tuyến,Đà Nẵng,Máy tính,20/01/2026,25,1010,0.434,4,8.2,8,0.5,4.6,6.7,Đạt
SV2601138,Kinh tế,Nam,18-22,Không,Trực tuyến,Hà Nội,Máy tính,2026-01-20,63,1113,0.868,10,9.1,6,5.4,9.4,10.0,Đạt
SV2600743,Quản trị kinh doanh,Nữ,18-22,Không,Kết hợp,Bắc Ninh,Máy tính,13-02-2026,69,1115,0.82,7,7.9,3,6.4,8.8,7.3,Đạt
SV2602043,Công nghệ thông tin,Nữ,18-22,Không,Trực tuyến,Hải Phòng,Điện thoại,09/02/2026,60,1424,0.947,7,8.6,7,13.5,7.9,9.0,Đạt
SV2600644,Công nghệ thông tin,Nữ,31-40,Có,Trực tuyến,Quảng Ninh,Điện thoại,2026-01-22,27,831,0.692,7,5.7,4,30.4,6.8,8.3,Đạt
SV2600566,Quản trị kinh doanh,Nữ,31-40,Có,Trực tuyến,Hà Nội,Máy tính,2026-01-26,74,1443,0.982,10,7.6,12,3.1,8.3,9.8,Đạt
SV2601278,Công nghệ thông tin,Nam,18-22,Không,Trực tuyến,Hải Phòng,Máy tính,2026-02-15,25,1076,0.546,7,6.3,2,12.2,6.7,6.4,Đạt
SV2602097,Ngôn ngữ Anh,Nữ,31-40,Có,Trực tuyến,Hà Nội,Máy tính,22/01/2026,36,936,0.786,3,3.2,5,8.8,7.2,6.9,Đạt
SV2601498,Công nghệ thông tin,Nam,23-30,Có,Trực tuyến,Thanh Hóa,Điện thoại,2026-02-11,2,668,0.444,9,4.5,1,65.5,5.8,5.9,Đạt
SV2600915,Kinh tế,Nữ,Trên 40,Có,Kết hợp,TP Hồ Chí Minh,Máy tính,14/02/2026,30,895,0.433,4,4.8,2,22.4,6.2,3.3,Không đạt
SV2602469,Ngôn ngữ Anh,Nữ,Trên 40,Có,Kết hợp,TP Hồ Chí Minh,Máy tính,2026-02-03,29,437,0.525,3,6.0,2,9.8,3.4,2.5,Không đạt
SV2601558,Công nghệ thông tin,Nữ,23-30,Không,Kết hợp,Nghệ An,Máy tính,23-01-2026,37,855,0.663,9,6.3,8,31.6,8.3,4.7,Đạt
SV2602818,Ngôn ngữ Anh,Nam,23-30,Không,Trực tuyến,Hưng Yên,Điện thoại,04/02/2026,36,392,0.453,5,6.2,1,2.9,2.5,6.0,Đạt
SV2601789,Kế toán,Nam,31-40,Có,Kết hợp,Hà Nội,Điện thoại,2026-02-14,46,991,0.816,8,7.2,3,7.3,5.9,6.1,Đạt
SV2600614,Quản trị kinh doanh,Nam,23-30,Có,Kết hợp,Hà Nội,Máy tính,2026-02-12,39,64,0.454,5,6.4,2,16.0,4.6,4.2,Đạt
SV2601757,Ngôn ngữ Anh,Nữ,18-22,Không,Trực tuyến,Hà Nội,Điện thoại,25/01/2026,39,387,0.618,7,2.6,2,12.9,5.4,7.4,Đạt
SV2601403,Công nghệ thông tin,Nam,18-22,Không,Kết hợp,Nghệ An,Điện thoại,2026-02-12,9,632,,4,4.5,0,7.9,6.1,2.1,Không đạt
SV2602707,Công nghệ thông tin,Nam,18-22,Không,Trực tuyến,Hà Nội,Điện thoại,09/02/2026,44,1240,0.758,6,8.1,5,8.3,6.5,10.0,Đạt
SV2601622,Du lịch,Nữ,23-30,Có,Kết hợp,Hà Nội,Máy tính,09-02-2026,31,556,0.447,9,7.2,2,35.1,4.3,3.5,Không đạt
SV2600567,Công nghệ thông tin,Nam,23-30,Có,Trực tuyến,Đồng Nai,Máy tính,2026-02-14,26,206,0.273,5,6.4,0,24.8,3.5,0.8,Không đạt
SV2600831,Quản trị kinh doanh,Nam,18-22,Không,Trực tuyến,Bình Dương,Điện thoại,2026-01-27,50,1117,,6,6.5,4,4.9,6.6,8.9,Đạt
SV2600355,Công nghệ thông tin,Nữ,18-22,Không,Trực tuyến,Khánh Hòa,Máy tính,2026-02-06,53,1009,0.579,8,5.5,2,25.3,7.5,7.4,Đạt
SV2601820,Quản trị kinh doanh,Nữ,Trên 40,Có,Kết hợp,Thanh Hóa,Máy tính,2026-01-27,30,878,0.481,4,7.3,1,49.0,6.0,5.5,Đạt
SV2602252,Công nghệ thông tin,Nam,18-22,Không,Trực tuyến,Quảng Ninh,Điện thoại,2026-01-21,54,971,0.738,8,10.0,5,21.8,9.7,6.9,Đạt
SV2601089,Quản trị kinh doanh,Nữ,Trên 40,Có,Trực tuyến,TP Hồ Chí Minh,Máy tính,2026-02-03,35,652,0.261,7,8.2,3,24.3,6.0,5.4,Đạt
SV2601215,Quản trị kinh doanh,Nữ,23-30,Có,Kết hợp,Bắc Ninh,Máy tính bảng,2026-02-11,20,491,0.476,4,3.5,0,11.5,3.9,3.2,Không đạt
SV2602674,Công nghệ thông tin,Nam,18-22,Không,Kết hợp,Nghệ An,Điện thoại,2026-02-05,2,275,0.298,5,4.5,0,10.4,5.0,1.6,Không đạt
SV2602094,Ngôn ngữ Anh,Nữ,18-22,Không,Kết hợp,Khánh Hòa,Máy tính,07-02-2026,27,973,1.0,8,9.0,6,11.5,5.9,6.8,Đạt
SV2600887,Luật,Khác,23-30,Không,Trực tuyến,Hà Nội,Điện thoại,02/02/2026,43,920,0.547,8,6.7,6,16.3,6.2,6.5,Đạt
SV2601160, Du lịch ,Nữ,23-30,Có,Trực tuyến,Hà Nội,Máy tính,2026-01-23,54,1597,0.841,8,8.9,8,18.6,7.7,10.0,Đạt
SV2600871,Kinh tế,Khác,18-22,Không,Kết hợp,Hà Nội,Máy tính,25-01-2026,63,930,0.693,10,9.1,0,8.3,8.8,7.9,Đạt
SV2602434,Kế toán,Nữ,18-22,Có,Kết hợp,Bình Dương,Điện thoại,2026-02-14,40,1505,0.689,9,10.0,7,0.3,7.3,6.3,Đạt
SV2602928,Kinh tế,Nam,18-22,Không,Trực tuyến,Hà Nội,Máy tính,08/02/2026,27,678,0.641,8,5.1,2,12.2,4.5,3.9,Không đạt
SV2600602,Công nghệ thông tin,Nữ,23-30,Có,Kết hợp,Thanh Hóa,Điện thoại,2026-02-16,41,1113,0.739,4,5.7,4,5.5,7.8,6.6,Đạt
SV2600328,Du lịch,Nữ,23-30,Có,Trực tuyến,Hà Nội,Điện thoại,2026-01-30,21,683,0.66,5,5.6,1,23.0,,6.5,Đạt
SV2601226,Công nghệ thông tin,Nam,23-30,Có,Trực tuyến,Đà Nẵng,Máy tính,03/02/2026,1,392,0.0,0,0.0,0,82.0,2.7,0.6,Không đạt
SV2600992,Luật,Nữ,23-30,Không,Trực tuyến,Hưng Yên,Điện thoại,2026-01-31,51,1123,0.597,10,6.8,6,35.2,5.5,5.7,Đạt
SV2601316,Kinh tế,Nữ,18-22,Không,Kết hợp,Thanh Hóa,Điện thoại,2026-01-31,51,784,0.63,10,6.0,3,10.5,7.7,5.2,Đạt
SV2602675,Kế toán,Khác,18-22,Không,Trực tuyến,,Điện thoại,2026-02-15,38,1318,0.72,10,8.5,6,7.1,8.7,10.0,Đạt
SV2600345, Kế toán ,Nam,23-30,Có,Trực tuyến,TP Hồ Chí Minh,Điện thoại,2026-01-31,2,484,0.326,7,3.8,0,17.6,1.1,2.6,Không đạt
SV2600995,Kinh tế,Nam,31-40,Không,Trực tuyến,Thanh Hóa,Máy tính,2026-02-03,70,1112,1.0,10,6.9,7,14.2,9.3,8.1,Đạt
SV2601418,Du lịch,Nam,23-30,Có,Trực tuyến,Lâm Đồng,Máy tính bảng,2026-02-10,34,836,0.66,8,8.2,4,9.6,5.1,8.4,Đạt
SV2601935,Công nghệ thông tin,Nam,18-22,Không,Trực tuyến,Nghệ An,Máy tính,2026-01-22,36,803,0.453,8,5.4,4,34.8,4.6,5.1,Đạt
SV2601076,Luật,Nam,18-22,Không,Trực tuyến,Hưng Yên,Máy tính,2026-02-01,1,319,0.287,3,"3,6",0,16.6,2.1,1.0,Không đạt
SV2600488,Quản trị kinh doanh,nữ,18-22,Không,Trực tuyến,TP Hồ Chí Minh,Máy tính,2026-01-24,4,1020,0.395,4,2.5,0,63.3,1.1,0.0,Không đạt
SV2600508,Kế toán,nam,18-22,Không,Trực tuyến,Hà Nội,Máy tính,2026-02-14,53,1125,0.816,10,5.7,5,1.3,8.1,7.3,Đạt
SV2600963,Kế toán,Nam,23-30,Không,Trực tuyến,Hải Phòng,Máy tính,2026-02-10,84,2151,1.0,10,7.6,12,1.5,10.0,9.6,Đạt
SV2601087,Ngôn ngữ Anh,Nam,18-22,Không,Trực tuyến,TP Hồ Chí Minh,Điện thoại,2026-01-27,50,1324,0.794,10,9.4,5,9.9,7.8,8.5,Đạt
SV2601745,Công nghệ thông tin,Nam,Trên 40,Có,Trực tuyến,Quảng Ninh,Máy tính,2026-01-23,39,888,0.612,8,9.3,3,3.2,6.3,7.7,Đạt
SV2601173,Kinh tế,Nữ,23-30,Có,Trực tuyến,Lâm Đồng,Máy tính,2026-02-05,45,1256,0.561,7,8.3,3,11.2,7.4,7.2,Đạt
SV2602636,Quản trị kinh doanh,Nam,18-22,Không,Trực tuyến,Hà Nội,Máy tính,2026-01-24,43,1054,0.723,7,4.4,3,3.6,5.7,6.5,Đạt
SV2602852,Công nghệ thông tin,Nam,Trên 40,Có,Trực tuyến,Nghệ An,Điện thoại,07-02-2026,27,776,0.425,6,7.2,2,15.3,7.2,7.0,Đạt
SV2601545,Quản trị kinh doanh,Nam,18-22,Không,Trực tuyến,Nghệ An,Điện thoại,2026-02-09,56,1568,1.0,10,6.6,2,6.5,7.5,8.7,Đạt
SV2600788,Ngôn ngữ Anh,Nam,31-40,Có,Trực tuyến,TP Hồ Chí Minh,Điện thoại,14/02/2026,12,154,0.101,4,5.0,0,13.2,4.3,2.1,Không đạt
SV2601836,Công nghệ thông tin,Nữ,18-22,Không,Kết hợp,Bắc Ninh,Điện thoại,02/02/2026,68,1344,0.977,10,10.0,12,4.9,9.7,9.3,Đạt
SV2601475,Công nghệ thông tin,Nam,Trên 40,Có,Trực tuyến,Hà Nội,Máy tính,01-02-2026,35,689,0.677,10,7.2,1,11.0,5.0,7.4,Đạt
SV2602312,Kinh tế,Nữ,23-30,Không,Trực tuyến,Bắc Ninh,Máy tính,2026-02-13,48,811,0.596,10,4.8,4,6.4,5.0,4.6,Đạt
SV2600721,Quản trị kinh doanh,Khác,23-30,Có,Trực tuyến,Hà Nội,Điện thoại,04/02/2026,24,792,0.344,10,8.5,4,3.0,7.9,6.7,Đạt
SV2601518,Quản trị kinh doanh,Nam,18-22,Không,Trực tuyến,Thái Nguyên,Điện thoại,2026-02-07,42,748,0.582,10,6.3,2,13.9,6.1,4.0,Đạt
SV2601012,Du lịch,Nam,18-22,KHONG,Trực tuyến,Nghệ An,Điện thoại,2026-02-09,49,1265,0.586,10,7.6,4,17.0,5.3,7.3,Đạt
SV2601527,Du lịch,Nam,Trên 40,Có,Trực tuyến,Bắc Ninh,Máy tính,25-01-2026,34,1737,0.566,8,8.0,5,0.3,9.7,10.0,Đạt
SV2601008,Công nghệ thông tin,Nữ,18-22,Không,Trực tuyến,Đà Nẵng,Điện thoại,2026-01-30,52,940,0.985,8,5.0,4,8.6,7.9,8.6,Đạt
SV2600925,Kinh tế,Nữ,23-30,Có,Trực tuyến,Hà Nội,Máy tính,27-01-2026,59,1024,0.662,10,8.2,2,2.4,6.1,8.0,Đạt
SV2601769,Du lịch,Nam,18-22,Không,Trực tuyến,Lâm Đồng,Điện thoại,11/02/2026,36,635,0.737,6,7.6,6,8.5,5.7,6.8,Đạt
SV2602747,Công nghệ thông tin,Nữ,23-30,Có,Trực tuyến,Đồng Nai,Điện thoại,25-01-2026,34,386,0.358,4,6.1,1,25.6,7.1,5.8,Đạt
SV2602801,Công nghệ thông tin,Nam,31-40,Không,Kết hợp,Hà Nội,Máy tính,2026-01-22,31,487,0.801,10,7.1,5,8.0,6.5,7.2,Đạt
SV2600676,Công nghệ thông tin,Nữ,23-30,Có,Trực tuyến,Nghệ An,Điện thoại,2026-02-07,42,687,0.541,7,8.5,1,16.9,6.7,6.7,Đạt
SV2600249,Quản trị kinh doanh,Nữ,23-30,Có,Trực tuyến,Thái Nguyên,Máy tính,2026-02-11,42,631,0.552,4,6.0,1,19.8,5.0,4.7,Đạt
SV2602736,Du lịch,Nam,31-40,Có,Kết hợp,TP Hồ Chí Minh,Máy tính,02-02-2026,26,809,0.369,4,5.7,2,10.3,2.9,2.5,Không đạt
SV2600415, Công nghệ thông tin ,Nam,18-22,Không,Trực tuyến,Hà Nội,Máy tính,26/01/2026,29,1094,0.907,10,7.9,2,1.9,8.0,8.7,Đạt
SV2600026,Công nghệ thông tin,Nữ,23-30,Có,Trực tuyến,Nghệ An,Điện thoại,2026-01-31,15,311,0.508,4,3.7,2,9.2,3.2,1.7,Không đạt
SV2600981,Công nghệ thông tin,Nam,18-22,Không,Trực tuyến,TP Hồ Chí Minh,Điện thoại,2026-01-23,55,1198,0.862,7,10.0,2,72.2,5.7,5.0,Đạt
SV2601052,Du lịch,Nữ,31-40,Có,Trực tuyến,Nghệ An,Điện thoại,22/01/2026,28,821,0.723,10,5.6,6,7.7,,7.9,Đạt
SV2600848,Công nghệ thông tin,Nam,18-22,Không,Trực tuyến,Cần Thơ,Điện thoại,2026-01-26,52,1774,1.0,9,8.2,3,2.5,,10.0,Đạt
SV2600561,Kinh tế,Nam,18-22,Không,Kết hợp,Hà Nội,Máy tính,2026-02-11,30,715,0.538,6,5.2,2,9.9,6.6,4.9,Đạt
SV2602443,Công nghệ thông tin,Nam,18-22,Không,Trực tuyến,Hà Nội,Máy tính,10-02-2026,20,1273,0.932,10,9.2,1,12.8,5.6,7.9,Đạt
SV2601243,Quản trị kinh doanh,Nữ,18-22,Không,Kết hợp,Đồng Nai,Điện thoại,2026-02-12,56,1691,0.965,10,10.0,6,0.6,8.4,9.9,Đạt
SV2600385,Công nghệ thông tin,Nam,18-22,Không,Kết hợp,TP Hồ Chí Minh,Máy tính,24/01/2026,88,1280,0.861,10,"9,2",8,9.8,10.0,8.9,Đạt
SV2602219,Luật,Nữ,23-30,Có,Trực tuyến,Cần Thơ,Điện thoại,2026-01-31,18,997,0.39,6,8.8,2,10.0,5.4,5.3,Đạt
SV2601974,Kế toán,Nam,Trên 40,CO,Trực tuyến,Nghệ An,Máy tính,07/02/2026,46,1109,,10,7.9,4,25.9,6.4,6.2,Đạt
SV2602009,Ngôn ngữ Anh,Nữ,18-22,Không,Trực tuyến,Quảng Ninh,Máy tính,09/02/2026,46,947,0.404,10,6.9,3,7.6,3.1,5.1,Đạt
SV2600880, Luật ,Nữ,31-40,Có,Trực tuyến,TP Hồ Chí Minh,Máy tính,2026-01-27,29,381,0.55,7,"5,5",1,11.5,6.8,6.9,Đạt
SV2600337,Kinh tế,Khác,18-22,Không,Trực tuyến,Đồng Nai,Máy tính bảng,2026-02-16,49,1550,0.781,10,8.3,3,47.4,7.1,5.5,Đạt
SV2600668,Kinh tế,Nam,23-30,Có,Trực tuyến,Lâm Đồng,Máy tính,23/01/2026,41,1010,0.48,7,6.3,0,24.2,7.4,7.9,Đạt
SV2601556,Công nghệ thông tin,Nam,23-30,Không,Trực tuyến,Hà Nội,Máy tính,14-02-2026,40,773,0.7,9,7.3,9,8.2,5.9,8.7,Đạt
SV2600690,Du lịch,Nam,18-22,Không,Trực tuyến,Bắc Ninh,Điện thoại,09/02/2026,35,431,0.243,6,6.6,4,2.9,4.2,3.9,Không đạt
SV2600419,Luật,Nam,23-30,Có,Trực tuyến,Hà Nội,Máy tính,2026-02-03,52,1267,0.681,10,6.8,8,8.7,8.2,7.3,Đạt
SV2601758,Ngôn ngữ Anh,Nữ,Trên 40,Có,Trực tuyến,Nghệ An,Máy tính,13/02/2026,35,1267,0.515,4,8.1,2,20.5,7.6,6.8,Đạt
SV2602102,Kế toán,Nam,18-22,Có,Trực tuyến,Hà Nội,Máy tính,2026-02-14,45,1199,0.659,7,5.6,7,3.4,7.8,8.6,Đạt
SV2601443,Kế toán,nữ,23-30,Có,Trực tuyến,Quảng Ninh,Điện thoại,27-01-2026,6,822,0.305,6,4.3,1,71.5,2.9,2.1,Không đạt
SV2602371,Công nghệ thông tin,Nữ,18-22,Không,Trực tuyến,Đà Nẵng,Máy tính,2026-02-02,41,880,0.704,6,5.0,6,10.6,7.2,7.6,Đạt
SV2601795,Công nghệ thông tin,Nam,23-30,Không,Trực tuyến,Bắc Ninh,Máy tính,2026-01-23,34,735,0.615,9,9.2,5,8.8,7.4,8.4,Đạt
SV2601860,Kinh tế,Nữ,23-30,Có,Trực tuyến,Quảng Ninh,Máy tính,05/02/2026,49,1156,0.488,5,7.1,2,12.6,8.1,8.8,Đạt
SV2602844,Công nghệ thông tin,Nam,31-40,CO,Trực tuyến,TP Hồ Chí Minh,Máy tính,2026-02-04,41,1492,0.649,8,7.2,3,3.2,7.6,9.1,Đạt
SV2602585,Công nghệ thông tin,Nữ,18-22,Không,Trực tuyến,Hà Nội,Điện thoại,27/01/2026,47,749,0.824,5,8.8,5,6.1,6.0,6.7,Đạt
SV2601783,Luật,Nữ,23-30,Không,Trực tuyến,Đà Nẵng,Điện thoại,10/02/2026,44,1279,0.921,8,9.5,7,7.6,6.7,8.9,Đạt
SV2602120,Công nghệ thông tin,Nữ,18-22,Không,Trực tuyến,Bắc Ninh,Điện thoại,28/01/2026,39,1053,0.434,8,6.5,0,11.6,7.5,6.2,Đạt
SV2602271,Công nghệ thông tin,Nam,18-22,Có,Trực tuyến,TP Hồ Chí Minh,Máy tính,05/02/2026,31,485,0.507,6,8.7,4,23.9,5.7,5.1,Đạt
SV2602265,Kế toán,Nam,23-30,Có,Kết hợp,Bình Dương,Điện thoại,07-02-2026,44,1144,1.0,9,7.3,4,7.2,7.9,6.3,Đạt
SV2600417,Công nghệ thông tin,Nữ,18-22,Không,Kết hợp,Cần Thơ,Máy tính,2026-01-24,34,1284,0.649,10,4.6,4,9.9,8.0,5.1,Đạt
SV2602194,Ngôn ngữ Anh,Nam,18-22,Không,Trực tuyến,Hà Nội,Máy tính,12-02-2026,45,912,0.344,7,4.8,4,3.3,,3.8,Không đạt
SV2601143,Công nghệ thông tin,Nữ,18-22,Không,Kết hợp,TP Hồ Chí Minh,Máy tính,26-01-2026,48,1537,0.7,8,8.2,8,6.2,7.2,9.1,Đạt
SV2601689,Công nghệ thông tin,Nam,18-22,Không,Trực tuyến,Hưng Yên,Máy tính,2026-02-10,35,702,0.723,10,4.6,5,41.6,6.2,3.1,Không đạt
SV2601589,Kế toán,Nữ,31-40,Có,Kết hợp,Thanh Hóa,Máy tính,2026-01-29,43,1203,0.745,10,8.3,7,14.0,8.5,9.0,Đạt
SV2600366,Quản trị kinh doanh,Nữ,31-40,Có,Trực tuyến,Hà Nội,Điện thoại,23-01-2026,53,595,0.638,5,6.3,1,5.6,7.4,7.8,Đạt
SV2602526,Kinh tế,Nam,31-40,Có,Trực tuyến,Thái Nguyên,Điện thoại,2026-02-10,21,785,0.702,3,7.8,3,23.6,5.4,5.9,Đạt
SV2600619,Du lịch,Nam,23-30,Không,Trực tuyến,Thanh Hóa,Máy tính,2026-02-06,55,731,0.574,7,6.5,3,3.8,6.2,6.8,Đạt
SV2602661,Kế toán,Nữ,Trên 40,Có,Trực tuyến,Hải Phòng,Điện thoại,30/01/2026,33,697,0.54,6,4.6,1,17.5,5.6,5.5,Đạt
SV2602337,Kế toán,Nữ,23-30,Có,Trực tuyến,Bình Dương,Điện thoại,08/02/2026,38,226,0.392,9,7.8,1,15.8,4.8,5.4,Đạt
SV2601520,Luật,Nữ,31-40,Không,Kết hợp,Đà Nẵng,Điện thoại,2026-02-13,41,1063,,7,6.6,4,5.6,5.0,5.4,Đạt
SV2602448,Công nghệ thông tin,Nam,18-22,Không,Trực tuyến,TP Hồ Chí Minh,Máy tính,2026-02-11,18,422,0.478,3,4.1,0,17.4,2.7,0.9,Không đạt
SV2602341,Kinh tế,Khác,18-22,Không,Kết hợp,Thanh Hóa,Máy tính,2026-02-12,36,256,0.828,8,6.1,3,22.4,4.9,5.7,Đạt
SV2601412,Công nghệ thông tin,Nam,23-30,Có,Trực tuyến,Hà Nội,Máy tính,2026-02-12,18,762,0.746,8,6.7,3,8.5,,6.5,Đạt
SV2602372,Du lịch,Nữ,18-22,Không,Trực tuyến,Quảng Ninh,Điện thoại,2026-02-01,24,915,0.417,4,5.7,0,13.3,,3.1,Không đạt
SV2600833,Du lịch,Nam,23-30,Không,Trực tuyến,Đồng Nai,Điện thoại,01/02/2026,51,661,0.837,8,4.2,1,10.0,3.7,4.5,Đạt
SV2601924,Công nghệ thông tin,Nữ,18-22,KHONG,Kết hợp,TP Hồ Chí Minh,Máy tính,2026-02-12,51,1013,0.896,9,9.8,8,5.8,8.0,9.3,Đạt
SV2601694,Du lịch,Nam,23-30,Có,Trực tuyến,Cần Thơ,Điện thoại,05/02/2026,31,200,0.48,6,5.7,1,26.7,5.4,4.9,Đạt
SV2601576,Luật,Nam,23-30,Không,Kết hợp,Hà Nội,Máy tính,2026-01-30,28,1278,0.554,4,8.7,2,24.6,6.2,3.4,Không đạt
SV2602519,Công nghệ thông tin,Nam,31-40,Không,Kết hợp,Nghệ An,Điện thoại,2026-01-25,40,932,0.31,5,3.9,2,1.4,6.3,4.8,Đạt
SV2602521,Du lịch,Nữ,Trên 40,Có,Kết hợp,Hà Nội,Máy tính,2026-01-29,22,1522,0.841,9,7.5,10,2.3,6.4,5.7,Đạt
SV2602538,Công nghệ thông tin,nữ,23-30,Có,Kết hợp,Hà Nội,Điện thoại,23/01/2026,33,310,0.522,8,6.3,3,14.0,5.8,7.3,Đạt
SV2600735,Luật,Nam,18-22,Không,Trực tuyến,Hà Nội,Máy tính,2026-02-01,53,546,0.671,8,6.5,4,19.5,5.6,6.5,Đạt
SV2600755,Công nghệ thông tin,Nữ,31-40,Có,Trực tuyến,Hà Nội,Điện thoại,2026-01-25,10,857,0.611,4,9.9,0,15.7,,5.8,Đạt
SV2600757,Công nghệ thông tin,Nam,23-30,Không,Kết hợp,Hải Phòng,Máy tính,2026-01-31,49,1220,0.8,10,7.7,5,9.2,7.5,7.4,Đạt
SV2600881,Công nghệ thông tin,Nam,18-22,Có,Trực tuyến,Thanh Hóa,Máy tính,2026-02-14,48,1354,0.796,5,7.0,3,12.8,6.1,9.1,Đạt
SV2600778,Luật,Nữ,31-40,Có,Trực tuyến,Hà Nội,Máy tính,2026-01-29,64,1368,0.739,10,8.6,4,4.9,7.2,5.4,Đạt
SV2602249,Công nghệ thông tin,Nữ,18-22,KHONG,Trực tuyến,Khánh Hòa,Máy tính,2026-01-25,47,1141,0.663,10,"7,7",4,5.2,6.7,9.5,Đạt
SV2600545,Du lịch,Nam,23-30,Có,Trực tuyến,Cần Thơ,Điện thoại,2026-02-16,43,1431,0.952,6,10.0,8,9.1,10.0,10.0,Đạt
SV2601823,Ngôn ngữ Anh,Nữ,18-22,Không,Trực tuyến,Nghệ An,Máy tính,15/02/2026,39,998,0.476,8,8.0,2,5.2,8.0,6.3,Đạt
SV2601524,Kinh tế,Nam,Trên 40,Không,Trực tuyến,Hà Nội,Điện thoại,2026-01-29,28,1130,0.589,4,5.9,4,16.8,6.3,5.4,Đạt
SV2601838,Ngôn ngữ Anh,Nam,18-22,Có,Trực tuyến,TP Hồ Chí Minh,Máy tính,2026-02-07,36,575,0.432,1,5.9,0,13.9,4.1,4.9,Đạt
SV2601939,Kế toán,Nữ,18-22,Không,Trực tuyến,Cần Thơ,Điện thoại,2026-01-20,34,1349,0.8,10,7.2,2,11.4,,6.8,Đạt
SV2602388,Quản trị kinh doanh,Nam,Trên 40,Không,Kết hợp,Hà Nội,Máy tính,2026-02-06,33,795,0.976,4,5.6,4,9.3,6.1,2.8,Không đạt
SV2601156,Luật,Nam,18-22,Không,Trực tuyến,Bình Dương,Điện thoại,2026-01-29,51,99999,0.705,10,10.0,8,10.5,8.1,8.0,Đạt
SV2602694,Công nghệ thông tin,Nam,Trên 40,Có,Trực tuyến,Hà Nội,Máy tính bảng,2026-01-28,27,860,0.349,9,4.0,0,13.4,5.6,4.0,Đạt
SV2601898,Công nghệ thông tin,Nữ,18-22,Không,Trực tuyến,Cần Thơ,Máy tính,09/02/2026,48,491,0.472,4,5.0,0,16.0,5.1,4.1,Đạt
SV2601136,Quản trị kinh doanh,Nữ,23-30,CO,Trực tuyến,Hà Nội,Máy tính bảng,06-02-2026,41,659,0.806,10,9.0,4,2.8,7.5,7.8,Đạt
SV2601029,Du lịch,Nam,23-30,Có,Trực tuyến,Hà Nội,Điện thoại,09/02/2026,59,901,0.78,7,"8,0",3,6.9,6.7,6.4,Đạt
SV2602720,Công nghệ thông tin,Nữ,23-30,Có,Trực tuyến,Nghệ An,Máy tính bảng,27-01-2026,45,1194,0.512,6,5.8,2,60.1,6.1,6.3,Đạt
SV2602848,Công nghệ thông tin,Nam,23-30,Có,Trực tuyến,Nghệ An,Máy tính,2026-02-07,50,973,0.472,10,4.8,1,42.1,3.5,6.0,Đạt
SV2601047,Kế toán,Nữ,18-22,Không,Trực tuyến,Hưng Yên,Máy tính,12-02-2026,48,750,0.368,8,7.0,4,4.9,9.9,6.6,Đạt
SV2600883,Du lịch,Nam,31-40,Có,Trực tuyến,Lâm Đồng,Điện thoại,2026-01-30,39,691,0.15,6,6.6,2,4.3,3.7,5.3,Đạt
SV2600246, Quản trị kinh doanh ,Nam,23-30,Không,Trực tuyến,TP Hồ Chí Minh,Máy tính,2026-02-09,52,1386,0.585,10,6.8,2,12.7,5.5,6.4,Đạt
SV2600271,Công nghệ thông tin,Nữ,23-30,Có,Trực tuyến,Đồng Nai,Máy tính,2026-02-05,24,785,0.358,7,7.2,4,5.4,6.2,5.4,Đạt
SV2602475,Quản trị kinh doanh,Nam,23-30,Không,Trực tuyến,Đà Nẵng,Điện thoại,20/01/2026,58,997,0.725,8,6.4,5,16.9,6.3,5.6,Đạt
SV2602058,Công nghệ thông tin,Nam,18-22,Không,Trực tuyến,Nghệ An,Điện thoại,05/02/2026,52,1153,0.518,7,5.4,5,2.6,7.0,6.7,Đạt
SV2601155,Luật,Nữ,23-30,Không,Trực tuyến,Hưng Yên,Điện thoại,2026-01-27,43,449,0.561,7,5.9,7,50.4,5.4,4.7,Đạt
SV2601780,Luật,Nam,18-22,Không,Trực tuyến,Hà Nội,Máy tính,2026-02-15,63,1410,0.722,7,5.1,4,19.7,4.8,6.9,Đạt
SV2602393,Kinh tế,Nữ,31-40,Có,Trực tuyến,Hà Nội,Máy tính,2026-02-13,33,1873,0.838,7,9.0,6,4.5,8.3,10.0,Đạt
SV2601992,Công nghệ thông tin,Nữ,18-22,Không,Trực tuyến,Bắc Ninh,Máy tính,2026-01-30,51,830,0.653,6,6.3,2,4.8,6.4,9.0,Đạt
SV2602854,Du lịch,Nữ,18-22,Không,Trực tuyến,Thái Nguyên,Điện thoại,2026-01-29,54,613,0.779,10,5.3,6,5.9,5.0,5.8,Đạt
SV2601631,Công nghệ thông tin,Nữ,23-30,Có,Trực tuyến,Nghệ An,Điện thoại,29/01/2026,32,1194,0.242,6,8.9,6,9.2,8.6,7.7,Đạt
SV2600539,Kinh tế,Nam,18-22,Không,Trực tuyến,TP Hồ Chí Minh,Điện thoại,14/02/2026,37,978,0.574,10,7.7,5,10.4,5.4,6.2,Đạt
SV2600382,Công nghệ thông tin,Nam,23-30,Có,Kết hợp,Hà Nội,Máy tính,04-02-2026,25,1203,0.366,2,7.0,1,7.8,5.6,3.7,Không đạt
SV2602819,Quản trị kinh doanh,Nam,23-30,Có,Trực tuyến,TP Hồ Chí Minh,Điện thoại,16-02-2026,63,809,0.398,7,7.0,3,3.3,,6.6,Đạt
SV2602778,Luật,Nữ,Trên 40,Có,Trực tuyến,Hà Nội,Điện thoại,2026-01-20,50,922,0.773,10,8.6,14,25.0,8.6,10.0,Đạt
SV2600931,Công nghệ thông tin,Nữ,18-22,Không,Trực tuyến,Hà Nội,Máy tính,24/01/2026,48,1044,0.367,9,8.0,4,17.8,3.9,5.2,Đạt
SV2601220,Ngôn ngữ Anh,Khác,31-40,Có,Trực tuyến,Hà Nội,,2026-01-21,6,331,0.243,5,0.9,1,25.3,2.4,3.0,Không đạt
SV2601855,Công nghệ thông tin,Nữ,18-22,Có,Trực tuyến,,Máy tính,22/01/2026,10,622,0.506,7,7.3,0,5.1,,10.0,Đạt
SV2600205,Du lịch,Nữ,23-30,Có,Trực tuyến,Nghệ An,Máy tính,30/01/2026,37,1181,0.892,8,10.0,5,15.0,5.6,7.9,Đạt
SV2601833,Kế toán,Nam,31-40,Có,Kết hợp,Nghệ An,Máy tính,2026-02-09,13,855,0.659,6,7.7,2,36.0,4.4,3.3,Không đạt
SV2602878,Luật,Nữ,18-22,Không,Trực tuyến,Hà Nội,Điện thoại,2026-01-29,16,576,0.295,8,4.2,0,44.9,,1.0,Không đạt
SV2602998,Quản trị kinh doanh,Nữ,23-30,Không,Trực tuyến,Thanh Hóa,Điện thoại,2026-01-24,42,756,0.715,8,5.3,4,10.5,6.3,5.8,Đạt
SV2600500,Du lịch,Nữ,18-22,Không,Trực tuyến,Thái Nguyên,Điện thoại,20-01-2026,29,1402,0.728,7,4.4,2,5.0,3.6,6.4,Đạt
SV2600827,Du lịch,Nữ,18-22,Không,Trực tuyến,Hà Nội,Máy tính bảng,22-01-2026,29,832,0.699,7,3.2,1,6.3,4.5,6.1,Đạt
SV2602621,Du lịch,Nam,23-30,Không,Kết hợp,Đà Nẵng,Máy tính,2026-02-08,36,358,0.381,6,6.1,1,19.8,3.2,2.8,Không đạt
SV2600701,Quản trị kinh doanh,Nữ,31-40,Có,Trực tuyến,Đà Nẵng,Máy tính,2026-01-23,53,1023,0.529,6,6.0,5,5.1,7.4,7.6,Đạt
SV2601535,Công nghệ thông tin,nam,23-30,Không,Trực tuyến,Bình Dương,Máy tính,2026-01-31,57,890,0.696,5,7.1,1,1.8,6.5,8.3,Đạt
SV2600686,Công nghệ thông tin,Nam,Trên 40,Có,Trực tuyến,Hà Nội,Máy tính,30/01/2026,40,990,0.269,5,6.6,1,27.0,5.1,4.4,Đạt
SV2602579,Kinh tế,Nam,18-22,Không,Trực tuyến,Đồng Nai,Máy tính,21/01/2026,29,389,0.581,4,7.0,1,14.2,3.8,4.1,Đạt
SV2602442,Luật,Nam,31-40,Có,Kết hợp,Bình Dương,Máy tính,22-01-2026,55,743,0.57,6,5.1,2,0.3,5.3,5.0,Đạt
SV2602623, Ngôn ngữ Anh ,Nữ,18-22,Không,Kết hợp,Thái Nguyên,Điện thoại,11-02-2026,32,317,0.504,7,6.1,3,20.1,,4.5,Đạt
SV2600585,Quản trị kinh doanh,Nam,18-22,Không,Trực tuyến,Khánh Hòa,Điện thoại,09/02/2026,41,844,0.701,10,7.0,4,8.0,5.3,6.2,Đạt
SV2602480,Công nghệ thông tin,Nữ,18-22,Không,Kết hợp,Thái Nguyên,Điện thoại,2026-02-15,53,392,0.734,9,8.5,6,33.1,8.2,3.3,Không đạt
SV2601468,Quản trị kinh doanh,Nam,23-30,Có,Trực tuyến,Khánh Hòa,Điện thoại,30/01/2026,50,1207,0.634,7,6.5,10,216.0,8.5,7.0,Đạt
SV2600653,Công nghệ thông tin,Nam,31-40,Có,Trực tuyến,Hà Nội,Máy tính,2026-01-31,19,524,0.203,4,3.9,1,18.6,7.3,4.0,Đạt
SV2600930,Kế toán,Nam,18-22,Không,Trực tuyến,Thanh Hóa,Máy tính,2026-01-24,45,1010,0.729,10,6.9,0,8.3,6.0,8.5,Đạt
SV2601499,Kinh tế,Nữ,18-22,Không,Kết hợp,Hà Nội,Điện thoại,2026-01-21,10,843,,4,5.9,0,17.9,4.7,2.0,Không đạt
SV2602348,Luật,Nữ,18-22,Không,Kết hợp,Khánh Hòa,Điện thoại,2026-02-15,52,418,1.0,9,6.4,9,12.4,7.3,5.7,Đạt
SV2601340,Công nghệ thông tin,Nam,23-30,Có,Kết hợp,Hà Nội,Điện thoại,2026-02-09,33,380,0.538,4,6.8,1,26.0,5.2,3.2,Không đạt
SV2600732,Kinh tế,Nam,18-22,Không,Trực tuyến,TP Hồ Chí Minh,Máy tính,05-02-2026,42,1241,0.602,10,7.3,7,7.1,4.6,8.3,Đạt
SV2600036,Kinh tế,Nam,31-40,Có,Trực tuyến,Cần Thơ,Điện thoại,03-02-2026,8,527,0.762,6,7.3,1,12.7,6.8,7.8,Đạt
SV2601784,Kinh tế,Nam,Trên 40,Có,Kết hợp,Nghệ An,Máy tính,25/01/2026,37,404,0.33,5,7.6,7,20.3,5.0,2.7,Không đạt
SV2601726,Công nghệ thông tin,Nam,18-22,Không,Trực tuyến,Thanh Hóa,Máy tính,26-01-2026,48,1290,0.9,7,6.6,3,11.8,7.2,8.1,Đạt
SV2600579,Công nghệ thông tin,Nữ,18-22,Không,Trực tuyến,Bình Dương,Máy tính,05-02-2026,30,627,0.207,5,4.0,1,2.9,4.7,4.3,Đạt
SV2600179,Ngôn ngữ Anh,Nữ,23-30,Có,Kết hợp,Đồng Nai,Máy tính,27/01/2026,40,1049,0.614,5,9.7,5,3.9,8.6,7.3,Đạt
SV2602074,Luật,Nữ,23-30,Có,Kết hợp,Đà Nẵng,Điện thoại,02/02/2026,40,941,0.679,8,3.2,3,25.5,4.9,4.0,Đạt
SV2601351,Công nghệ thông tin,Nữ,23-30,Có,Kết hợp,Hưng Yên,Máy tính,21-01-2026,35,778,0.55,4,7.4,2,11.6,6.6,4.5,Đạt
SV2602309,Công nghệ thông tin,Nữ,23-30,Có,Trực tuyến,Hưng Yên,Máy tính,04-02-2026,30,866,0.881,9,10.0,4,6.7,4.8,7.3,Đạt
SV2600909,Công nghệ thông tin,Nam,23-30,Có,Kết hợp,Bắc Ninh,Máy tính,04/02/2026,17,352,0.305,6,3.7,2,15.3,6.5,3.6,Không đạt
SV2601678,Công nghệ thông tin,Nam,18-22,Không,Trực tuyến,Thái Nguyên,Máy tính,2026-02-12,30,950,0.488,5,3.2,1,5.5,4.6,5.1,Đạt
SV2601298,Công nghệ thông tin,Nam,31-40,Có,Kết hợp,Hà Nội,Máy tính,2026-02-04,25,600,0.728,5,6.8,3,18.0,5.4,4.6,Đạt
SV2601921,Du lịch,Nam,Trên 40,Có,Trực tuyến,Cần Thơ,Điện thoại,2026-02-11,32,826,0.668,4,5.3,1,20.9,5.2,5.9,Đạt
SV2600806, Công nghệ thông tin ,Nữ,18-22,Không,Kết hợp,Đồng Nai,Máy tính,2026-01-31,46,1323,0.779,10,8.3,4,7.3,7.6,7.0,Đạt
SV2602404,Công nghệ thông tin,Nam,31-40,Có,Trực tuyến,Thanh Hóa,Máy tính,2026-02-10,40,462,0.179,3,"3,3",0,12.5,5.4,4.3,Đạt
SV2601720,Công nghệ thông tin,Nữ,18-22,Không,Trực tuyến,Thanh Hóa,Máy tính,2026-02-14,54,1127,0.828,10,8.3,4,18.5,9.3,8.0,Đạt
SV2600122,Quản trị kinh doanh,Nữ,18-22,Không,Trực tuyến,Đà Nẵng,Máy tính,2026-01-25,30,710,1.0,10,6.4,3,11.4,,8.6,Đạt
SV2601904,Luật,Nam,31-40,CO,Kết hợp,Hà Nội,Máy tính,2026-01-31,17,463,0.483,7,6.3,2,40.7,3.9,4.3,Đạt
SV2602897,Công nghệ thông tin,Khác,31-40,Có,Kết hợp,Đà Nẵng,Máy tính,2026-01-27,50,1232,0.691,6,7.9,2,16.6,5.5,5.3,Đạt
SV2600938,Công nghệ thông tin,Nam,23-30,Có,Kết hợp,Hà Nội,Điện thoại,2026-02-12,51,1084,0.731,4,5.5,0,19.2,5.3,4.1,Đạt
SV2601800,Ngôn ngữ Anh,Nữ,31-40,Có,Kết hợp,Hà Nội,Máy tính,04/02/2026,34,493,0.625,6,9.1,2,4.0,,6.4,Đạt
SV2600125,Quản trị kinh doanh,Nam,31-40,Có,Trực tuyến,Nghệ An,Máy tính,22-01-2026,49,1046,1.0,10,8.0,3,37.2,5.7,8.1,Đạt
SV2602324, Kế toán ,Nam,18-22,Không,Kết hợp,Khánh Hòa,Máy tính,11-02-2026,53,675,0.616,8,"6,9",1,1.4,6.9,5.9,Đạt
SV2602175, Kinh tế ,Nam,18-22,Không,Trực tuyến,Bắc Ninh,Máy tính,29-01-2026,44,1032,0.775,9,6.6,1,2.7,5.8,8.3,Đạt
SV2602990,Công nghệ thông tin,Nam,31-40,Có,Trực tuyến,TP Hồ Chí Minh,Máy tính,26-01-2026,28,637,0.653,4,7.0,1,16.3,4.5,5.6,Đạt
SV2600080,Ngôn ngữ Anh,Nữ,23-30,Có,Trực tuyến,Lâm Đồng,Điện thoại,21-01-2026,23,678,0.48,4,5.4,3,12.8,5.8,5.0,Đạt
SV2602776,Kinh tế,Nữ,18-22,Không,Trực tuyến,TP Hồ Chí Minh,Máy tính,2026-02-06,47,911,0.819,8,9.8,4,23.6,7.0,7.8,Đạt
SV2602660,Quản trị kinh doanh,Nữ,18-22,Không,Trực tuyến,Hưng Yên,Máy tính,2026-02-06,40,706,0.822,6,7.0,2,8.9,2.7,6.3,Đạt
SV2600593,Công nghệ thông tin,Nam,23-30,Có,Kết hợp,Hải Phòng,Điện thoại,2026-02-10,60,1428,0.776,9,9.0,5,10.6,8.1,6.9,Đạt
SV2602865,Kinh tế,Nữ,31-40,Không,Trực tuyến,TP Hồ Chí Minh,Máy tính,2026-02-08,65,1100,0.791,8,6.7,7,21.1,9.9,8.5,Đạt
SV2601365,Ngôn ngữ Anh,Nữ,23-30,Không,Trực tuyến,Hà Nội,Điện thoại,11/02/2026,36,850,0.636,7,6.7,5,2.7,7.1,8.4,Đạt
SV2600322,Công nghệ thông tin,Nam,23-30,Có,Trực tuyến,Hà Nội,Máy tính,2026-02-16,40,1027,0.578,7,9.2,7,6.5,,8.1,Đạt
SV2601618,Công nghệ thông tin,Nam,18-22,Không,Trực tuyến,Nghệ An,Điện thoại,2026-02-16,14,776,0.898,5,6.4,3,21.9,4.2,6.0,Đạt
SV2600466, Kế toán ,Nam,18-22,Không,Trực tuyến,Nghệ An,Máy tính,2026-02-03,38,712,0.607,6,5.1,2,16.4,3.7,5.1,Đạt
SV2600596,Kế toán,Nam,18-22,Không,Trực tuyến,Bắc Ninh,,2026-02-08,17,421,0.608,3,3.3,1,7.9,2.4,2.9,Không đạt
SV2600997,Kế toán,Nam,18-22,Không,Trực tuyến,TP Hồ Chí Minh,Máy tính bảng,2026-01-24,35,868,0.468,6,8.7,2,9.1,4.5,6.4,Đạt
SV2602316,Kế toán,Nam,23-30,CO,Trực tuyến,Hải Phòng,Máy tính,16/02/2026,47,1362,0.827,10,6.0,1,5.3,4.5,7.1,Đạt
SV2602732,Kinh tế,Nam,18-22,Không,Kết hợp,Hà Nội,Điện thoại,2026-02-15,56,1673,0.864,8,10.0,7,13.4,9.1,8.2,Đạt
SV2602952,Công nghệ thông tin,Nam,23-30,Có,Kết hợp,Hà Nội,Máy tính,2026-01-20,39,835,0.839,8,5.2,0,8.8,5.7,5.6,Đạt
SV2601508,Công nghệ thông tin,Nữ,18-22,Không,Trực tuyến,Thanh Hóa,Máy tính,2026-02-16,53,1058,0.87,7,7.1,5,39.8,,6.2,Đạt
SV2601277,Công nghệ thông tin,Nữ,18-22,Không,Trực tuyến,TP Hồ Chí Minh,Máy tính bảng,05/02/2026,40,1101,0.93,10,8.2,5,3.2,7.4,9.7,Đạt
SV2601973,Kế toán,Nữ,31-40,Có,Trực tuyến,Hà Nội,Điện thoại,2026-02-06,41,1235,0.765,8,7.5,3,9.5,6.8,9.0,Đạt
SV2601768,Quản trị kinh doanh,Nam,23-30,Không,Trực tuyến,Hà Nội,Máy tính,2026-02-04,53,1042,0.862,10,10.0,6,3.9,6.5,8.4,Đạt
SV2602265,Kế toán,Nam,23-30,Có,Kết hợp,Bình Dương,Điện thoại,07-02-2026,44,1144,1.0,9,7.3,5,7.2,7.9,6.3,Đạt
SV2602979,Kinh tế,Nam,18-22,Không,Trực tuyến,Hà Nội,Điện thoại,2026-01-30,27,1040,0.785,7,4.2,7,24.7,6.9,4.1,Đạt
SV2600553,Ngôn ngữ Anh,Nam,18-22,Có,Trực tuyến,,Máy tính,29-01-2026,36,1810,0.966,3,9.2,4,18.3,7.3,9.7,Đạt
SV2601679,Luật,Nữ,31-40,Có,Trực tuyến,Nghệ An,Máy tính,2026-01-31,38,275,0.164,2,3.0,2,6.6,3.3,1.9,Không đạt
SV2600203,Công nghệ thông tin,Nữ,31-40,Có,Trực tuyến,Thanh Hóa,Máy tính,2026-01-20,37,1167,0.529,7,7.3,2,21.8,6.9,7.8,Đạt
SV2601881,Kế toán,Nữ,18-22,Không,Trực tuyến,Quảng Ninh,Máy tính,2026-01-27,35,354,0.651,6,4.9,2,8.7,6.1,6.1,Đạt
SV2600484,Kế toán,Nam,23-30,Có,Trực tuyến,Đồng Nai,Máy tính,2026-01-22,27,737,0.084,4,"7,3",1,20.8,,5.2,Đạt
SV2601746,Luật,Nam,18-22,Không,Kết hợp,TP Hồ Chí Minh,Máy tính,20/01/2026,51,1016,0.809,7,6.5,5,13.3,7.0,6.8,Đạt
SV2602170,Công nghệ thông tin,Nữ,18-22,Có,Kết hợp,Bình Dương,Máy tính,2026-02-11,21,1263,,9,6.8,6,8.1,8.7,7.9,Đạt
SV2602080,Kinh tế,Nam,31-40,Không,Trực tuyến,Hà Nội,Máy tính,23/01/2026,21,737,0.273,7,6.3,1,19.5,,5.6,Đạt
SV2602864,Ngôn ngữ Anh,Nữ,23-30,Có,Trực tuyến,Hà Nội,Điện thoại,2026-01-30,31,870,0.719,6,"5,0",3,15.5,5.5,6.7,Đạt
SV2601528,Kinh tế,Nam,18-22,Có,Trực tuyến,Đà Nẵng,Điện thoại,16-02-2026,44,905,0.343,10,7.5,3,7.5,8.5,7.3,Đạt
SV2600900,Công nghệ thông tin,nam,18-22,Không,Trực tuyến,Hà Nội,Điện thoại,2026-01-30,35,804,0.844,10,8.6,11,2.2,7.4,8.6,Đạt
SV2602066,Du lịch,Nam,18-22,Không,Kết hợp,Nghệ An,Máy tính bảng,26/01/2026,6,609,0.546,5,3.8,1,13.2,3.9,1.2,Không đạt
SV2602152,Kinh tế,Nữ,23-30,Có,Trực tuyến,Hà Nội,Máy tính,20/01/2026,53,1112,0.912,8,9.1,7,24.0,7.9,10.0,Đạt
SV2600841,Du lịch,Nữ,18-22,Không,Trực tuyến,Hà Nội,Điện thoại,21-01-2026,65,948,0.688,10,9.5,9,5.7,7.4,8.3,Đạt
SV2600033, Công nghệ thông tin ,Nữ,18-22,Không,Kết hợp,Hà Nội,Máy tính,13/02/2026,8,70,0.301,8,3.0,0,7.8,4.2,2.8,Không đạt
SV2602356,Công nghệ thông tin,Nam,18-22,Không,Kết hợp,Bình Dương,Điện thoại,2026-02-05,57,1019,0.275,6,6.7,4,11.0,4.5,5.1,Đạt
SV2602067,Ngôn ngữ Anh,Nam,23-30,Có,Trực tuyến,Hà Nội,Điện thoại,12/02/2026,27,953,,9,5.9,1,17.8,4.9,7.9,Đạt
SV2600816,Công nghệ thông tin,nữ,31-40,Có,Trực tuyến,Nghệ An,Điện thoại,12/02/2026,43,465,0.499,6,4.2,1,15.3,,5.4,Đạt
SV2600764,Công nghệ thông tin,Nữ,18-22,Không,Kết hợp,Hưng Yên,Điện thoại,03/02/2026,44,974,0.85,9,10.0,1,5.6,8.1,8.6,Đạt
SV2602544,Luật,Nam,18-22,Không,Kết hợp,Hà Nội,Máy tính bảng,12/02/2026,48,1132,0.68,9,5.4,4,2.0,3.9,5.3,Đạt
SV2600675,Công nghệ thông tin,Nữ,18-22,Không,Kết hợp,Nghệ An,Máy tính,31-01-2026,16,1012,0.552,2,"7,1",2,6.9,2.4,3.1,Không đạt
SV2602192,Luật,Nam,18-22,Không,Trực tuyến,Bắc Ninh,Máy tính,27-01-2026,40,858,0.501,7,6.0,3,7.9,3.5,5.3,Đạt
SV2600300,Kinh tế,nữ,31-40,Có,Trực tuyến,Hà Nội,Máy tính,26-01-2026,51,1291,,10,8.6,6,3.1,8.9,8.0,Đạt
SV2600585,Quản trị kinh doanh,Nam,18-22,Không,Trực tuyến,Khánh Hòa,Điện thoại,09/02/2026,41,844,0.701,10,7.0,4,8.0,5.3,6.2,Đạt
SV2601640,Kế toán,Nam,31-40,Có,Trực tuyến,Thanh Hóa,Điện thoại,2026-02-11,57,956,0.831,10,8.4,7,34.1,6.7,8.2,Đạt
SV2601457,Kế toán,Nam,31-40,Có,Trực tuyến,Hải Phòng,Điện thoại,2026-01-21,44,759,0.475,4,"3,7",2,30.5,5.0,5.0,Đạt
SV2601844,Luật,Nam,18-22,Không,Trực tuyến,Bắc Ninh,Điện thoại,2026-01-31,45,586,0.668,4,9.1,4,16.6,5.1,4.8,Đạt
SV2600418,Quản trị kinh doanh,Nữ,23-30,Có,Trực tuyến,Bình Dương,Máy tính,2026-01-21,36,801,0.63,6,8.4,4,20.0,4.7,6.1,Đạt
SV2600268,Quản trị kinh doanh,Nam,23-30,Có,Kết hợp,Hà Nội,Máy tính,06/02/2026,22,746,0.451,3,4.4,0,23.7,2.3,2.8,Không đạt
SV2600290,Du lịch,Nam,18-22,Không,Trực tuyến,Hà Nội,Điện thoại,2026-02-07,61,1105,0.596,6,7.4,4,8.2,5.8,7.7,Đạt
SV2600978,Luật,Nữ,18-22,Không,Trực tuyến,Hưng Yên,Máy tính bảng,2026-02-04,63,1683,0.636,7,6.6,1,9.3,5.3,6.9,Đạt
SV2600151,Công nghệ thông tin,Nữ,18-22,Không,Trực tuyến,Hà Nội,Điện thoại,2026-02-07,49,1127,0.837,10,7.2,8,14.0,7.5,7.3,Đạt
SV2602991,Công nghệ thông tin,Nam,18-22,Không,Trực tuyến,Hà Nội,Máy tính bảng,03/02/2026,39,1148,0.744,10,8.9,4,13.9,9.1,8.9,Đạt
SV2600912,Luật,Nữ,18-22,Không,Trực tuyến,Lâm Đồng,Máy tính,03/02/2026,57,1067,0.806,8,5.5,4,30.5,7.6,6.3,Đạt
SV2602618,Công nghệ thông tin,Nữ,23-30,Có,Trực tuyến,Thanh Hóa,Máy tính,2026-02-03,58,1276,0.705,7,7.9,5,4.9,5.3,7.9,Đạt
SV2602615,Kế toán,Nữ,Trên 40,Có,Trực tuyến,Đà Nẵng,Máy tính,2026-02-16,48,515,0.391,4,6.7,2,12.9,3.6,4.5,Đạt
SV2600581,Ngôn ngữ Anh,nam,18-22,Không,Kết hợp,TP Hồ Chí Minh,Máy tính,02/02/2026,41,895,0.397,7,4.0,5,5.5,5.6,4.4,Đạt
SV2602937,Công nghệ thông tin,Nam,23-30,Có,Kết hợp,TP Hồ Chí Minh,Máy tính,2026-01-28,46,526,0.425,5,5.5,7,9.9,5.5,6.2,Đạt
SV2600110,Kế toán,Nam,23-30,Có,Trực tuyến,Hải Phòng,Máy tính,11/02/2026,73,2113,1.0,10,8.6,8,3.9,10.0,10.0,Đạt
SV2601113,Du lịch,Nam,31-40,Có,Kết hợp,Thanh Hóa,Máy tính bảng,2026-01-28,25,734,0.684,8,9.2,3,7.4,9.8,9.9,Đạt
SV2602802,Ngôn ngữ Anh,Nam,18-22,Không,Trực tuyến,Hải Phòng,Máy tính,2026-02-14,35,496,0.392,7,5.2,2,29.3,5.8,4.9,Đạt
SV2602222,Kế toán,Nữ,23-30,Không,Trực tuyến,Hà Nội,Điện thoại,29/01/2026,39,880,0.931,5,5.1,3,32.9,7.8,7.5,Đạt
SV2602570,Ngôn ngữ Anh,Nữ,Trên 40,Có,Trực tuyến,,Máy tính,2026-02-06,43,1034,0.756,9,8.3,7,14.1,7.9,9.8,Đạt
SV2600481,Ngôn ngữ Anh,Nữ,23-30,Có,Trực tuyến,Bắc Ninh,Máy tính,14/02/2026,44,958,0.437,8,8.4,8,4.5,8.0,8.6,Đạt
SV2600112,Công nghệ thông tin,Nam,23-30,Có,Trực tuyến,Hà Nội,Điện thoại,2026-02-05,22,1077,0.6,8,6.2,6,18.4,5.7,8.8,Đạt
SV2602686,Công nghệ thông tin,Nữ,18-22,Không,Trực tuyến,Đồng Nai,Điện thoại,2026-02-10,31,1004,0.761,8,"8,1",8,10.8,8.7,8.6,Đạt
SV2601306,Công nghệ thông tin,Nam,18-22,Không,Trực tuyến,Hà Nội,Máy tính,2026-01-25,38,927,0.794,8,6.4,5,2.6,5.4,7.9,Đạt
SV2601595,Du lịch,Nữ,18-22,Có,Kết hợp,TP Hồ Chí Minh,Điện thoại,2026-01-28,43,1295,0.624,10,6.5,4,11.8,8.7,6.5,Đạt
SV2601295,Kinh tế,Nam,18-22,Có,Trực tuyến,Đồng Nai,,2026-01-21,52,376,0.351,5,3.9,6,13.5,7.9,6.1,Đạt
SV2601967,Công nghệ thông tin,Nam,23-30,Có,Trực tuyến,Hải Phòng,Máy tính bảng,2026-01-25,34,1812,1.0,10,8.6,6,4.4,8.7,10.0,Đạt
SV2600710,Công nghệ thông tin,Nam,18-22,Có,Trực tuyến,Đà Nẵng,Máy tính,2026-01-25,26,79,0.394,3,5.6,0,11.4,4.6,4.0,Đạt
SV2601657,Quản trị kinh doanh,Nam,18-22,Có,Trực tuyến,Hà Nội,Máy tính,2026-01-22,53,836,0.473,9,4.7,2,25.9,4.1,6.4,Đạt
SV2602893,Ngôn ngữ Anh,Nam,23-30,Không,Trực tuyến,Hà Nội,Máy tính,2026-02-05,19,179,0.101,5,6.9,2,8.2,4.6,4.9,Đạt
SV2601103,Kế toán,Nam,23-30,Không,Trực tuyến,Thái Nguyên,Máy tính,16/02/2026,54,1267,0.758,10,5.0,8,2.0,8.6,8.9,Đạt
SV2601506,Quản trị kinh doanh,Nam,23-30,Không,Kết hợp,Đồng Nai,Điện thoại,12/02/2026,65,1101,0.75,10,6.5,3,2.7,9.9,8.6,Đạt
SV2601990,Kinh tế,Nam,18-22,Có,Trực tuyến,TP Hồ Chí Minh,Máy tính,2026-02-12,15,418,0.346,4,2.0,0,45.2,2.3,1.2,Không đạt
SV2601579,Luật,Nam,18-22,Không,Trực tuyến,Hải Phòng,Máy tính,2026-02-09,54,1242,0.582,10,7.3,9,9.0,3.7,8.0,Đạt
SV2600902,Công nghệ thông tin,Nữ,18-22,Có,Kết hợp,Bình Dương,Máy tính,2026-02-11,1,571,0.309,4,5.3,1,30.7,4.0,2.5,Không đạt
SV2602946,Luật,Nam,31-40,Có,Trực tuyến,Đà Nẵng,Điện thoại,28/01/2026,52,870,0.916,7,5.7,5,14.0,,8.2,Đạt
SV2601513,Kế toán,Nữ,18-22,Không,Kết hợp,TP Hồ Chí Minh,Máy tính,2026-01-27,22,932,0.367,4,6.0,1,41.8,3.9,0.3,Không đạt
SV2600269,Luật,Nam,23-30,Không,Trực tuyến,Thanh Hóa,Điện thoại,2026-01-24,45,791,0.785,6,6.1,7,13.9,7.7,7.1,Đạt
SV2601378,Ngôn ngữ Anh,Nữ,23-30,CO,Kết hợp,TP Hồ Chí Minh,Điện thoại,25-01-2026,1,58,0.397,7,5.9,0,17.6,,3.6,Không đạt
SV2602040,Kinh tế,Nữ,18-22,Không,Trực tuyến,Hà Nội,Điện thoại,24/01/2026,18,532,0.439,5,5.0,1,27.0,5.5,4.3,Đạt
SV2602499,Du lịch,Nam,31-40,Có,Trực tuyến,Hà Nội,Điện thoại,11/02/2026,34,814,0.593,8,7.1,3,15.3,5.6,6.5,Đạt
SV2602857,Luật,Nam,18-22,Có,Kết hợp,Lâm Đồng,Điện thoại,2026-02-01,30,1014,0.581,5,8.1,1,37.2,6.1,5.8,Đạt
SV2601773,Công nghệ thông tin,Nữ,18-22,Không,Kết hợp,Hải Phòng,Điện thoại,2026-01-20,41,690,0.277,6,7.3,4,3.7,5.7,5.4,Đạt
SV2601707,Luật,Nam,23-30,Có,Trực tuyến,Hà Nội,Điện thoại,03-02-2026,27,604,0.517,10,7.2,1,9.6,4.9,7.3,Đạt
SV2602503,Luật,Nam,18-22,Không,Kết hợp,Đồng Nai,Máy tính,2026-02-10,47,1471,0.397,6,6.5,7,15.7,,5.5,Đạt
SV2601117,Kế toán,Nữ,23-30,Có,Trực tuyến,Bình Dương,Máy tính,2026-01-30,21,232,0.364,3,4.0,0,22.1,1.9,1.0,Không đạt
SV2601367,Công nghệ thông tin,nam,Trên 40,Có,Trực tuyến,Hà Nội,Máy tính,2026-02-06,32,467,0.584,7,2.6,2,19.2,4.8,7.7,Đạt
SV2601621,Quản trị kinh doanh,Nam,18-22,Không,Trực tuyến,TP Hồ Chí Minh,Máy tính,2026-02-04,41,1036,0.552,5,5.0,2,19.6,4.4,4.3,Đạt
SV2602104,Công nghệ thông tin,Nữ,18-22,Không,Trực tuyến,TP Hồ Chí Minh,Điện thoại,09/02/2026,37,925,0.523,6,5.0,0,6.2,4.9,6.7,Đạt
SV2600999,Quản trị kinh doanh,nữ,23-30,Có,Trực tuyến,Cần Thơ,Điện thoại,2026-01-26,45,612,0.391,5,6.4,3,17.8,6.3,4.5,Đạt
SV2600718,Quản trị kinh doanh,Nữ,23-30,Không,Trực tuyến,Thanh Hóa,Máy tính,2026-02-15,35,801,0.301,7,5.9,0,5.2,5.7,3.7,Không đạt
SV2601702,Kinh tế,Nữ,31-40,Có,Trực tuyến,TP Hồ Chí Minh,Máy tính,22/01/2026,31,710,0.565,5,6.0,3,3.7,4.2,7.2,Đạt
SV2601392,Du lịch,Nữ,Trên 40,Có,Trực tuyến,Đà Nẵng,Máy tính,2026-02-07,28,633,0.635,10,5.7,4,20.6,3.6,6.0,Đạt
SV2602628,Công nghệ thông tin,Nữ,18-22,Không,Trực tuyến,Đà Nẵng,Máy tính,26-01-2026,25,350,0.476,8,5.6,2,30.4,6.7,7.1,Đạt
SV2602594,Quản trị kinh doanh,Nữ,Trên 40,Có,Trực tuyến,Đồng Nai,Máy tính bảng,27/01/2026,47,977,0.7,5,5.2,2,2.3,5.9,7.6,Đạt
SV2600282,Kế toán,Nữ,18-22,Có,Trực tuyến,TP Hồ Chí Minh,Máy tính,14/02/2026,32,843,0.469,8,5.2,0,27.9,7.4,6.1,Đạt
SV2602508,Công nghệ thông tin,Nam,31-40,KHONG,Kết hợp,Khánh Hòa,Máy tính,2026-02-15,35,1005,0.541,7,6.1,3,16.9,5.8,4.7,Đạt
SV2602034,Kinh tế,Khác,23-30,Có,Kết hợp,Bình Dương,Máy tính,2026-02-08,35,610,0.655,10,5.3,2,14.4,5.7,4.2,Đạt
SV2601171,Công nghệ thông tin,Nam,18-22,Không,Trực tuyến,Hải Phòng,Máy tính,29/01/2026,1,254,0.336,3,"2,5",0,20.5,0.0,0.0,Không đạt
SV2600425,Kinh tế,Nữ,31-40,Có,Trực tuyến,Nghệ An,Máy tính,2026-02-15,44,1311,0.698,6,8.4,3,9.6,5.5,8.5,Đạt
SV2601864,Kinh tế,Nam,23-30,Không,Kết hợp,Nghệ An,Điện thoại,2026-01-28,1,822,0.407,4,4.2,3,27.5,5.6,2.1,Không đạt
SV2600893,Công nghệ thông tin,Nữ,23-30,Có,Trực tuyến,Hà Nội,Điện thoại,2026-02-07,51,1013,0.614,6,7.3,4,19.9,8.1,9.6,Đạt
SV2600180,Kinh tế,Nam,31-40,Không,Kết hợp,Khánh Hòa,Điện thoại,23-01-2026,40,133,0.307,6,2.6,1,3.7,3.3,2.7,Không đạt
SV2600494,Công nghệ thông tin,Nam,23-30,Không,Trực tuyến,Hà Nội,Máy tính,2026-02-01,12,735,0.512,4,5.2,3,4.9,6.0,4.0,Đạt
SV2602917,Kinh tế,Nam,23-30,Có,Trực tuyến,Nghệ An,Máy tính,2026-01-26,19,613,0.502,3,"6,2",1,13.8,3.3,5.6,Đạt
SV2601348,Luật,Nam,31-40,Có,Trực tuyến,Hà Nội,Máy tính,13/02/2026,44,956,0.918,7,5.1,2,4.1,4.7,9.3,Đạt
SV2602290,Kinh tế,Nam,23-30,Có,Kết hợp,Hà Nội,Máy tính,2026-02-03,18,902,0.514,6,5.7,0,11.3,6.4,3.8,Không đạt
SV2600783,Kế toán,Nam,18-22,Không,Trực tuyến,Nghệ An,Máy tính,12/02/2026,23,1153,0.776,8,9.1,3,8.9,6.3,8.9,Đạt
SV2602866,Công nghệ thông tin,Nữ,18-22,Có,Trực tuyến,TP Hồ Chí Minh,Điện thoại,2026-01-27,20,536,0.465,9,4.2,2,28.3,6.5,5.6,Đạt
SV2602734,Công nghệ thông tin,Nữ,18-22,Không,Kết hợp,Hải Phòng,Máy tính,2026-02-11,65,1058,0.962,9,7.7,9,2.5,8.2,6.3,Đạt
SV2601456,Công nghệ thông tin,Nữ,18-22,Có,Kết hợp,Hưng Yên,Máy tính,2026-02-09,29,905,0.868,6,7.9,3,15.1,5.1,6.4,Đạt
SV2600429,Công nghệ thông tin,Nam,18-22,Không,Trực tuyến,TP Hồ Chí Minh,Điện thoại,2026-01-27,14,505,0.449,5,6.4,0,27.9,2.3,3.9,Không đạt
SV2600030,Du lịch,Nữ,18-22,Không,Trực tuyến,Bình Dương,Điện thoại,2026-02-16,34,367,0.481,3,7.6,1,20.1,4.9,4.0,Đạt
SV2600206,Công nghệ thông tin,Nam,31-40,Không,Trực tuyến,Đồng Nai,Điện thoại,2026-02-09,31,1134,,10,6.6,7,2.4,,9.3,Đạt
SV2600868,Quản trị kinh doanh,Nam,18-22,Không,Trực tuyến,Nghệ An,,05-02-2026,45,1257,0.838,8,8.4,8,3.7,7.0,8.8,Đạt
SV2601377,Kinh tế,Nam,18-22,Có,Trực tuyến,Bình Dương,Điện thoại,03-02-2026,23,507,0.387,8,6.7,1,1.4,7.1,7.0,Đạt
SV2602280,Ngôn ngữ Anh,Nam,18-22,Không,Trực tuyến,TP Hồ Chí Minh,Điện thoại,2026-02-06,20,836,0.947,6,6.6,7,23.2,4.9,6.6,Đạt
SV2602796,Quản trị kinh doanh,Nam,18-22,Không,Kết hợp,Hải Phòng,Máy tính,2026-02-05,31,991,0.868,10,9.6,5,9.2,9.5,7.1,Đạt
SV2602370,Quản trị kinh doanh,Nữ,23-30,Có,Trực tuyến,Nghệ An,Điện thoại,2026-02-11,23,686,0.569,1,5.0,2,8.4,7.2,6.6,Đạt
SV2602891, Kế toán ,Nữ,18-22,Không,Kết hợp,TP Hồ Chí Minh,Máy tính,2026-02-16,25,831,0.434,2,5.2,1,5.8,5.1,5.1,Đạt
SV2600815,Ngôn ngữ Anh,Nam,23-30,Có,Trực tuyến,Bắc Ninh,Máy tính,05-02-2026,50,1094,0.562,6,7.6,5,11.6,4.6,6.2,Đạt
SV2600201,Công nghệ thông tin,Nữ,18-22,Không,Kết hợp,Bình Dương,Máy tính,30/01/2026,35,1624,0.699,8,9.2,5,1.3,5.9,5.4,Đạt
SV2602622,Kinh tế,Nam,18-22,Có,Kết hợp,Nghệ An,Máy tính,14-02-2026,21,645,0.313,7,4.3,0,17.0,3.6,3.6,Không đạt
SV2602601,Công nghệ thông tin,Nữ,31-40,Có,Trực tuyến,Bình Dương,Máy tính,23-01-2026,29,465,0.388,7,"4,3",1,13.2,5.8,5.0,Đạt
SV2601099,Kế toán,Nam,18-22,Không,Trực tuyến,,Điện thoại,2026-02-08,36,882,0.53,4,5.0,2,49.0,3.8,1.9,Không đạt
SV2600380,Công nghệ thông tin,nữ,23-30,Không,Trực tuyến,TP Hồ Chí Minh,Máy tính,08/02/2026,46,1022,0.642,10,5.5,3,14.3,6.5,6.8,Đạt
SV2602003,Công nghệ thông tin,Nữ,18-22,Không,Trực tuyến,Lâm Đồng,Điện thoại,2026-02-13,44,1629,,6,8.8,6,4.0,5.1,7.7,Đạt
SV2601725,Công nghệ thông tin,Nam,18-22,Không,Trực tuyến,TP Hồ Chí Minh,Máy tính,2026-01-28,48,994,0.455,7,7.1,4,23.1,5.5,4.9,Đạt
SV2602687,Công nghệ thông tin,Nam,18-22,Không,Trực tuyến,Bắc Ninh,Máy tính,2026-02-04,43,904,0.603,5,3.9,1,2.0,6.6,7.1,Đạt
SV2602426,Luật,Nam,Trên 40,Có,Trực tuyến,Hà Nội,Máy tính,29/01/2026,48,1282,0.562,10,"7,1",5,24.5,7.3,7.0,Đạt
SV2600108,Công nghệ thông tin,Nữ,31-40,Có,Trực tuyến,Hà Nội,Điện thoại,15/02/2026,33,585,0.208,9,6.4,1,66.7,,2.7,Không đạt
SV2602435,Kế toán,Nữ,23-30,Không,Kết hợp,Hà Nội,Máy tính,2026-02-15,62,1085,0.717,7,6.2,5,6.8,6.0,4.8,Đạt
SV2601386,Ngôn ngữ Anh,Nữ,18-22,Không,Trực tuyến,Đà Nẵng,Máy tính,2026-01-24,40,1050,0.331,9,7.5,7,14.4,5.0,3.8,Không đạt
SV2602867,Công nghệ thông tin,Nam,18-22,Không,Trực tuyến,Hà Nội,Điện thoại,2026-01-26,21,786,0.643,2,4.2,1,4.7,4.5,4.3,Đạt
SV2602473,Quản trị kinh doanh,Nữ,Trên 40,Có,Trực tuyến,Hà Nội,Máy tính,2026-01-22,1,154,0.558,5,5.5,0,53.3,3.4,4.3,Đạt
SV2602255,Công nghệ thông tin,Nam,31-40,Có,Trực tuyến,Hưng Yên,Máy tính,10-02-2026,68,1455,0.869,10,9.6,6,22.4,10.0,10.0,Đạt
SV2601107,Luật,Nam,18-22,Không,Kết hợp,TP Hồ Chí Minh,Điện thoại,03-02-2026,29,924,0.582,5,8.3,4,5.3,6.1,5.4,Đạt
SV2601393,Kế toán,Nữ,23-30,CO,Trực tuyến,Hải Phòng,Máy tính,08/02/2026,32,413,0.369,6,"6,2",2,20.2,7.1,5.6,Đạt
SV2601592,Kế toán,Nam,23-30,Có,Trực tuyến,Hải Phòng,Điện thoại,08-02-2026,40,998,0.628,9,6.3,9,9.3,10.0,9.8,Đạt
SV2600651,Du lịch,Nam,Trên 40,Có,Trực tuyến,Thanh Hóa,,01/02/2026,31,1178,0.767,6,6.7,3,6.5,8.4,10.0,Đạt
SV2602702,Công nghệ thông tin,Nữ,23-30,Không,Trực tuyến,Hà Nội,Máy tính bảng,2026-01-20,27,1551,0.69,6,7.5,1,15.0,7.9,8.2,Đạt
SV2600275,Kế toán,Nam,18-22,Không,Trực tuyến,Hà Nội,Điện thoại,05/02/2026,50,889,0.963,8,"7,2",4,2.3,7.1,9.4,Đạt
SV2601366,Kế toán,Nam,23-30,Có,Kết hợp,Nghệ An,Máy tính,2026-01-23,42,1382,0.808,9,9.3,4,18.5,7.2,8.7,Đạt
SV2600148,Công nghệ thông tin,Nữ,18-22,Không,Trực tuyến,Hà Nội,Điện thoại,01-02-2026,14,348,0.328,4,6.8,1,35.3,4.5,1.0,Không đạt
SV2600703,Kế toán,Nữ,18-22,Không,Trực tuyến,Đồng Nai,Điện thoại,31/01/2026,38,1134,0.688,5,4.6,4,13.1,3.6,4.2,Đạt
SV2602037,Du lịch,Nam,23-30,Có,Kết hợp,Cần Thơ,Điện thoại,2026-02-05,27,720,0.224,7,"5,4",3,8.8,3.1,2.2,Không đạt
SV2601034,Công nghệ thông tin,Nữ,31-40,Có,Trực tuyến,Hà Nội,Điện thoại,2026-02-06,47,1048,0.824,8,5.4,1,45.6,4.4,7.0,Đạt
SV2602693,Công nghệ thông tin,Nam,31-40,Có,Trực tuyến,Hưng Yên,Máy tính,2026-01-31,44,717,0.728,9,5.8,6,23.4,6.0,6.3,Đạt
SV2600594,Công nghệ thông tin,Nam,Trên 40,Có,Trực tuyến,TP Hồ Chí Minh,Máy tính,2026-02-07,46,1063,1.0,9,8.7,3,27.7,9.1,10.0,Đạt
SV2602359,Kinh tế,Nam,18-22,Không,Trực tuyến,Hưng Yên,Điện thoại,05/02/2026,32,600,0.552,8,5.8,2,2.2,7.3,7.8,Đạt
SV2600630,Kế toán,Nam,23-30,Có,Trực tuyến,TP Hồ Chí Minh,Máy tính bảng,13/02/2026,12,676,0.277,2,6.3,0,6.8,3.3,1.8,Không đạt
SV2600746,Kinh tế,Nam,18-22,Không,Kết hợp,TP Hồ Chí Minh,Máy tính,2026-02-07,39,1127,0.26,10,5.1,2,6.1,3.6,3.4,Không đạt
SV2602775,Kinh tế,Nữ,23-30,Có,Trực tuyến,Đà Nẵng,Điện thoại,21-01-2026,37,675,0.636,8,7.4,3,49.6,5.8,6.1,Đạt
SV2602609,Công nghệ thông tin,Nam,31-40,Có,Trực tuyến,Bắc Ninh,Máy tính,2026-02-11,37,1017,,10,7.6,8,12.1,7.7,9.6,Đạt
SV2601488,Công nghệ thông tin,Nữ,18-22,Không,Trực tuyến,Đà Nẵng,Máy tính,25/01/2026,61,825,0.73,8,4.6,3,14.0,6.8,7.0,Đạt
SV2602485,Công nghệ thông tin,Nam,23-30,Có,Trực tuyến,Bình Dương,Máy tính bảng,2026-02-13,42,855,0.524,8,7.4,4,9.3,6.4,6.7,Đạt
SV2600708,Luật,Nam,23-30,Không,Trực tuyến,Đà Nẵng,Điện thoại,2026-02-16,29,1307,0.846,10,7.1,8,17.6,7.5,7.8,Đạt
SV2600346,Luật,Nam,23-30,Có,Trực tuyến,Hà Nội,Máy tính bảng,2026-02-15,33,1217,0.57,6,6.5,6,6.2,6.9,7.6,Đạt
SV2600675,Công nghệ thông tin,Nữ,18-22,Không,Kết hợp,Nghệ An,Máy tính,31-01-2026,16,1012,0.552,2,"7,1",2,6.9,2.4,3.1,Không đạt
SV2601279,Du lịch,Nam,18-22,Không,Trực tuyến,Hà Nội,Máy tính,31/01/2026,27,1303,0.899,6,5.3,2,39.7,5.0,4.8,Đạt
SV2602471,Kinh tế,Nữ,18-22,Không,Kết hợp,Đà Nẵng,Điện thoại,2026-01-23,47,1161,0.422,10,7.7,2,4.9,5.3,5.8,Đạt
SV2600165,Du lịch,Nam,31-40,Không,Trực tuyến,Hải Phòng,Điện thoại,2026-01-25,54,1210,,10,8.5,7,5.2,9.9,10.0,Đạt
SV2602125,Công nghệ thông tin,Nữ,23-30,Không,Trực tuyến,TP Hồ Chí Minh,Điện thoại,2026-02-03,34,913,0.849,10,5.4,5,18.6,5.2,5.3,Đạt
SV2602925,Ngôn ngữ Anh,Nữ,18-22,Có,Trực tuyến,TP Hồ Chí Minh,Máy tính,23/01/2026,26,650,0.592,6,9.1,3,4.2,6.0,5.6,Đạt
SV2600094,Công nghệ thông tin,Nam,18-22,Không,Trực tuyến,Cần Thơ,Máy tính,2026-02-14,48,1183,0.729,8,9.6,5,1.9,8.8,7.4,Đạt
SV2600456,Kế toán,Nam,23-30,Không,Kết hợp,Bắc Ninh,Máy tính,2026-02-06,35,976,0.596,5,3.9,0,57.3,3.7,0.3,Không đạt
SV2600744,Ngôn ngữ Anh,Nữ,18-22,Không,Trực tuyến,Đà Nẵng,Máy tính,2026-02-07,52,1170,1.0,7,9.3,5,25.5,10.0,8.6,Đạt
SV2600156,Kế toán,Nữ,18-22,Không,Kết hợp,Hà Nội,Điện thoại,2026-02-14,62,1193,0.753,10,8.5,3,13.1,5.2,7.6,Đạt
SV2600957,Kế toán,Nữ,31-40,Không,Kết hợp,Thái Nguyên,Máy tính,2026-02-08,44,1801,0.903,10,8.5,10,1.7,10.0,7.9,Đạt
SV2602451,Quản trị kinh doanh,Nam,23-30,Không,Trực tuyến,Đà Nẵng,Máy tính,2026-01-23,45,887,0.953,6,6.6,2,4.9,,9.0,Đạt
SV2600649,Công nghệ thông tin,nữ,18-22,Không,Kết hợp,Thanh Hóa,Máy tính bảng,2026-01-30,48,958,0.835,7,"6,8",6,16.1,6.5,5.8,Đạt
SV2602843,Công nghệ thông tin,Nữ,18-22,Không,Trực tuyến,Quảng Ninh,Điện thoại,20-01-2026,32,1130,0.601,8,4.4,4,8.0,4.9,5.9,Đạt
SV2600497,Công nghệ thông tin,Nam,18-22,Không,Trực tuyến,Hải Phòng,Điện thoại,2026-02-15,57,1389,0.473,8,10.0,1,1.2,8.3,8.1,Đạt
SV2601189,Công nghệ thông tin,nam,18-22,Không,Trực tuyến,Hà Nội,Máy tính,06-02-2026,26,1049,0.99,8,8.5,7,13.6,8.0,10.0,Đạt
SV2601447,Công nghệ thông tin,Nữ,18-22,Có,Trực tuyến,TP Hồ Chí Minh,Máy tính,2026-01-28,45,1764,1.0,10,10.0,4,1.9,9.4,10.0,Đạt
SV2600400,Công nghệ thông tin,nữ,18-22,Không,Trực tuyến,Nghệ An,Điện thoại,2026-02-07,49,1456,0.748,8,7.6,3,5.2,6.0,9.3,Đạt
SV2601502,Quản trị kinh doanh,Khác,31-40,Có,Kết hợp,Hà Nội,Điện thoại,2026-02-03,23,302,0.481,8,0.0,1,18.8,2.5,2.2,Không đạt
SV2601383,Ngôn ngữ Anh,Nam,23-30,Có,Trực tuyến,Thanh Hóa,Điện thoại,2026-02-12,54,1157,0.654,10,9.7,1,1.5,6.0,7.5,Đạt
SV2601785,Công nghệ thông tin,Nam,Trên 40,Có,Kết hợp,Hà Nội,Điện thoại,2026-01-29,12,657,0.278,6,5.5,0,41.8,4.1,0.6,Không đạt
SV2602966,Kinh tế,Nam,31-40,Có,Trực tuyến,Nghệ An,Điện thoại,08/02/2026,45,1000,0.826,7,9.0,2,13.7,8.8,8.2,Đạt
SV2601479,Luật,nữ,31-40,Có,Trực tuyến,Hưng Yên,Máy tính,2026-01-25,41,647,,6,5.9,0,5.1,4.3,6.2,Đạt
SV2602086,Ngôn ngữ Anh,Nữ,18-22,Có,Trực tuyến,Thái Nguyên,Máy tính bảng,27-01-2026,36,639,0.72,8,"5,9",1,7.6,7.0,5.9,Đạt
SV2602119,Công nghệ thông tin,Nam,18-22,Không,Trực tuyến,Hà Nội,Máy tính,24-01-2026,6,1054,0.544,5,"5,5",1,3.3,6.1,6.2,Đạt
SV2600640,Kinh tế,Nam,23-30,Không,Trực tuyến,Hà Nội,Máy tính,2026-02-16,55,1484,1.0,7,8.0,9,0.5,8.3,8.6,Đạt
SV2601845,Công nghệ thông tin,Nam,18-22,Không,Trực tuyến,Hà Nội,Máy tính,2026-01-23,44,616,0.334,4,5.8,1,36.5,4.5,4.6,Đạt
SV2601856,Công nghệ thông tin,Nữ,31-40,Có,Trực tuyến,Bình Dương,Điện thoại,2026-02-10,40,413,,6,7.0,1,9.2,6.4,6.4,Đạt
SV2601272,Công nghệ thông tin,Nữ,18-22,Không,Trực tuyến,Hà Nội,Điện thoại,30/01/2026,33,1040,0.288,3,8.4,2,21.4,2.9,4.5,Đạt
SV2602557,Công nghệ thông tin,Nữ,31-40,Có,Trực tuyến,Đà Nẵng,Máy tính bảng,2026-01-27,64,1195,0.855,10,9.3,11,12.0,10.0,9.8,Đạt
SV2602850,Công nghệ thông tin,Nữ,23-30,Không,Trực tuyến,Hà Nội,Máy tính,2026-02-01,28,775,0.536,3,3.5,1,17.0,5.6,5.1,Đạt
SV2601601,Kế toán,Nam,18-22,Không,Trực tuyến,Khánh Hòa,Điện thoại,2026-02-08,59,1392,0.785,10,5.7,5,12.0,6.5,8.4,Đạt
SV2600517,Luật,Nam,18-22,Có,Trực tuyến,Bình Dương,Điện thoại,2026-01-29,68,1414,1.0,7,9.9,6,3.1,8.4,10.0,Đạt
SV2601997,Ngôn ngữ Anh,Nữ,18-22,Có,Trực tuyến,Nghệ An,Điện thoại,2026-01-22,25,263,,6,6.1,1,13.5,5.5,7.7,Đạt
SV2601297,Quản trị kinh doanh,Nữ,23-30,Có,Trực tuyến,Quảng Ninh,Máy tính,24/01/2026,13,558,0.377,6,5.4,0,14.7,5.5,5.5,Đạt
SV2600965,Ngôn ngữ Anh,Nam,18-22,Có,Trực tuyến,Bắc Ninh,Điện thoại,15/02/2026,63,1600,0.889,10,9.5,6,1.0,7.5,9.9,Đạt
SV2601815,Ngôn ngữ Anh,Nam,23-30,Có,Kết hợp,Hà Nội,Điện thoại,2026-02-12,43,167,0.537,7,5.7,5,5.0,5.6,4.3,Đạt
SV2600977,Du lịch,Nam,18-22,Không,Kết hợp,Hải Phòng,Điện thoại,2026-01-24,49,603,0.566,9,7.7,4,5.0,4.9,5.1,Đạt
SV2601075,Công nghệ thông tin,Nam,Trên 40,Có,Kết hợp,Bắc Ninh,Điện thoại,22/01/2026,31,672,0.77,7,7.3,2,0.9,7.8,6.7,Đạt
SV2601495,Du lịch,Nữ,18-22,Không,Trực tuyến,Hải Phòng,Điện thoại,20-01-2026,32,329,0.452,3,"4,3",1,24.2,6.3,3.5,Không đạt
SV2601693,Ngôn ngữ Anh,Nam,18-22,Không,Kết hợp,Nghệ An,Máy tính bảng,23/01/2026,39,737,0.701,5,8.5,3,18.9,7.2,7.7,Đạt
SV2601469,Công nghệ thông tin,Nam,18-22,Không,Trực tuyến,Hà Nội,Máy tính,2026-01-31,53,1454,0.713,8,5.5,8,5.1,5.7,6.5,Đạt
SV2602934,Quản trị kinh doanh,Nam,18-22,Không,Trực tuyến,Bắc Ninh,Máy tính,2026-01-23,49,1408,0.944,10,7.4,3,1.6,8.3,10.0,Đạt
SV2601118,Luật,Nữ,18-22,Không,Trực tuyến,Đà Nẵng,Điện thoại,2026-02-05,38,504,0.85,7,6.3,3,23.0,4.9,6.5,Đạt
SV2602286,Quản trị kinh doanh,Nam,18-22,Không,Trực tuyến,Hà Nội,Máy tính,2026-02-09,44,1139,1.0,8,8.7,2,9.5,6.7,7.7,Đạt
SV2601525,Luật,Nữ,18-22,Không,Kết hợp,Hưng Yên,Máy tính,2026-02-14,16,872,0.582,6,3.7,0,8.7,3.1,2.6,Không đạt
SV2602978,Công nghệ thông tin,Nam,23-30,Không,Kết hợp,Hưng Yên,Máy tính bảng,2026-01-28,39,744,0.441,7,7.8,3,15.7,,4.4,Đạt
SV2602683,Quản trị kinh doanh,Nam,31-40,Không,Trực tuyến,Thanh Hóa,Điện thoại,04/02/2026,18,501,0.447,6,7.7,1,15.9,6.1,5.6,Đạt
SV2601851,Công nghệ thông tin,Nữ,18-22,Không,Trực tuyến,Hải Phòng,Điện thoại,27/01/2026,62,1419,0.883,10,8.4,5,9.8,7.1,9.4,Đạt
SV2601662,Quản trị kinh doanh,Nữ,31-40,Có,Trực tuyến,Bắc Ninh,Điện thoại,2026-01-20,49,738,0.491,2,6.0,2,22.7,8.1,8.3,Đạt
SV2600043,Kinh tế,Nam,31-40,Có,Trực tuyến,TP Hồ Chí Minh,Máy tính,2026-02-08,31,241,0.355,9,5.5,3,22.5,3.7,3.7,Không đạt
SV2601647,Kinh tế,Nữ,18-22,Không,Trực tuyến,Hà Nội,,2026-02-02,39,1062,0.633,6,7.8,2,26.8,,8.3,Đạt
SV2601703,Kinh tế,Nữ,23-30,Không,Trực tuyến,Hải Phòng,Điện thoại,2026-02-12,23,840,0.577,8,5.2,3,7.3,3.1,5.3,Đạt
SV2600801,Kinh tế,Nam,23-30,Không,Trực tuyến,Thanh Hóa,Máy tính,2026-01-22,39,1330,0.676,10,7.7,5,3.6,7.7,9.9,Đạt
SV2601308,Kinh tế,Nữ,18-22,Có,Trực tuyến,Thanh Hóa,Máy tính,2026-02-05,41,835,0.58,7,8.4,4,1.9,6.1,6.5,Đạt
SV2601444,Kế toán,Nam,18-22,Không,Trực tuyến,Hà Nội,Máy tính,06/02/2026,40,1038,0.737,10,5.8,2,5.2,5.5,5.6,Đạt
SV2600069,Kế toán,Nữ,18-22,Không,Trực tuyến,Đà Nẵng,Điện thoại,2026-02-15,43,955,0.756,7,4.9,5,10.4,4.9,7.6,Đạt
SV2601958,Công nghệ thông tin,Nam,Trên 40,Có,Trực tuyến,TP Hồ Chí Minh,Máy tính bảng,05/02/2026,41,778,0.731,9,3.7,2,21.8,4.1,5.4,Đạt
SV2601133,Công nghệ thông tin,Nữ,31-40,Không,Kết hợp,TP Hồ Chí Minh,Điện thoại,2026-01-29,29,779,0.63,8,6.8,6,3.8,5.2,5.3,Đạt
SV2601417,Công nghệ thông tin,Nữ,31-40,Có,Kết hợp,Hải Phòng,Máy tính,31/01/2026,38,713,0.715,4,4.7,4,420.0,7.4,6.1,Đạt
SV2602876,Quản trị kinh doanh,Nữ,31-40,Có,Trực tuyến,Bình Dương,Máy tính,2026-02-15,36,960,0.483,7,9.8,4,9.1,8.4,8.3,Đạt
SV2601186,Công nghệ thông tin,Nữ,18-22,Không,Trực tuyến,Hà Nội,Điện thoại,2026-01-22,28,395,0.879,7,7.9,2,20.4,5.0,6.3,Đạt
SV2601792,Quản trị kinh doanh,Nữ,18-22,Có,Trực tuyến,TP Hồ Chí Minh,Điện thoại,2026-02-14,36,683,0.297,4,"3,7",0,35.4,5.1,3.6,Không đạt
SV2602855,Kinh tế,Nữ,23-30,Có,Trực tuyến,Hà Nội,Máy tính,2026-02-08,39,355,0.617,6,6.7,2,30.9,5.1,4.5,Đạt
SV2600214,Công nghệ thông tin,Nam,31-40,Có,Trực tuyến,Thái Nguyên,Điện thoại,2026-02-06,36,518,0.607,6,6.4,1,11.8,6.1,5.5,Đạt
SV2600132,Kinh tế,Nữ,31-40,Không,Trực tuyến,Quảng Ninh,Điện thoại,25/01/2026,29,865,0.286,7,5.1,4,3.3,4.0,4.3,Đạt
SV2601941, Quản trị kinh doanh ,nam,31-40,Có,Kết hợp,Quảng Ninh,Máy tính,2026-02-16,26,897,,7,9.7,3,1.3,7.8,8.4,Đạt
SV2602944,Công nghệ thông tin,Nam,23-30,Không,Kết hợp,TP Hồ Chí Minh,Điện thoại,11/02/2026,29,808,0.72,10,7.7,3,43.3,6.8,4.4,Đạt
SV2602809,Công nghệ thông tin,Nữ,31-40,Có,Kết hợp,Hà Nội,Điện thoại,2026-02-10,53,1515,0.786,9,10.0,1,14.6,6.7,7.8,Đạt
SV2601216,Kinh tế,Nam,23-30,Có,Trực tuyến,Hà Nội,Điện thoại,27/01/2026,43,891,0.414,7,5.9,3,21.2,5.3,6.2,Đạt
SV2600474,Quản trị kinh doanh,Nữ,18-22,Không,Kết hợp,Thanh Hóa,Điện thoại,11-02-2026,44,1506,0.823,10,7.5,1,1.3,6.9,6.3,Đạt
SV2602198,Luật,Nữ,23-30,Không,Trực tuyến,Đà Nẵng,Máy tính,2026-01-25,39,977,0.419,9,6.5,5,2.8,5.3,7.0,Đạt
SV2600524,Quản trị kinh doanh,Nam,18-22,Không,Trực tuyến,Hà Nội,Điện thoại,15/02/2026,56,1508,1.0,10,8.8,3,6.7,7.9,10.0,Đạt
SV2602713,Kinh tế,Nữ,Trên 40,Có,Trực tuyến,Hà Nội,Máy tính,2026-02-09,33,1252,0.731,10,"9,1",4,4.9,7.2,8.3,Đạt
SV2602563,Ngôn ngữ Anh,Nam,18-22,Không,Trực tuyến,Đồng Nai,Điện thoại,2026-01-21,41,1311,0.566,9,7.4,7,34.9,6.9,3.6,Không đạt
SV2600727,Luật,Nữ,31-40,Có,Kết hợp,Khánh Hòa,Máy tính,2026-01-23,61,1005,0.433,8,4.3,6,0.7,6.6,5.7,Đạt
SV2600542,Ngôn ngữ Anh,Nam,18-22,Không,Trực tuyến,Hà Nội,Máy tính,2026-01-31,46,886,,6,4.3,3,12.9,5.9,7.5,Đạt
SV2601335,Luật,Nam,18-22,Có,Trực tuyến,Khánh Hòa,Máy tính,2026-01-31,54,791,0.647,10,7.3,2,14.7,5.6,7.6,Đạt
SV2601867,Kinh tế,Nữ,18-22,Không,Trực tuyến,Quảng Ninh,Điện thoại,15-02-2026,50,999,0.532,7,9.0,5,12.5,5.5,6.8,Đạt
SV2601376,Luật,Nữ,23-30,Có,Kết hợp,Thanh Hóa,Máy tính,24/01/2026,24,376,0.169,6,4.3,0,10.5,2.6,2.6,Không đạt
SV2601972,Ngôn ngữ Anh,Nam,18-22,Không,Trực tuyến,Hà Nội,Máy tính,2026-02-02,60,532,0.749,8,4.3,2,3.7,5.9,7.9,Đạt
SV2600340,Công nghệ thông tin,Nam,23-30,Có,Kết hợp,TP Hồ Chí Minh,Điện thoại,2026-01-21,10,153,0.559,6,7.6,2,1.7,8.5,5.5,Đạt
SV2601438,Quản trị kinh doanh,Nam,Trên 40,Có,Trực tuyến,Thái Nguyên,Máy tính bảng,2026-02-06,46,1057,0.616,2,5.2,1,34.5,3.6,4.2,Đạt
SV2602853,Công nghệ thông tin,Nam,31-40,Có,Trực tuyến,TP Hồ Chí Minh,Máy tính,2026-02-15,33,20,0.393,3,5.7,1,24.8,2.3,2.2,Không đạt
SV2601710,Công nghệ thông tin,Nữ,23-30,Có,Trực tuyến,Hà Nội,Điện thoại,2026-02-05,12,604,0.506,4,4.5,0,22.5,4.6,1.6,Không đạt
SV2602723,Kinh tế,Nữ,31-40,CO,Trực tuyến,Hà Nội,Điện thoại,2026-01-28,48,759,0.207,5,8.3,1,26.8,7.3,6.4,Đạt
SV2600901,Công nghệ thông tin,Nam,18-22,Có,Trực tuyến,Hà Nội,Máy tính,01/02/2026,22,226,0.338,3,5.3,0,67.9,3.4,1.8,Không đạt
SV2602631,Luật,Nữ,31-40,Có,Kết hợp,Khánh Hòa,Điện thoại,2026-02-16,46,837,0.509,5,9.4,5,2.0,8.9,7.5,Đạt
SV2601821,Ngôn ngữ Anh,Nam,18-22,Không,Trực tuyến,Hà Nội,Điện thoại,2026-02-04,46,1074,0.731,8,5.6,8,7.8,6.7,7.9,Đạt
SV2602210,Kinh tế,Nam,23-30,Có,Trực tuyến,,Máy tính bảng,2026-02-13,10,928,0.539,5,6.8,5,13.2,4.0,4.7,Đạt
SV2602147,Kinh tế,Nữ,23-30,Có,Trực tuyến,Nghệ An,Máy tính,02/02/2026,18,20,0.435,3,4.8,0,68.8,3.2,3.1,Không đạt
SV2601464,Ngôn ngữ Anh,Nữ,23-30,Không,Trực tuyến,Hà Nội,Máy tính,22/01/2026,71,1569,1.0,10,"8,5",8,15.0,8.5,9.9,Đạt
SV2601700,Công nghệ thông tin,Nam,Trên 40,Có,Trực tuyến,Hưng Yên,Máy tính,2026-02-11,14,521,,7,6.7,4,3.4,7.0,7.9,Đạt
SV2601024,Công nghệ thông tin,Nam,18-22,Không,Trực tuyến,Đồng Nai,Điện thoại,28/01/2026,57,1341,0.842,10,8.2,8,11.5,6.6,8.7,Đạt
SV2601606,Kinh tế,nam,31-40,Có,Trực tuyến,TP Hồ Chí Minh,Điện thoại,2026-01-20,30,949,0.661,10,4.7,5,9.7,4.4,5.5,Đạt
SV2600107,Công nghệ thông tin,Nữ,18-22,Không,Trực tuyến,Hà Nội,,2026-02-05,68,1160,0.967,10,7.7,6,6.9,9.5,9.5,Đạt
SV2601600,Kế toán,Nam,31-40,Có,Kết hợp,Khánh Hòa,Máy tính,2026-02-09,14,466,0.24,5,3.8,1,6.2,3.7,5.4,Đạt
SV2602841,Kế toán,Nữ,18-22,Không,Trực tuyến,Hà Nội,Máy tính,2026-02-10,36,929,0.538,5,3.0,4,15.8,6.4,6.8,Đạt
SV2600601,Luật,Nam,23-30,Có,Kết hợp,Hà Nội,Máy tính,2026-01-22,28,701,0.502,4,5.4,1,33.9,,1.9,Không đạt
SV2601119,Kinh tế,Nam,23-30,Có,Trực tuyến,Bắc Ninh,Điện thoại,03-02-2026,43,1112,0.635,10,9.1,7,16.8,8.8,8.4,Đạt
SV2602943,Du lịch,Nam,18-22,Không,Trực tuyến,Hà Nội,Điện thoại,03/02/2026,22,672,0.326,4,5.2,0,11.5,2.7,3.1,Không đạt
SV2601663,Luật,Nữ,18-22,Không,Kết hợp,Hưng Yên,Điện thoại,2026-01-22,53,1110,0.936,10,7.9,7,11.0,7.2,7.3,Đạt
SV2602961,Ngôn ngữ Anh,nam,18-22,Có,Kết hợp,Hà Nội,Máy tính,2026-02-14,31,696,0.704,3,4.5,2,18.2,2.3,1.6,Không đạt
SV2600383,Du lịch,Nam,31-40,Có,Trực tuyến,Quảng Ninh,,2026-02-07,31,1232,0.733,6,6.1,3,10.8,6.6,8.9,Đạt
SV2600549,Công nghệ thông tin,Nữ,23-30,Không,Trực tuyến,Hà Nội,Máy tính,12-02-2026,25,1135,0.627,5,8.3,7,4.8,5.2,6.3,Đạt
SV2600682,Kế toán,Nam,23-30,Có,Trực tuyến,Đà Nẵng,Điện thoại,2026-02-03,23,605,0.377,2,3.6,0,14.2,0.9,1.2,Không đạt
SV2600141,Quản trị kinh doanh,Nữ,18-22,CO,Kết hợp,Lâm Đồng,Máy tính,2026-02-03,9,20,0.14,5,4.0,0,19.4,0.5,1.1,Không đạt
SV2602603,Luật,Nữ,18-22,Có,Trực tuyến,Hà Nội,Điện thoại,2026-01-23,31,781,0.69,9,6.5,5,31.3,5.6,7.2,Đạt
SV2602379,Luật,Nữ,23-30,Có,Trực tuyến,Hải Phòng,Điện thoại,2026-02-04,25,654,0.319,10,7.8,1,2.6,5.8,5.7,Đạt
SV2602213,Công nghệ thông tin,Nam,23-30,Có,Trực tuyến,TP Hồ Chí Minh,Điện thoại,2026-01-26,22,984,0.586,8,7.8,6,36.5,5.8,6.8,Đạt
SV2602712,Kinh tế,Nam,18-22,Có,Trực tuyến,Hà Nội,Máy tính,2026-02-10,20,1802,1.0,9,8.4,5,2.8,8.8,10.0,Đạt
SV2601224,Công nghệ thông tin,Nữ,23-30,Có,Trực tuyến,Hà Nội,Máy tính,01-02-2026,68,1504,0.929,9,9.0,9,8.4,,9.3,Đạt
SV2602591,Quản trị kinh doanh,Nữ,18-22,Không,Trực tuyến,TP Hồ Chí Minh,Máy tính bảng,2026-01-30,50,1805,1.0,8,9.6,9,12.2,8.5,9.1,Đạt
SV2601759, Kế toán ,Nữ,18-22,Không,Trực tuyến,Bình Dương,Máy tính,2026-02-16,44,1094,0.679,5,4.5,2,31.8,4.3,4.2,Đạt
SV2601675,Công nghệ thông tin,Nam,18-22,Không,Kết hợp,TP Hồ Chí Minh,Máy tính,2026-02-05,59,1516,0.574,10,8.7,1,4.9,6.1,8.1,Đạt
SV2602501,Quản trị kinh doanh,Nữ,23-30,Có,Kết hợp,Hà Nội,Điện thoại,2026-02-11,49,761,0.553,3,7.0,3,33.1,,4.8,Đạt
SV2600609,Ngôn ngữ Anh,Nam,23-30,Có,Trực tuyến,Hà Nội,Điện thoại,2026-01-31,1,372,0.626,9,6.4,2,28.7,4.3,7.5,Đạt
SV2600082,Ngôn ngữ Anh,Nữ,18-22,Không,Trực tuyến,Bình Dương,Điện thoại,28-01-2026,45,1269,0.55,8,7.1,2,3.6,,6.2,Đạt
SV2601268,Kinh tế,Nữ,23-30,Có,Kết hợp,TP Hồ Chí Minh,Máy tính,2026-01-26,23,169,0.781,9,9.0,5,36.7,6.6,6.4,Đạt
SV2601108,Quản trị kinh doanh,Nam,23-30,Có,Trực tuyến,Lâm Đồng,Điện thoại,2026-02-14,37,1145,0.635,7,7.6,6,6.5,7.6,7.6,Đạt
SV2601915,Ngôn ngữ Anh,Nữ,23-30,Không,Trực tuyến,Thanh Hóa,Điện thoại,2026-01-25,29,1032,0.467,3,5.7,1,4.9,4.5,5.9,Đạt
SV2602413,Quản trị kinh doanh,Nữ,31-40,Có,Trực tuyến,Cần Thơ,Điện thoại,26-01-2026,7,172,0.042,0,"0,0",0,8.6,2.4,0.8,Không đạt
SV2600114,Luật,Nữ,18-22,Có,Trực tuyến,Đồng Nai,Máy tính,22/01/2026,29,891,1.0,6,6.9,2,2.4,6.6,9.4,Đạt
SV2600639,Quản trị kinh doanh,Nữ,23-30,Không,Trực tuyến,Hưng Yên,Điện thoại,29/01/2026,35,686,0.491,8,7.4,2,9.0,3.9,5.8,Đạt
SV2601761,Quản trị kinh doanh,Nam,31-40,Có,Trực tuyến,Hà Nội,Máy tính,02-02-2026,12,147,0.476,2,3.9,0,21.1,4.8,4.2,Đạt
SV2601963,Kinh tế,Nam,31-40,CO,Trực tuyến,Cần Thơ,Điện thoại,02/02/2026,19,589,0.631,7,7.1,9,21.0,6.9,6.0,Đạt
SV2602679,Quản trị kinh doanh,Nam,18-22,Không,Kết hợp,Hà Nội,Máy tính,04/02/2026,26,403,0.579,8,6.8,9,18.5,6.9,4.2,Đạt
SV2601063,Quản trị kinh doanh,Nữ,18-22,Không,Kết hợp,Hà Nội,Máy tính,30-01-2026,23,1062,0.702,4,7.9,3,3.8,6.7,5.4,Đạt
SV2600972,Công nghệ thông tin,Nam,31-40,Có,Trực tuyến,Hà Nội,Điện thoại,10-02-2026,23,801,0.307,7,8.7,0,6.3,4.2,7.7,Đạt
SV2601739,Quản trị kinh doanh,Nam,23-30,Có,Kết hợp,TP Hồ Chí Minh,Máy tính,2026-01-27,11,562,0.472,4,6.4,3,17.4,3.7,3.4,Không đạt
SV2601314,Công nghệ thông tin,Nữ,23-30,Có,Trực tuyến,Hà Nội,Máy tính,2026-01-26,23,803,0.275,6,4.8,3,18.0,3.6,4.9,Đạt
SV2600471,Công nghệ thông tin,Nữ,18-22,Không,Kết hợp,Bắc Ninh,Máy tính,2026-02-09,49,1316,0.885,9,6.0,6,2.8,7.9,6.6,Đạt
SV2602233,Luật,Nam,18-22,Không,Kết hợp,TP Hồ Chí Minh,Điện thoại,2026-02-10,26,747,0.522,2,6.0,0,12.4,3.7,2.2,Không đạt
SV2602225,Quản trị kinh doanh,Nam,23-30,Không,Trực tuyến,Bình Dương,Điện thoại,25/01/2026,10,540,0.819,3,4.7,2,37.1,5.1,4.0,Đạt
SV2600153,Kinh tế,Nữ,31-40,Có,Trực tuyến,Thanh Hóa,Máy tính bảng,03/02/2026,35,883,0.48,6,4.8,1,26.8,5.5,5.7,Đạt
SV2602939,Luật,Nam,23-30,Có,Trực tuyến,TP Hồ Chí Minh,Máy tính,02-02-2026,51,1140,0.378,9,8.8,3,14.7,8.6,6.4,Đạt
SV2602576,Du lịch,nữ,18-22,Không,Trực tuyến,TP Hồ Chí Minh,Điện thoại,30-01-2026,56,1199,0.736,8,5.6,4,0.7,6.5,6.0,Đạt
SV2601168,Quản trị kinh doanh,Nữ,31-40,Có,Kết hợp,Hải Phòng,Điện thoại,2026-02-06,4,315,0.054,4,3.5,0,9.7,3.6,1.4,Không đạt
SV2600086,Công nghệ thông tin,Nữ,31-40,Có,Trực tuyến,TP Hồ Chí Minh,Máy tính,2026-01-26,32,1047,0.404,9,5.3,2,26.2,7.9,5.9,Đạt
SV2600645,Kế toán,Nữ,18-22,Không,Trực tuyến,Bình Dương,Máy tính,2026-01-26,32,607,0.783,4,6.5,8,19.3,8.7,7.5,Đạt
SV2601122,Ngôn ngữ Anh,Nữ,31-40,Có,Trực tuyến,Thanh Hóa,Điện thoại,15/02/2026,11,20,,9,3.7,2,18.3,3.5,3.5,Không đạt
SV2602619,Kế toán,Nam,23-30,Không,Trực tuyến,TP Hồ Chí Minh,Máy tính,26-01-2026,56,1019,0.623,10,6.7,1,17.6,5.6,6.4,Đạt
SV2602927,Công nghệ thông tin,Nam,18-22,Không,Trực tuyến,Nghệ An,Điện thoại,02-02-2026,50,1683,1.0,10,6.6,8,3.2,8.2,10.0,Đạt
SV2600389,Ngôn ngữ Anh,Nữ,31-40,Có,Trực tuyến,TP Hồ Chí Minh,Máy tính,2026-01-22,38,804,0.902,4,9.7,2,11.6,6.2,7.0,Đạt
SV2601611,Kinh tế,Nam,18-22,Không,Trực tuyến,Hà Nội,Điện thoại,12/02/2026,17,1025,0.624,6,8.3,1,55.4,6.8,2.7,Không đạt
SV2601690,Công nghệ thông tin,Nữ,18-22,Không,Trực tuyến,Quảng Ninh,Điện thoại,2026-02-09,32,496,0.534,6,4.6,2,16.1,5.0,5.3,Đạt
SV2600632,Du lịch,Nam,18-22,Không,Trực tuyến,TP Hồ Chí Minh,Máy tính,24-01-2026,28,1031,0.564,5,3.9,3,11.2,3.1,5.1,Đạt
SV2602333, Du lịch ,Nam,18-22,Không,Trực tuyến,Đà Nẵng,Điện thoại,2026-01-29,49,1284,0.813,10,10.0,4,1.7,8.0,10.0,Đạt
SV2601188,Quản trị kinh doanh,Nam,18-22,Không,Kết hợp,Bắc Ninh,Điện thoại,2026-02-09,34,998,0.706,4,5.9,4,26.1,,3.6,Không đạt
SV2601056, Quản trị kinh doanh ,Nam,18-22,Không,Trực tuyến,TP Hồ Chí Minh,Máy tính bảng,05/02/2026,31,1202,0.582,9,7.2,4,12.3,7.7,8.1,Đạt
SV2602073,Quản trị kinh doanh,Nam,23-30,Có,Kết hợp,Đà Nẵng,Điện thoại,26/01/2026,24,303,,6,4.3,1,2.5,1.5,2.8,Không đạt
SV2601444,Kế toán,Nam,18-22,Không,Trực tuyến,Hà Nội,Máy tính,06/02/2026,40,1038,0.737,10,5.8,2,5.2,5.5,5.6,Đạt
SV2601384,Kinh tế,nam,18-22,Có,Trực tuyến,TP Hồ Chí Minh,Điện thoại,2026-02-09,37,1007,0.959,7,8.2,3,25.9,6.2,8.6,Đạt
SV2600365,Kế toán,Nữ,23-30,Có,Kết hợp,Hà Nội,Máy tính,2026-02-03,28,557,0.643,5,5.7,2,32.4,8.0,7.0,Đạt
SV2602154,Công nghệ thông tin,Nữ,31-40,Không,Kết hợp,Hà Nội,Điện thoại,2026-01-27,17,655,0.311,5,3.6,0,14.3,3.0,1.7,Không đạt
SV2600876,Kế toán,Nam,23-30,Không,Trực tuyến,TP Hồ Chí Minh,Điện thoại,2026-02-07,29,1124,0.448,5,5.5,2,9.9,4.7,6.1,Đạt
SV2601100,Du lịch,Nữ,18-22,Không,Kết hợp,Nghệ An,Điện thoại,01-02-2026,34,1327,0.634,10,4.7,3,2.7,6.4,6.7,Đạt
SV2602921,Công nghệ thông tin,Nữ,23-30,Có,Trực tuyến,Đồng Nai,Máy tính,2026-02-10,53,1029,0.487,7,6.6,4,16.9,6.7,7.3,Đạt
SV2601262,Ngôn ngữ Anh,Nữ,31-40,Có,Trực tuyến,Hà Nội,Máy tính,16-02-2026,38,728,0.635,6,8.3,2,10.9,4.5,7.0,Đạt
SV2602528,Ngôn ngữ Anh,Nữ,31-40,Có,Trực tuyến,Bình Dương,Điện thoại,25/01/2026,42,803,0.588,6,5.1,3,13.6,5.8,8.1,Đạt
SV2600034,Quản trị kinh doanh,Nữ,23-30,Có,Kết hợp,Thái Nguyên,Điện thoại,02-02-2026,46,1085,0.539,5,7.2,3,14.5,6.8,6.4,Đạt
SV2601371,Quản trị kinh doanh,Nữ,23-30,Có,Trực tuyến,Khánh Hòa,Máy tính,2026-02-12,25,287,0.564,8,5.3,1,5.7,3.7,6.3,Đạt
SV2600878,Công nghệ thông tin,Nam,23-30,Không,Kết hợp,Hà Nội,Điện thoại,11-02-2026,39,1202,0.756,9,7.0,3,1.5,6.7,7.3,Đạt
SV2602258,Kế toán,Nữ,18-22,Không,Trực tuyến,Hưng Yên,Điện thoại,2026-01-29,20,605,0.306,5,3.9,0,1.7,2.7,3.7,Không đạt
SV2602995,Ngôn ngữ Anh,Nam,18-22,Không,Trực tuyến,Thái Nguyên,Máy tính,2026-02-04,64,1295,0.941,10,6.9,4,6.1,9.5,9.7,Đạt
SV2602407,Kế toán,Nam,18-22,Có,Kết hợp,Đà Nẵng,Máy tính,2026-02-12,19,402,0.626,4,4.7,1,12.0,2.4,1.4,Không đạt
SV2600350,Du lịch,Nữ,23-30,Có,Trực tuyến,Hải Phòng,Máy tính,06/02/2026,19,147,0.105,3,6.7,0,13.4,3.9,2.6,Không đạt
SV2601016,Ngôn ngữ Anh,Nữ,23-30,Có,Trực tuyến,TP Hồ Chí Minh,Máy tính,2026-01-27,26,1218,0.713,7,4.6,2,16.4,6.4,7.6,Đạt
SV2601949,Công nghệ thông tin,Nữ,18-22,Không,Kết hợp,Hà Nội,Máy tính,2026-02-01,39,956,0.634,7,8.9,4,5.4,5.1,7.1,Đạt
SV2601834,Quản trị kinh doanh,Nam,18-22,Không,Trực tuyến,Đà Nẵng,Máy tính,03-02-2026,35,572,0.481,8,6.4,2,6.6,6.6,5.3,Đạt
SV2600715,Công nghệ thông tin,Nam,31-40,Có,Kết hợp,Thái Nguyên,Điện thoại,29-01-2026,21,586,0.104,5,6.7,1,57.0,5.5,3.7,Không đạt
SV2600844,Quản trị kinh doanh,Nam,18-22,Không,Trực tuyến,Đồng Nai,Máy tính,2026-02-02,31,1137,0.834,6,8.2,3,9.5,7.3,6.0,Đạt
SV2602744,Công nghệ thông tin,Nam,23-30,Có,Trực tuyến,TP Hồ Chí Minh,Điện thoại,2026-02-04,34,932,0.913,10,6.7,5,10.8,7.7,8.7,Đạt
SV2600237,Luật,Nữ,31-40,Có,Trực tuyến,Hà Nội,Điện thoại,2026-02-14,29,788,0.39,6,5.4,1,27.4,4.1,4.7,Đạt
SV2601681,Công nghệ thông tin,Nam,23-30,Không,Kết hợp,Hà Nội,Máy tính bảng,2026-01-27,83,1045,1.0,10,9.2,8,2.1,10.0,8.0,Đạt
SV2602597,Kinh tế,Nam,18-22,Không,Trực tuyến,Cần Thơ,Điện thoại,2026-02-04,42,1323,0.796,4,7.2,4,8.1,6.8,7.6,Đạt
SV2602962,Kế toán,Nữ,Trên 40,Có,Trực tuyến,Hà Nội,Điện thoại,2026-02-13,22,736,0.673,4,6.5,5,18.5,6.1,8.3,Đạt
SV2602477,Quản trị kinh doanh,Nam,31-40,Có,Kết hợp,Quảng Ninh,Điện thoại,2026-02-02,40,299,0.73,10,5.7,2,39.5,2.8,4.0,Đạt
SV2601130,Kế toán,Nam,31-40,Có,Trực tuyến,TP Hồ Chí Minh,Máy tính,2026-02-05,28,1035,0.393,6,8.0,5,7.7,4.7,5.5,Đạt
SV2600245,Công nghệ thông tin,Nam,18-22,Không,Trực tuyến,Nghệ An,Điện thoại,20/01/2026,69,1690,0.954,10,8.5,7,9.6,8.6,9.3,Đạt
SV2601570,Công nghệ thông tin,Nữ,Trên 40,Có,Trực tuyến,Nghệ An,Điện thoại,2026-02-02,8,438,0.667,3,6.9,3,0.3,6.0,6.2,Đạt
SV2602632,Công nghệ thông tin,Nữ,23-30,Có,Trực tuyến,Hà Nội,Điện thoại,2026-01-25,45,809,0.521,10,8.0,4,1.8,8.1,8.3,Đạt
SV2602408,Ngôn ngữ Anh,Nam,31-40,Có,Trực tuyến,Quảng Ninh,Máy tính,2026-01-28,29,923,,6,7.8,2,0.4,4.1,4.5,Đạt
SV2601669,Công nghệ thông tin,Nữ,31-40,Có,Trực tuyến,Quảng Ninh,Máy tính,2026-02-02,58,1468,0.839,8,7.4,6,4.3,7.4,8.9,Đạt
SV2600825,Du lịch,Nữ,18-22,CO,Trực tuyến,Bình Dương,Điện thoại,2026-02-11,30,829,0.657,5,5.3,1,12.4,8.0,8.4,Đạt
SV2602101,Công nghệ thông tin,Nữ,Trên 40,Có,Trực tuyến,Lâm Đồng,Điện thoại,15/02/2026,29,309,0.224,4,5.7,0,13.9,4.6,4.4,Đạt
SV2602383,Quản trị kinh doanh,Nam,31-40,Có,Kết hợp,TP Hồ Chí Minh,Điện thoại,2026-02-12,23,1104,,6,4.1,1,16.2,2.3,2.6,Không đạt
SV2601543,Ngôn ngữ Anh,Nữ,23-30,Không,Trực tuyến,Hà Nội,Máy tính,25-01-2026,48,646,0.614,6,9.1,2,7.5,7.5,8.2,Đạt
SV2600018,Kinh tế,Nam,18-22,Có,Trực tuyến,Khánh Hòa,Máy tính,2026-02-12,28,278,0.496,5,5.4,0,13.9,5.4,4.6,Đạt
SV2602030,Công nghệ thông tin,Nam,23-30,Không,Trực tuyến,Đà Nẵng,Máy tính,21-01-2026,79,1482,0.945,10,9.6,9,2.1,8.2,9.0,Đạt
SV2600603,Kế toán,Nam,23-30,Không,Kết hợp,Hà Nội,Điện thoại,2026-01-27,19,276,0.139,1,4.3,1,1.7,4.4,3.1,Không đạt
SV2602122,Kế toán,Nam,23-30,Có,Trực tuyến,Bình Dương,Máy tính,22/01/2026,41,1071,0.537,8,8.5,4,25.7,4.7,6.5,Đạt
SV2600311,Kinh tế,Nữ,18-22,Không,Kết hợp,TP Hồ Chí Minh,Máy tính bảng,05/02/2026,45,1721,0.895,8,5.5,7,40.9,6.8,5.7,Đạt
SV2600200,Công nghệ thông tin,Nam,23-30,Có,Trực tuyến,Nghệ An,Máy tính,30/01/2026,35,941,0.429,8,6.6,4,7.3,4.5,5.5,Đạt
SV2602696,Du lịch,Nữ,23-30,Không,Trực tuyến,Hải Phòng,Điện thoại,2026-01-24,21,2019,0.808,9,9.0,2,3.0,8.6,9.1,Đạt
SV2600840,Quản trị kinh doanh,Nam,Trên 40,Có,Kết hợp,Khánh Hòa,Máy tính,2026-01-28,11,99999,0.157,7,6.0,0,9.8,4.0,4.3,Đạt
SV2601943,Công nghệ thông tin,Nữ,18-22,Có,Trực tuyến,TP Hồ Chí Minh,Máy tính,08/02/2026,16,707,0.503,5,4.9,4,31.1,3.3,4.2,Đạt
SV2602583,Quản trị kinh doanh,Nam,18-22,Không,Kết hợp,Hà Nội,Máy tính,2026-02-07,41,1022,0.755,10,8.6,5,5.2,6.1,5.6,Đạt
SV2602268,Công nghệ thông tin,Khác,23-30,Có,Trực tuyến,TP Hồ Chí Minh,Điện thoại,29/01/2026,27,892,0.414,7,5.8,1,22.5,5.6,5.7,Đạt
SV2600264,Luật,Nam,18-22,Không,Trực tuyến,Thanh Hóa,Điện thoại,2026-01-26,48,1149,0.849,10,7.6,3,12.7,9.4,10.0,Đạt
SV2601312,Quản trị kinh doanh,Nam,Trên 40,Có,Kết hợp,Hà Nội,Máy tính,2026-01-30,30,774,0.239,6,5.1,4,14.9,5.2,4.2,Đạt
SV2601629,Luật,Nam,23-30,Có,Trực tuyến,Hà Nội,Máy tính,2026-01-24,31,582,0.433,4,7.6,4,38.5,6.4,4.7,Đạt
SV2600274,Kinh tế,Nữ,23-30,Có,Trực tuyến,Hà Nội,Điện thoại,2026-02-07,49,1173,0.684,7,"6,1",2,30.1,5.2,7.4,Đạt
SV2600736,Kế toán,Nữ,31-40,Có,Trực tuyến,Hà Nội,Điện thoại,2026-02-12,28,544,0.513,4,6.0,6,11.5,9.0,7.5,Đạt
SV2600797,Quản trị kinh doanh,Nữ,31-40,Có,Kết hợp,TP Hồ Chí Minh,Điện thoại,2026-02-10,30,20,0.482,1,4.5,0,11.1,3.1,1.5,Không đạt
SV2600379,Kế toán,Nữ,23-30,Không,Trực tuyến,Quảng Ninh,Điện thoại,12-02-2026,42,845,0.315,10,7.1,2,9.6,8.0,5.6,Đạt
SV2601282,Luật,Nam,18-22,Có,Kết hợp,TP Hồ Chí Minh,Điện thoại,2026-02-12,17,574,0.186,1,5.3,1,26.8,,3.0,Không đạt
SV2602728,Quản trị kinh doanh,Nữ,23-30,Không,Trực tuyến,TP Hồ Chí Minh,Máy tính,2026-02-15,49,860,0.618,10,7.5,3,7.6,7.4,6.5,Đạt
SV2600208,Luật,Nữ,18-22,Không,Trực tuyến,Đồng Nai,Máy tính bảng,2026-02-14,58,1369,0.875,10,8.3,10,1.6,,9.3,Đạt
SV2600659,Quản trị kinh doanh,Nữ,31-40,Có,Trực tuyến,Hải Phòng,Máy tính,03-02-2026,32,786,0.631,5,8.3,5,7.8,7.3,8.6,Đạt
SV2602302,Công nghệ thông tin,Nữ,18-22,Không,Kết hợp,TP Hồ Chí Minh,Máy tính,2026-02-14,44,1181,0.822,7,9.1,9,3.2,7.1,7.6,Đạt
SV2600011,Công nghệ thông tin,Nữ,23-30,Có,Trực tuyến,Nghệ An,Máy tính,2026-02-03,35,916,0.583,10,7.9,5,8.3,4.8,6.7,Đạt
SV2602575,Luật,Nam,23-30,KHONG,Trực tuyến,TP Hồ Chí Minh,Máy tính,02/02/2026,28,1325,0.674,7,8.6,3,10.6,6.5,9.5,Đạt
SV2602868,Luật,Nam,18-22,Không,Trực tuyến,Thanh Hóa,Điện thoại,2026-02-04,44,563,0.627,7,6.9,6,3.5,4.6,6.8,Đạt
SV2601722,Kế toán,Nữ,23-30,Không,Trực tuyến,Hà Nội,Điện thoại,06-02-2026,33,147,0.36,6,4.5,3,16.0,2.9,3.0,Không đạt
SV2600226,Công nghệ thông tin,Nữ,18-22,Có,Trực tuyến,Hà Nội,Máy tính,04/02/2026,38,574,0.753,8,7.1,4,6.6,,6.8,Đạt
SV2601301,Quản trị kinh doanh,Nữ,18-22,Không,Trực tuyến,Bắc Ninh,Máy tính,2026-02-10,57,1084,0.365,7,7.1,10,35.3,7.2,4.7,Đạt
SV2600240,Kế toán,Nữ,18-22,Không,Kết hợp,Đà Nẵng,Máy tính,2026-02-01,38,1051,0.528,10,7.2,4,16.6,6.3,5.4,Đạt
SV2602153,Kế toán,Nữ,31-40,Không,Trực tuyến,Cần Thơ,Điện thoại,31-01-2026,62,767,0.691,8,9.9,6,26.4,5.0,6.1,Đạt
SV2602804,Kế toán,Khác,18-22,Không,Trực tuyến,TP Hồ Chí Minh,Máy tính,2026-02-05,33,739,0.83,5,5.8,4,7.4,5.4,5.4,Đạt
SV2600381,Quản trị kinh doanh,Nữ,18-22,Không,Kết hợp,Quảng Ninh,Máy tính,2026-02-04,15,382,0.205,6,1.4,0,37.7,,0.0,Không đạt
SV2601286,Công nghệ thông tin,Nữ,23-30,Có,Kết hợp,Hà Nội,Điện thoại,2026-02-09,55,887,1.0,10,10.0,9,5.6,7.4,7.7,Đạt
SV2602191,Quản trị kinh doanh,Nữ,31-40,Có,Kết hợp,TP Hồ Chí Minh,Máy tính,2026-01-27,44,1224,0.957,8,8.9,6,6.6,8.2,6.4,Đạt
SV2602806,Công nghệ thông tin,Nữ,Trên 40,Có,Kết hợp,Hà Nội,Máy tính,2026-01-28,8,646,0.349,5,8.5,2,13.7,4.5,4.9,Đạt
SV2602989,Du lịch,Nam,23-30,Có,Trực tuyến,Quảng Ninh,Máy tính,20/01/2026,34,1232,,6,7.0,3,31.1,8.1,8.2,Đạt
SV2600546,Luật,Nữ,18-22,Không,Kết hợp,Đà Nẵng,Máy tính bảng,25-01-2026,54,1046,0.776,8,8.4,5,16.0,6.4,3.8,Không đạt
SV2600041,Luật,Nữ,23-30,Không,Trực tuyến,Nghệ An,Máy tính,2026-02-12,33,850,0.836,8,6.6,3,3.1,6.3,8.8,Đạt
SV2602367,Công nghệ thông tin,Nam,23-30,Có,Trực tuyến,Nghệ An,Máy tính,05/02/2026,39,853,1.0,5,6.4,2,33.3,7.7,8.7,Đạt
SV2602180,Kinh tế,Nữ,18-22,Không,Trực tuyến,Hà Nội,Máy tính,2026-02-09,42,1112,0.757,8,7.1,5,5.7,6.3,7.4,Đạt
SV2600671,Công nghệ thông tin,Nam,18-22,Không,Trực tuyến,Hải Phòng,Máy tính,2026-01-25,40,1042,0.603,10,10.0,4,10.6,9.3,10.0,Đạt
SV2600454,Công nghệ thông tin,Nữ,23-30,Có,Trực tuyến,Hà Nội,Máy tính,11-02-2026,47,1399,0.642,7,5.3,4,10.7,7.1,7.6,Đạt
SV2601970,Kế toán,Nam,18-22,Không,Trực tuyến,TP Hồ Chí Minh,Máy tính,13/02/2026,49,1122,1.0,10,10.0,7,8.8,7.0,7.6,Đạt
SV2601907,Kinh tế,Nữ,18-22,Không,Trực tuyến,Đà Nẵng,Máy tính,2026-01-20,19,798,0.784,6,6.3,2,18.7,,6.5,Đạt
SV2601053,Công nghệ thông tin,Nữ,18-22,Không,Trực tuyến,Bình Dương,Máy tính,2026-01-24,35,836,0.418,10,6.8,2,5.0,6.8,6.5,Đạt
SV2602466,Luật,Nữ,18-22,Có,Trực tuyến,Nghệ An,Máy tính,2026-01-27,25,324,0.325,7,5.3,1,19.3,5.6,4.3,Đạt
SV2602006,Kinh tế,Nữ,18-22,Không,Trực tuyến,TP Hồ Chí Minh,Máy tính,2026-01-29,50,998,0.577,10,5.9,4,7.1,3.9,6.4,Đạt
SV2600540,Công nghệ thông tin,Nam,18-22,Không,Kết hợp,Thanh Hóa,Máy tính,2026-02-09,38,900,1.0,7,10.0,8,3.7,9.1,8.8,Đạt
SV2600318,Ngôn ngữ Anh,Nam,18-22,Có,Trực tuyến,Bình Dương,Máy tính,2026-01-26,55,741,0.55,5,"7,3",5,2.1,8.0,7.9,Đạt
SV2601571,Quản trị kinh doanh,Nam,18-22,Không,Trực tuyến,Lâm Đồng,Máy tính,2026-01-27,53,1360,0.529,10,7.1,6,2.4,6.1,7.1,Đạt
SV2601979,Công nghệ thông tin,Nam,23-30,Có,Trực tuyến,Quảng Ninh,Điện thoại,2026-02-06,38,1114,0.573,10,7.6,7,2.2,7.9,8.8,Đạt
SV2602858,Kinh tế,Nam,Trên 40,Có,Trực tuyến,Hà Nội,Máy tính,02/02/2026,28,1070,0.44,4,7.1,0,37.0,5.0,6.1,Đạt
SV2600499,Công nghệ thông tin,Nam,23-30,Không,Trực tuyến,Hà Nội,Điện thoại,2026-01-20,45,610,0.445,10,4.8,2,28.1,,6.1,Đạt
SV2601382,Luật,nữ,Trên 40,Có,Trực tuyến,Hà Nội,Máy tính,02/02/2026,1,249,0.365,6,3.5,0,7.9,3.7,2.6,Không đạt
SV2601071,Công nghệ thông tin,Nam,31-40,Không,Trực tuyến,Hà Nội,Máy tính,2026-02-14,24,593,0.774,7,6.0,3,8.1,7.0,8.0,Đạt
SV2601913,Quản trị kinh doanh,Nữ,23-30,Không,Kết hợp,Hà Nội,Máy tính,07/02/2026,35,758,0.53,7,4.6,5,18.9,7.5,5.8,Đạt
SV2600493,Luật,Nữ,23-30,Có,Trực tuyến,Nghệ An,Điện thoại,2026-02-07,44,794,0.684,8,5.6,6,56.1,5.4,6.9,Đạt
SV2600970,Kế toán,Nữ,23-30,Có,Trực tuyến,TP Hồ Chí Minh,Máy tính,27/01/2026,20,762,0.655,6,5.8,0,11.8,5.0,5.7,Đạt
SV2600723,Luật,Nam,23-30,Có,Trực tuyến,Đà Nẵng,Máy tính,21/01/2026,22,371,0.182,1,4.5,1,14.5,3.2,1.9,Không đạt
SV2601236,Công nghệ thông tin,Nam,18-22,Không,Trực tuyến,TP Hồ Chí Minh,Máy tính,23/01/2026,45,1114,0.689,10,8.0,3,6.2,4.8,7.6,Đạt
SV2602061,Kế toán,Nam,23-30,Có,Trực tuyến,Đồng Nai,Điện thoại,2026-02-12,30,1063,0.255,4,8.0,1,15.3,3.7,3.2,Không đạt
SV2600624,Luật,Nữ,23-30,Có,Trực tuyến,Hà Nội,Điện thoại,2026-01-21,55,1254,0.694,8,9.1,3,4.9,7.5,8.6,Đạt
SV2600242,Luật,Nữ,31-40,Có,Trực tuyến,Hà Nội,Điện thoại,2026-01-28,37,495,0.495,9,6.5,2,16.2,6.2,6.3,Đạt
SV2601552,Công nghệ thông tin,Nữ,18-22,Không,Trực tuyến,Thanh Hóa,Máy tính,2026-02-13,40,514,0.984,4,3.3,0,15.6,4.6,5.0,Đạt
SV2600189,Du lịch,Nữ,18-22,Không,Trực tuyến,Hà Nội,Điện thoại,2026-01-20,29,870,0.673,8,5.5,1,4.2,,5.1,Đạt
SV2602478,Kinh tế,Nam,18-22,Không,Trực tuyến,Hà Nội,Điện thoại,01-02-2026,37,1113,0.572,5,"5,9",2,3.1,5.9,7.7,Đạt
SV2602075,Quản trị kinh doanh,Khác,31-40,Có,Trực tuyến,Hải Phòng,Điện thoại,2026-02-11,26,645,0.383,5,7.5,1,16.7,7.3,6.4,Đạt
SV2600436,Công nghệ thông tin,Nam,Trên 40,Có,Trực tuyến,Hưng Yên,Điện thoại,2026-01-23,38,1689,0.746,9,7.3,9,20.7,5.5,6.7,Đạt
SV2600921,Kế toán,Nữ,23-30,Có,Trực tuyến,Bình Dương,Máy tính bảng,2026-02-13,45,847,0.533,8,6.7,2,28.3,7.1,9.7,Đạt
SV2601305,Kinh tế,Nữ,18-22,Không,Trực tuyến,Đồng Nai,Máy tính,16/02/2026,51,844,0.818,10,10.0,4,10.0,9.4,8.7,Đạt
SV2600670,Ngôn ngữ Anh,Nam,18-22,Không,Trực tuyến,Hà Nội,Máy tính,2026-02-01,46,1233,1.0,10,10.0,5,16.8,10.0,10.0,Đạt
SV2601465,Công nghệ thông tin,Nam,23-30,Có,Kết hợp,Hà Nội,Máy tính,06/02/2026,27,846,0.523,7,7.5,2,14.6,6.2,5.6,Đạt
SV2600951,Luật,Nữ,31-40,Có,Kết hợp,Đà Nẵng,Máy tính,2026-02-06,39,1387,0.687,9,7.2,7,1.3,8.0,7.3,Đạt
SV2600127,Kinh tế,Nam,31-40,Có,Trực tuyến,Thanh Hóa,,16/02/2026,36,974,0.241,7,5.9,3,18.3,3.9,4.0,Đạt
SV2601304,Công nghệ thông tin,Nữ,18-22,Không,Kết hợp,Cần Thơ,Máy tính,28/01/2026,37,1106,0.484,7,6.2,3,46.6,4.9,2.9,Không đạt
SV2600423,Kế toán,Nam,18-22,Không,Kết hợp,Hà Nội,Điện thoại,15-02-2026,24,814,0.095,6,"8,4",2,2.9,5.5,4.6,Đạt
SV2600905,Luật,Nam,Trên 40,Có,Kết hợp,Bắc Ninh,Máy tính bảng,2026-02-04,28,1428,0.249,7,5.3,1,10.4,5.1,2.6,Không đạt
SV2601134,Kế toán,Nam,23-30,Có,Trực tuyến,Hà Nội,Điện thoại,2026-02-10,35,1124,0.582,9,10.0,5,16.2,7.1,8.6,Đạt
SV2602090,Luật,Nam,18-22,Không,Kết hợp,Hà Nội,Máy tính,2026-02-15,50,1439,0.622,9,8.0,0,49.0,5.7,5.6,Đạt
SV2602823,Công nghệ thông tin,Nam,31-40,Có,Trực tuyến,Hà Nội,Máy tính,2026-02-07,36,606,0.398,5,5.6,0,9.6,5.0,5.4,Đạt
SV2601851,Công nghệ thông tin,Nữ,18-22,Không,Trực tuyến,Hải Phòng,Điện thoại,27/01/2026,62,1419,0.883,10,8.4,6,9.8,7.1,9.4,Đạt
SV2602765,Ngôn ngữ Anh,Nam,23-30,Không,Trực tuyến,TP Hồ Chí Minh,Máy tính,2026-01-29,41,1077,0.403,8,7.8,8,13.2,7.8,6.2,Đạt
SV2601653,Kinh tế,nam,23-30,Có,Trực tuyến,Hà Nội,Máy tính,22-01-2026,14,1312,0.423,6,"4,7",3,13.7,5.6,6.4,Đạt
SV2601242,Kế toán,Nữ,18-22,KHONG,Trực tuyến,Lâm Đồng,Điện thoại,2026-02-09,25,707,0.111,6,3.4,0,23.2,4.3,4.8,Đạt
SV2601190,Công nghệ thông tin,Nữ,18-22,Không,Kết hợp,Khánh Hòa,,06-02-2026,1,787,0.679,6,3.8,2,44.8,4.2,1.7,Không đạt
SV2602808,Quản trị kinh doanh,Nam,31-40,Có,Kết hợp,Bình Dương,Điện thoại,2026-01-29,36,242,0.136,5,5.0,0,24.3,2.8,2.1,Không đạt
SV2600771,Kinh tế,Nữ,31-40,Có,Trực tuyến,Đà Nẵng,Máy tính,24-01-2026,7,76,0.279,2,4.4,0,14.1,3.7,2.3,Không đạt
SV2602283,Kinh tế,Nam,23-30,Có,Trực tuyến,TP Hồ Chí Minh,Điện thoại,20/01/2026,25,140,0.141,3,5.7,2,33.7,3.2,0.2,Không đạt
SV2601081,Công nghệ thông tin,Nữ,31-40,Có,Trực tuyến,Nghệ An,Máy tính,2026-01-31,38,901,0.799,9,6.8,4,11.6,7.6,8.3,Đạt
SV2601605,Kế toán,Nam,23-30,Có,Trực tuyến,Đồng Nai,Máy tính,2026-02-05,43,1095,0.973,7,9.3,6,11.3,10.0,10.0,Đạt
SV2602263,Quản trị kinh doanh,Nam,23-30,Có,Trực tuyến,Hà Nội,Máy tính,2026-02-15,40,1032,0.427,6,6.3,1,27.2,4.5,5.5,Đạt
SV2600063,Quản trị kinh doanh,Nam,18-22,Không,Trực tuyến,TP Hồ Chí Minh,Máy tính bảng,2026-02-16,52,917,0.749,10,9.1,3,6.4,6.4,7.2,Đạt
SV2601430,Kế toán,Nam,18-22,Không,Kết hợp,,Máy tính,2026-02-01,54,562,0.65,9,8.2,2,10.3,6.8,3.8,Không đạt
SV2602079,Kế toán,Nam,23-30,Không,Trực tuyến,Hà Nội,Điện thoại,12-02-2026,44,1335,0.919,9,9.8,7,13.7,8.4,8.9,Đạt
SV2600193,Quản trị kinh doanh,Nữ,31-40,Có,Trực tuyến,Bắc Ninh,Điện thoại,07-02-2026,20,497,0.22,4,7.2,0,45.5,0.7,1.6,Không đạt
SV2602976,Kế toán,Nam,23-30,Không,Trực tuyến,Hải Phòng,Máy tính,2026-02-13,8,743,0.624,6,7.1,0,7.9,4.6,5.2,Đạt
SV2602380,Công nghệ thông tin,Nam,18-22,Không,Kết hợp,Hà Nội,Máy tính,2026-02-01,44,1155,1.0,10,7.0,6,13.5,9.1,7.7,Đạt
SV2602026,Kinh tế,Nữ,18-22,Không,Trực tuyến,TP Hồ Chí Minh,Máy tính,2026-01-31,58,866,0.662,8,5.5,2,17.7,5.3,6.1,Đạt
SV2600672,Du lịch,Nam,23-30,Có,Trực tuyến,TP Hồ Chí Minh,Máy tính,2026-01-25,46,900,0.557,5,6.0,1,18.4,4.7,7.4,Đạt
SV2602527,Công nghệ thông tin,Nam,23-30,Có,Kết hợp,Hà Nội,Máy tính,2026-02-10,15,436,0.494,3,7.2,0,25.8,4.8,3.0,Không đạt
SV2600536,Công nghệ thông tin,Nam,23-30,Có,Trực tuyến,Đồng Nai,Điện thoại,2026-01-24,46,860,0.754,7,6.1,3,13.8,5.1,6.5,Đạt
SV2600211,Kinh tế,Nam,18-22,Không,Trực tuyến,Đà Nẵng,Điện thoại,2026-02-16,24,651,0.532,7,4.3,2,18.7,5.7,6.1,Đạt
SV2600776,Công nghệ thông tin,Nam,23-30,Có,Kết hợp,Đà Nẵng,Máy tính,12-02-2026,17,1173,0.633,10,8.1,1,13.0,6.9,7.6,Đạt
SV2601385,Kinh tế,Nữ,18-22,Không,Kết hợp,Đồng Nai,Điện thoại,2026-02-09,51,882,0.826,10,6.4,7,10.4,5.1,5.1,Đạt
SV2600320,Kế toán,Nam,18-22,Không,Trực tuyến,Cần Thơ,Máy tính,2026-02-01,26,1114,0.997,6,8.9,5,25.6,6.6,8.5,Đạt
SV2600331,Ngôn ngữ Anh,Nam,31-40,Có,Kết hợp,Hưng Yên,Máy tính,2026-02-12,28,585,0.731,6,"6,9",1,33.8,2.9,5.2,Đạt
SV2601628,Quản trị kinh doanh,Nam,18-22,Có,Trực tuyến,Thái Nguyên,Điện thoại,2026-01-25,25,441,0.658,8,6.6,1,13.9,4.7,8.1,Đạt
SV2602740,Công nghệ thông tin,Nữ,Trên 40,Có,Trực tuyến,TP Hồ Chí Minh,Máy tính,11/02/2026,21,403,0.213,6,4.1,0,10.0,4.1,1.7,Không đạt
SV2600231,Công nghệ thông tin,Nam,18-22,Không,Trực tuyến,,Máy tính bảng,2026-01-25,44,1220,0.641,6,7.5,1,12.8,6.7,6.9,Đạt
SV2600886, Kinh tế ,Nam,18-22,Không,Trực tuyến,Hải Phòng,Máy tính,2026-02-11,25,865,0.598,5,7.3,0,25.5,4.7,4.7,Đạt
SV2602929,Kinh tế,Nữ,18-22,Có,Trực tuyến,Hà Nội,Máy tính,23/01/2026,34,771,0.736,9,10.0,6,14.4,7.1,6.4,Đạt
SV2601573,Kế toán,Nữ,18-22,Không,Trực tuyến,Cần Thơ,Điện thoại,11-02-2026,56,1048,,8,5.0,2,22.2,6.7,6.7,Đạt
SV2600416, Kinh tế ,Nam,18-22,Không,Trực tuyến,Hà Nội,Máy tính,06/02/2026,26,804,0.499,9,5.6,2,24.0,6.7,6.5,Đạt
SV2600872,Ngôn ngữ Anh,Nữ,18-22,Không,Kết hợp,Hà Nội,Máy tính,20/01/2026,28,1297,0.84,9,3.9,5,0.4,5.3,5.4,Đạt
SV2602278,Công nghệ thông tin,Nam,18-22,Có,Trực tuyến,Thái Nguyên,Điện thoại,2026-02-05,19,1102,0.404,6,6.7,4,7.2,6.0,7.4,Đạt
SV2602881,Kế toán,Nữ,23-30,Có,Trực tuyến,Khánh Hòa,Máy tính,13-02-2026,39,1082,0.356,6,7.0,2,17.2,4.7,3.3,Không đạt
SV2600802,Kinh tế,nữ,23-30,Có,Trực tuyến,Thanh Hóa,Điện thoại,2026-01-20,38,494,0.429,5,9.1,4,0.4,4.7,7.3,Đạt
SV2601124,Quản trị kinh doanh,nữ,23-30,Có,Kết hợp,Thanh Hóa,Máy tính,2026-02-01,42,1203,0.797,7,9.1,3,2.3,7.2,6.4,Đạt
SV2601284,Kế toán,Nam,18-22,Không,Trực tuyến,Bình Dương,Máy tính bảng,11/02/2026,8,162,0.632,7,4.3,1,1.6,3.0,5.2,Đạt
SV2601313,Luật,Khác,18-22,Có,Kết hợp,Bắc Ninh,Máy tính bảng,2026-02-13,19,1048,0.538,8,7.4,3,5.0,6.4,5.1,Đạt
SV2600528,Công nghệ thông tin,Nam,23-30,Không,Trực tuyến,TP Hồ Chí Minh,Máy tính,2026-01-30,1,420,0.289,3,4.5,0,116.0,0.1,0.0,Không đạt
SV2602168,Công nghệ thông tin,Nam,23-30,Có,Trực tuyến,Cần Thơ,Điện thoại,05/02/2026,38,856,0.551,5,9.7,2,8.8,7.2,7.0,Đạt
SV2602721,Luật,Nữ,18-22,Không,Kết hợp,Khánh Hòa,Điện thoại,24-01-2026,24,667,0.43,6,5.2,0,5.2,5.3,5.6,Đạt
SV2601101,Công nghệ thông tin,Nữ,23-30,Không,Trực tuyến,Nghệ An,Máy tính,2026-01-20,15,97,0.247,2,6.2,0,8.5,6.2,4.2,Đạt
SV2601951,Công nghệ thông tin,Nữ,23-30,Không,Kết hợp,Quảng Ninh,Máy tính,2026-02-14,54,500,0.715,8,6.0,6,14.9,6.1,4.9,Đạt
SV2600702,Công nghệ thông tin,Nam,31-40,Có,Trực tuyến,Đồng Nai,Máy tính bảng,24/01/2026,27,661,0.495,6,9.0,2,6.2,4.5,7.3,Đạt
SV2601729,Quản trị kinh doanh,Khác,18-22,KHONG,Trực tuyến,Nghệ An,Máy tính,2026-02-15,55,1388,0.774,8,9.5,4,12.1,8.2,8.9,Đạt
SV2600473,Quản trị kinh doanh,Nam,18-22,Không,Trực tuyến,Thanh Hóa,Máy tính,12/02/2026,30,990,0.508,8,6.6,4,10.3,6.6,6.0,Đạt
SV2602779,Ngôn ngữ Anh,Nữ,18-22,Không,Trực tuyến,Hà Nội,Máy tính,2026-02-05,38,535,0.591,8,4.2,0,9.8,4.9,6.3,Đạt
SV2602758,Kinh tế,Nữ,18-22,KHONG,Trực tuyến,Hà Nội,Máy tính,2026-02-15,100,1970,1.0,6,8.0,10,8.2,10.0,10.0,Đạt
SV2601529,Công nghệ thông tin,Nam,18-22,Không,Trực tuyến,Hà Nội,Máy tính,2026-02-11,19,744,0.335,8,4.0,4,17.6,5.9,3.8,Không đạt
SV2600067,Du lịch,Nữ,31-40,Có,Trực tuyến,Khánh Hòa,Điện thoại,11-02-2026,33,99999,0.283,4,5.9,2,1.0,6.3,3.8,Không đạt
SV2600420,Công nghệ thông tin,Nam,23-30,Không,Kết hợp,Đồng Nai,Máy tính,2026-02-02,32,753,0.559,8,7.9,5,2.7,6.7,7.0,Đạt
SV2601169,Luật,Nam,23-30,Có,Trực tuyến,Thanh Hóa,Máy tính,2026-01-26,58,469,0.304,6,"7,7",1,11.4,4.7,4.7,Đạt
SV2602524,Ngôn ngữ Anh,Nam,31-40,Có,Trực tuyến,TP Hồ Chí Minh,Máy tính,29/01/2026,54,1111,0.806,10,7.2,4,5.3,6.6,8.8,Đạt
SV2601191,Quản trị kinh doanh,Nữ,18-22,Có,Trực tuyến,Đồng Nai,Máy tính,11/02/2026,40,1087,0.654,10,8.4,3,25.2,8.9,8.8,Đạt
SV2602355,Kế toán,Nam,18-22,Có,Trực tuyến,Hải Phòng,Điện thoại,05/02/2026,25,784,0.558,6,7.8,1,11.6,4.9,7.1,Đạt
SV2600569, Kinh tế ,Nam,31-40,Có,Trực tuyến,Khánh Hòa,Điện thoại,2026-01-20,48,857,0.39,9,10.0,6,22.6,5.1,6.5,Đạt
SV2601255,Công nghệ thông tin,Nam,23-30,Có,Kết hợp,Khánh Hòa,Máy tính,2026-02-04,32,1059,0.813,7,9.6,6,6.8,6.6,6.4,Đạt
SV2600738,Công nghệ thông tin,Nữ,18-22,Không,Trực tuyến,TP Hồ Chí Minh,Máy tính,2026-02-15,45,1024,0.579,6,5.3,2,34.2,7.5,7.7,Đạt
SV2600019,Luật,Nữ,18-22,Không,Kết hợp,Hà Nội,Điện thoại,2026-01-30,11,249,0.435,6,8.4,0,62.8,3.6,0.8,Không đạt
SV2601163,Kinh tế,Nam,23-30,Không,Trực tuyến,Đà Nẵng,Điện thoại,2026-01-26,35,943,0.855,6,7.2,7,10.8,6.4,6.0,Đạt
SV2600747,Kinh tế,Nam,18-22,Không,Trực tuyến,TP Hồ Chí Minh,Máy tính,2026-01-30,43,1109,0.63,10,7.2,8,2.8,5.5,6.6,Đạt
SV2602423,Du lịch,Nam,18-22,Không,Kết hợp,Hà Nội,Điện thoại,2026-01-28,19,1011,0.155,2,5.4,0,27.2,3.9,1.1,Không đạt
SV2602347,Du lịch,khác,23-30,CO,Trực tuyến,Hà Nội,Điện thoại,2026-02-10,10,374,0.228,1,4.3,0,5.7,0.8,0.9,Không đạt
SV2601352,Du lịch,Nữ,18-22,Không,Trực tuyến,Cần Thơ,Máy tính,28/01/2026,59,1157,0.695,9,"8,6",5,6.8,,7.5,Đạt
SV2601370,Du lịch,Nam,23-30,Có,Kết hợp,Quảng Ninh,Máy tính,2026-01-31,4,708,0.36,6,6.7,3,33.8,3.6,2.4,Không đạt
SV2600445,Luật,Nam,18-22,Không,Trực tuyến,Hà Nội,Máy tính,2026-01-26,34,775,0.52,8,5.9,1,10.4,5.3,4.9,Đạt
SV2601387,Luật,Nữ,23-30,Không,Trực tuyến,Hải Phòng,Máy tính,2026-02-03,11,21,0.267,5,6.8,1,6.3,4.3,4.0,Đạt
SV2602549,Công nghệ thông tin,Nữ,18-22,Có,Trực tuyến,Đà Nẵng,Điện thoại,2026-01-25,43,675,0.608,8,6.8,1,23.0,4.7,5.5,Đạt
SV2602049,Công nghệ thông tin,Nữ,23-30,Có,Trực tuyến,Nghệ An,Điện thoại,2026-01-28,26,737,0.805,9,9.3,1,15.3,7.8,9.8,Đạt
SV2600049,Công nghệ thông tin,Nữ,18-22,Không,Kết hợp,TP Hồ Chí Minh,Điện thoại,2026-01-26,48,569,0.868,10,6.6,2,16.7,6.3,5.8,Đạt
SV2602589,Quản trị kinh doanh,nam,18-22,Có,Trực tuyến,Hà Nội,Máy tính bảng,31/01/2026,4,460,,8,"6,9",0,14.0,4.2,4.4,Đạt
SV2600092,Công nghệ thông tin,Nữ,18-22,Không,Kết hợp,Nghệ An,Máy tính,21/01/2026,33,1610,0.62,10,8.1,2,9.1,7.4,5.6,Đạt
SV2601195,Ngôn ngữ Anh,Nữ,18-22,Không,Trực tuyến,TP Hồ Chí Minh,Máy tính bảng,2026-02-03,30,1414,0.7,2,4.1,0,9.6,6.2,6.2,Đạt
SV2602110,Công nghệ thông tin,Nữ,18-22,Không,Kết hợp,Cần Thơ,Máy tính,08/02/2026,35,1290,0.441,10,7.2,2,2.5,5.8,4.4,Đạt
SV2601041,Kinh tế,Nữ,18-22,Không,Trực tuyến,Thanh Hóa,Máy tính,2026-02-01,24,886,,5,7.3,1,37.6,5.4,4.4,Đạt
SV2601070,Công nghệ thông tin,Nữ,18-22,Không,Trực tuyến,Thanh Hóa,Máy tính bảng,2026-02-03,47,1064,0.674,8,6.0,4,39.9,5.5,5.5,Đạt
SV2600617,Kinh tế,Nữ,18-22,Không,Trực tuyến,Hưng Yên,Máy tính,25/01/2026,42,1181,0.857,9,8.8,4,2.4,6.6,9.1,Đạt
SV2602397,Công nghệ thông tin,Nam,18-22,Không,Trực tuyến,Thái Nguyên,Máy tính,2026-01-26,74,1448,0.933,9,9.6,4,7.3,,10.0,Đạt
SV2601682,Quản trị kinh doanh,Nữ,23-30,Không,Trực tuyến,,Máy tính,2026-01-29,1,814,0.15,5,9.9,1,17.1,5.0,5.2,Đạt
SV2600974,Ngôn ngữ Anh,Nam,23-30,Có,Trực tuyến,TP Hồ Chí Minh,Máy tính,01-02-2026,32,523,0.661,6,5.0,2,26.1,3.1,2.5,Không đạt
SV2602454,Kế toán,Nam,Trên 40,Có,Kết hợp,Lâm Đồng,Máy tính,2026-02-02,48,666,0.396,8,10.0,5,9.3,4.8,6.2,Đạt
SV2600637,Công nghệ thông tin,Nam,23-30,Có,Trực tuyến,Hải Phòng,Điện thoại,2026-01-22,54,447,0.797,6,6.2,2,29.5,4.3,6.9,Đạt
SV2601256,Kế toán,Nữ,Trên 40,Có,Trực tuyến,Cần Thơ,Điện thoại,2026-01-29,42,1217,0.76,7,6.2,5,5.3,6.6,7.5,Đạt
SV2602158,Luật,Nữ,18-22,Không,Trực tuyến,,Điện thoại,2026-01-24,46,1583,0.789,9,8.8,6,2.3,6.1,8.6,Đạt
SV2602053,Quản trị kinh doanh,Nữ,23-30,Có,Trực tuyến,TP Hồ Chí Minh,Máy tính,2026-01-29,29,708,1.0,8,4.9,1,14.3,5.8,6.9,Đạt
SV2600490,Du lịch,Nữ,31-40,Có,Kết hợp,Bắc Ninh,Máy tính,2026-01-20,40,739,0.611,8,7.4,5,12.5,,6.4,Đạt
SV2602787,Luật,Nữ,31-40,Không,Trực tuyến,Nghệ An,Máy tính,22/01/2026,27,487,0.717,9,"5,2",1,1.9,6.7,7.2,Đạt
SV2600186,Quản trị kinh doanh,Nữ,31-40,Có,Kết hợp,Hưng Yên,Điện thoại,2026-02-08,21,476,0.431,2,4.6,0,18.6,0.7,1.1,Không đạt
SV2601369,Ngôn ngữ Anh,Nữ,18-22,Không,Trực tuyến,Hà Nội,Máy tính,10/02/2026,25,854,0.574,9,5.6,0,38.7,6.6,5.5,Đạt
SV2601892,Ngôn ngữ Anh,Nam,18-22,Không,Trực tuyến,Nghệ An,Điện thoại,2026-02-16,33,564,0.45,2,5.8,1,18.9,4.6,3.1,Không đạt
SV2601826,Kinh tế,Nam,18-22,Không,Kết hợp,Thanh Hóa,Máy tính,2026-01-25,38,1161,0.67,10,7.3,5,6.2,6.9,6.7,Đạt
SV2600811,Công nghệ thông tin,Nữ,31-40,Có,Kết hợp,Cần Thơ,Máy tính,29/01/2026,32,1117,0.664,5,8.0,1,20.8,5.5,6.2,Đạt
SV2600763,Công nghệ thông tin,Nam,18-22,Có,Trực tuyến,Bắc Ninh,Điện thoại,2026-02-07,24,1440,0.748,10,6.5,4,31.8,8.4,7.4,Đạt
SV2600657,Công nghệ thông tin,Nữ,23-30,Không,Kết hợp,Hà Nội,Máy tính,2026-01-20,18,1132,0.585,4,4.1,1,7.7,3.8,3.1,Không đạt
SV2600646,Kinh tế,Nam,31-40,Có,Trực tuyến,Hà Nội,Máy tính bảng,2026-01-27,31,433,0.118,1,5.3,0,54.7,2.2,0.6,Không đạt
SV2600394,Công nghệ thông tin,Nữ,23-30,Không,Trực tuyến,Hà Nội,Điện thoại,12/02/2026,49,1016,0.709,10,6.8,2,2.5,4.6,6.6,Đạt
SV2601533,Luật,Nam,23-30,Có,Trực tuyến,Hưng Yên,Điện thoại,10/02/2026,33,1043,0.678,5,7.9,1,2.1,5.9,7.5,Đạt
SV2601566,Quản trị kinh doanh,Nữ,23-30,Có,Trực tuyến,Hà Nội,Máy tính,2026-02-04,42,911,0.538,8,3.3,5,29.7,8.7,6.5,Đạt
SV2602509,Ngôn ngữ Anh,Nam,31-40,Có,Trực tuyến,Nghệ An,Máy tính,2026-01-23,66,1411,0.685,7,5.3,5,1.3,6.4,7.1,Đạt
SV2600621,Kế toán,Nam,18-22,Không,Trực tuyến,TP Hồ Chí Minh,Điện thoại,2026-02-02,31,249,0.215,6,5.1,6,16.5,7.1,3.9,Không đạt
SV2602464,Du lịch,Nữ,31-40,Có,Trực tuyến,Cần Thơ,Máy tính,2026-02-16,23,770,0.826,7,6.0,4,3.1,7.7,9.7,Đạt
SV2601362,Công nghệ thông tin,Nữ,23-30,Có,Trực tuyến,Hà Nội,Điện thoại,2026-01-22,28,923,0.52,9,7.7,1,23.3,6.2,8.4,Đạt
SV2602418,Quản trị kinh doanh,Nữ,31-40,Có,Trực tuyến,Hải Phòng,Máy tính,2026-02-10,34,696,0.357,4,"4,4",7,12.4,6.7,3.9,Không đạt
SV2600739,Kinh tế,Nam,23-30,Có,Trực tuyến,Hà Nội,Máy tính,14/02/2026,51,1026,0.43,8,"7,1",12,24.8,7.3,6.8,Đạt
SV2600996,Ngôn ngữ Anh,Nam,18-22,Không,Trực tuyến,Đồng Nai,Máy tính,2026-02-03,40,930,0.624,9,"6,4",3,5.2,2.7,5.6,Đạt
SV2600932,Công nghệ thông tin,Nam,23-30,Có,Trực tuyến,Lâm Đồng,Máy tính,13/02/2026,49,1631,0.736,10,4.1,5,1.7,4.4,7.0,Đạt
SV2600325,Kế toán,Nam,23-30,Có,Trực tuyến,Đà Nẵng,Máy tính,2026-02-15,52,1206,0.731,9,5.8,0,15.5,8.3,8.8,Đạt
SV2601962,Kế toán,Nữ,23-30,Có,Trực tuyến,Hà Nội,Điện thoại,2026-02-07,24,750,0.729,7,7.4,3,4.0,3.2,7.4,Đạt
SV2600395,Công nghệ thông tin,Nam,23-30,Có,Kết hợp,Thanh Hóa,Điện thoại,2026-02-15,53,1064,0.574,10,7.1,3,10.2,6.7,5.9,Đạt
SV2602354,Luật,Nam,23-30,Có,Trực tuyến,TP Hồ Chí Minh,Máy tính,2026-01-23,39,1010,0.801,7,7.6,4,6.9,5.4,7.6,Đạt
SV2601363,Công nghệ thông tin,Nữ,23-30,Có,Kết hợp,Hưng Yên,Máy tính,2026-02-12,30,1039,,7,7.8,5,7.9,6.3,6.1,Đạt
SV2600935, Ngôn ngữ Anh ,Nam,31-40,Có,Trực tuyến,Bình Dương,Điện thoại,2026-01-20,39,1421,0.607,7,5.4,5,8.6,6.4,8.2,Đạt
SV2602284,Công nghệ thông tin,Nam,Trên 40,Có,Kết hợp,Nghệ An,Máy tính,2026-02-11,7,352,0.115,1,4.7,0,6.7,2.6,3.8,Không đạt
SV2602254,Du lịch,Nam,23-30,Không,Trực tuyến,Thanh Hóa,Điện thoại,2026-02-12,46,600,0.724,8,5.3,4,13.3,4.2,5.5,Đạt
SV2602022,Công nghệ thông tin,Nam,18-22,Không,Trực tuyến,Bắc Ninh,Máy tính,2026-01-20,22,1118,0.455,4,7.5,2,24.6,1.9,3.3,Không đạt
SV2602352,Công nghệ thông tin,Nam,23-30,Không,Kết hợp,Bình Dương,Điện thoại,2026-02-01,25,501,0.248,8,6.6,3,35.9,5.7,0.9,Không đạt
SV2601877,Ngôn ngữ Anh,Nam,23-30,CO,Trực tuyến,Nghệ An,Máy tính,2026-01-22,40,749,0.647,9,8.4,3,13.5,6.6,5.6,Đạt
SV2600367,Kinh tế,Nữ,23-30,Có,Kết hợp,Bắc Ninh,Máy tính,07/02/2026,68,1138,0.618,9,9.8,7,4.6,9.9,7.3,Đạt
SV2600516, Kế toán ,Nam,18-22,Không,Trực tuyến,Khánh Hòa,Máy tính,23-01-2026,39,911,0.708,9,6.2,6,27.5,6.6,6.9,Đạt
SV2601959,Ngôn ngữ Anh,Nữ,23-30,Không,Trực tuyến,Khánh Hòa,,2026-01-21,57,1239,1.0,8,7.8,10,7.0,8.1,8.8,Đạt
SV2602204,Công nghệ thông tin,Nữ,18-22,Không,Trực tuyến,Bình Dương,Điện thoại,2026-01-27,5,800,0.417,7,5.7,2,23.4,2.6,3.5,Không đạt
SV2601380,Quản trị kinh doanh,Nữ,23-30,Có,Kết hợp,Thanh Hóa,Điện thoại,10-02-2026,48,942,0.339,10,7.5,5,1.9,7.4,6.2,Đạt
SV2601164,Công nghệ thông tin,Nam,18-22,Không,Trực tuyến,TP Hồ Chí Minh,Máy tính,2026-02-09,44,1225,0.597,5,3.6,3,13.9,3.5,3.7,Không đạt
SV2600643,Kinh tế,nam,18-22,Không,Trực tuyến,Hà Nội,Máy tính,2026-01-31,29,410,0.646,3,5.6,1,25.8,2.5,2.5,Không đạt
SV2600805,Công nghệ thông tin,Nam,18-22,KHONG,Trực tuyến,Nghệ An,Máy tính,10-02-2026,54,1475,0.683,10,9.1,7,1.4,6.9,8.1,Đạt
SV2601716,Ngôn ngữ Anh,Nam,23-30,Không,Trực tuyến,,Điện thoại,05-02-2026,37,863,0.574,6,5.0,2,21.8,7.4,5.9,Đạt
SV2600356,Kinh tế,Nữ,31-40,Có,Trực tuyến,Hà Nội,Máy tính,2026-02-06,45,683,0.661,6,"6,3",2,12.9,3.7,6.2,Đạt
SV2600229,Kế toán,Nữ,18-22,Không,Trực tuyến,Hà Nội,Máy tính,2026-01-31,27,1340,0.374,6,6.2,1,9.8,6.4,5.6,Đạt
SV2602668,Kinh tế,Nam,23-30,Có,Kết hợp,Hà Nội,,2026-01-22,60,702,0.465,10,7.2,8,9.9,8.0,6.0,Đạt
SV2601580,Kế toán,Nam,23-30,Không,Trực tuyến,Đà Nẵng,Máy tính,2026-01-26,39,718,0.667,10,4.9,3,15.3,3.6,5.2,Đạt
SV2601496,Công nghệ thông tin,Nam,23-30,Không,Trực tuyến,Hà Nội,Điện thoại,2026-02-10,58,582,0.423,4,"3,4",1,27.5,4.4,2.4,Không đạt
SV2600971,Luật,Nữ,Trên 40,Có,Trực tuyến,Cần Thơ,Điện thoại,2026-01-26,39,999,0.769,8,6.7,8,23.6,6.7,8.1,Đạt
SV2602287,Quản trị kinh doanh,Nữ,18-22,Không,Kết hợp,Cần Thơ,Máy tính,2026-01-29,63,710,0.872,8,3.7,5,17.8,,5.5,Đạt
SV2600329,Quản trị kinh doanh,Nam,Trên 40,Có,Trực tuyến,Thái Nguyên,Máy tính,12-02-2026,44,586,0.458,5,6.8,3,41.0,5.2,6.5,Đạt
SV2601636,Kế toán,Nam,23-30,Có,Kết hợp,Quảng Ninh,Máy tính,2026-02-12,47,1782,0.849,7,8.1,5,9.2,7.2,6.8,Đạt
SV2600705,Luật,Nữ,18-22,Có,Trực tuyến,TP Hồ Chí Minh,Điện thoại,2026-02-08,46,1257,0.81,10,5.8,3,38.1,5.1,7.7,Đạt
SV2601073,Công nghệ thông tin,Nữ,18-22,Không,Trực tuyến,Hà Nội,Điện thoại,2026-02-10,51,840,0.902,8,6.7,2,6.0,4.3,7.1,Đạt
SV2602610,Kế toán,nam,18-22,Có,Kết hợp,Nghệ An,Máy tính bảng,2026-02-15,26,523,0.352,2,5.2,1,3.8,5.6,3.8,Không đạt
SV2601841,Công nghệ thông tin,Nữ,18-22,KHONG,Trực tuyến,TP Hồ Chí Minh,Điện thoại,2026-02-14,40,559,0.661,5,5.8,1,16.3,3.7,6.3,Đạt
SV2602970,Luật,Nữ,18-22,Không,Kết hợp,Thanh Hóa,Máy tính,2026-02-13,31,1090,0.805,7,6.1,7,43.1,3.4,3.0,Không đạt
SV2602773,Công nghệ thông tin,Nữ,18-22,Không,Kết hợp,Nghệ An,Máy tính bảng,2026-01-29,39,1256,0.629,8,5.2,5,22.9,6.6,5.7,Đạt
SV2600812,Luật,Nam,Trên 40,Không,Trực tuyến,Hà Nội,Máy tính,09/02/2026,49,952,0.594,7,5.9,2,12.9,5.0,6.0,Đạt
SV2602860,Kinh tế,Nữ,18-22,Không,Kết hợp,Hà Nội,Máy tính,12/02/2026,32,768,0.473,9,6.2,4,17.9,6.0,4.0,Đạt
SV2600023,Kế toán,Nam,18-22,Không,Trực tuyến,Hải Phòng,Điện thoại,2026-02-04,22,999,0.403,6,7.3,1,42.7,8.3,5.2,Đạt
SV2600892,Quản trị kinh doanh,Nữ,31-40,Có,Trực tuyến,Cần Thơ,Máy tính,13/02/2026,32,1351,0.646,4,5.3,4,7.5,6.4,8.2,Đạt
SV2602654,Kế toán,Nam,18-22,Có,Kết hợp,Hưng Yên,Máy tính,01/02/2026,64,1075,0.929,10,10.0,10,4.4,10.0,9.7,Đạt
SV2600091,Luật,Nam,23-30,Có,Trực tuyến,Hà Nội,Điện thoại,2026-02-05,32,282,0.478,8,5.6,4,12.1,3.3,5.4,Đạt
SV2600987, Du lịch ,Nam,18-22,Không,Trực tuyến,Đồng Nai,Máy tính,2026-01-24,47,1274,0.939,8,6.2,5,14.6,8.7,9.2,Đạt
SV2600362,Quản trị kinh doanh,Nam,18-22,Không,Trực tuyến,Thanh Hóa,Máy tính bảng,2026-02-16,45,1132,0.652,10,9.2,3,27.4,7.7,6.9,Đạt
SV2602682,Quản trị kinh doanh,Nữ,Trên 40,Có,Trực tuyến,TP Hồ Chí Minh,Máy tính,2026-02-03,36,938,0.399,6,6.2,1,1.3,,6.5,Đạt
SV2601825,Kế toán,Nam,18-22,Không,Trực tuyến,Nghệ An,Máy tính,10-02-2026,53,759,0.559,9,5.7,8,5.1,6.5,6.9,Đạt
SV2602547,Quản trị kinh doanh,Nữ,18-22,Không,Trực tuyến,Hà Nội,Máy tính,2026-01-23,40,595,0.28,5,5.6,2,6.7,7.0,6.3,Đạt
SV2601060,Kinh tế,Nam,23-30,Có,Trực tuyến,Hà Nội,Điện thoại,2026-01-26,45,862,0.857,9,7.6,5,4.6,5.1,8.6,Đạt
SV2601267,Kinh tế,Nam,18-22,Không,Trực tuyến,TP Hồ Chí Minh,Điện thoại,2026-01-31,42,987,0.745,8,5.7,5,4.7,4.4,6.8,Đạt
SV2602088,Kinh tế,Nam,18-22,Không,Trực tuyến,TP Hồ Chí Minh,Máy tính bảng,08-02-2026,72,1693,,8,7.5,9,5.3,9.7,8.8,Đạt
SV2601532,Quản trị kinh doanh,Nam,31-40,Không,Trực tuyến,TP Hồ Chí Minh,Máy tính,2026-02-01,44,653,0.846,6,4.3,5,25.7,5.5,5.5,Đạt
SV2600465,Du lịch,Nữ,18-22,Không,Kết hợp,Hưng Yên,Điện thoại,07/02/2026,22,1375,0.683,6,6.9,4,10.6,,5.1,Đạt
SV2600933,Quản trị kinh doanh,Nữ,23-30,Có,Trực tuyến,TP Hồ Chí Minh,Máy tính,03-02-2026,52,1035,0.602,7,5.2,7,14.7,6.4,7.1,Đạt
SV2600903,Quản trị kinh doanh,Nam,23-30,Có,Trực tuyến,Bình Dương,Điện thoại,06/02/2026,37,1221,0.219,9,6.3,5,31.7,5.9,5.5,Đạt
SV2601537,Du lịch,Nữ,23-30,Có,Kết hợp,Hà Nội,Máy tính,31/01/2026,8,642,0.47,5,4.8,1,1.3,4.4,5.2,Đạt
SV2600129,Công nghệ thông tin,Nam,18-22,Không,Trực tuyến,Hà Nội,Máy tính,08-02-2026,52,1031,0.608,7,7.3,4,4.2,,6.9,Đạt
SV2602017,Ngôn ngữ Anh,Nam,18-22,Không,Trực tuyến,Hà Nội,Máy tính,2026-02-07,41,99999,0.702,8,7.3,3,18.3,6.6,7.6,Đạt
SV2602016,Quản trị kinh doanh,Nam,23-30,Không,Trực tuyến,Đồng Nai,Điện thoại,23/01/2026,48,793,0.458,10,6.2,5,10.0,3.6,5.6,Đạt
SV2602221,Luật,Nữ,18-22,Không,Kết hợp,Đà Nẵng,Điện thoại,12-02-2026,70,867,0.57,10,7.7,9,25.2,7.8,6.8,Đạt
SV2600007,Ngôn ngữ Anh,Nữ,23-30,Không,Kết hợp,Hà Nội,Điện thoại,29/01/2026,44,780,0.698,5,8.1,4,22.4,,6.1,Đạt
SV2601934,Kế toán,Nữ,31-40,Có,Kết hợp,Bình Dương,Điện thoại,16-02-2026,50,1009,0.556,5,6.3,2,47.2,5.7,5.6,Đạt
SV2600919,Kinh tế,Nữ,23-30,Có,Trực tuyến,Đồng Nai,Điện thoại,2026-01-21,39,1397,0.761,9,9.5,7,11.9,9.9,8.8,Đạt
SV2600401,Công nghệ thông tin,Nam,18-22,Không,Kết hợp,Đà Nẵng,Điện thoại,15/02/2026,38,948,0.334,9,6.7,1,6.4,4.0,3.8,Không đạt
SV2600045,Quản trị kinh doanh,Nam,23-30,Có,Trực tuyến,Hưng Yên,Máy tính,2026-02-11,28,1034,0.516,9,7.6,1,17.2,6.8,7.5,Đạt
SV2600263,Kế toán,Nam,18-22,Không,Trực tuyến,Khánh Hòa,,23/01/2026,58,1268,1.0,9,8.0,3,1.5,8.5,8.7,Đạt
SV2602525,Công nghệ thông tin,Nữ,18-22,Không,Kết hợp,Lâm Đồng,Điện thoại,2026-02-16,61,842,1.0,8,4.3,6,3.7,8.2,8.4,Đạt
SV2601326,Kinh tế,Nam,Trên 40,Có,Trực tuyến,Quảng Ninh,Điện thoại,09-02-2026,57,1170,1.0,10,9.6,8,4.0,,10.0,Đạt
SV2600250,Kế toán,Nữ,Trên 40,Có,Trực tuyến,TP Hồ Chí Minh,Điện thoại,2026-02-06,29,756,0.555,6,"5,4",3,38.2,4.1,4.9,Đạt
SV2600098,Du lịch,Nam,Trên 40,Có,Kết hợp,Lâm Đồng,Điện thoại,09/02/2026,34,993,,8,9.3,3,14.0,4.7,5.9,Đạt
SV2601296,Luật,Nam,23-30,Không,Trực tuyến,Quảng Ninh,Máy tính,2026-02-01,55,717,0.478,4,5.7,6,6.9,7.8,5.7,Đạt
SV2601159,Ngôn ngữ Anh,Nam,18-22,Có,Trực tuyến,Nghệ An,Điện thoại,2026-01-28,39,643,0.595,3,8.9,3,12.8,6.0,6.1,Đạt
SV2602227,Kinh tế,Nữ,23-30,Có,Kết hợp,Đồng Nai,Máy tính bảng,2026-02-13,24,451,0.306,3,"5,4",2,18.1,6.8,3.7,Không đạt
SV2601569,Công nghệ thông tin,Nam,18-22,Không,Kết hợp,Hà Nội,Máy tính,09/02/2026,37,424,0.352,7,5.8,3,7.2,4.7,4.9,Đạt
SV2601084,Luật,Nữ,31-40,Có,Kết hợp,Hà Nội,Điện thoại,2026-02-11,30,755,0.529,7,"8,9",6,1.7,6.6,5.4,Đạt
SV2600751,Công nghệ thông tin,Nam,18-22,Có,Trực tuyến,Cần Thơ,Máy tính,2026-02-04,49,393,0.585,9,5.5,4,11.1,5.4,7.0,Đạt
SV2601699,Công nghệ thông tin,Nữ,23-30,Có,Kết hợp,Cần Thơ,Máy tính,2026-02-06,23,723,0.528,4,8.0,2,3.8,,3.7,Không đạt
SV2602160,Kinh tế,Nữ,18-22,Không,Trực tuyến,Thái Nguyên,Máy tính,09-02-2026,34,926,0.512,8,7.9,5,17.6,7.3,8.2,Đạt
SV2602400,Kế toán,Nam,31-40,Có,Kết hợp,Khánh Hòa,Điện thoại,2026-02-12,28,491,0.544,3,8.4,2,19.7,3.9,4.7,Đạt
SV2602103,Kinh tế,Nam,18-22,Có,Trực tuyến,Khánh Hòa,Điện thoại,2026-02-14,8,630,0.143,7,6.0,0,40.9,6.2,3.6,Không đạt
SV2602299,Ngôn ngữ Anh,Nữ,18-22,Không,Kết hợp,Đồng Nai,Điện thoại,13/02/2026,37,1489,0.692,9,9.4,5,7.5,8.7,7.6,Đạt
SV2601643,Công nghệ thông tin,Nam,23-30,Có,Kết hợp,Đà Nẵng,Máy tính bảng,11/02/2026,24,299,0.527,8,7.8,1,26.7,6.7,6.4,Đạt
SV2601687,Luật,Nam,18-22,Không,Trực tuyến,Thái Nguyên,Máy tính,09-02-2026,37,954,0.661,9,7.9,8,7.2,6.9,7.5,Đạt
SV2602997, Du lịch ,Nữ,18-22,Không,Trực tuyến,Thanh Hóa,Máy tính,31/01/2026,25,1252,1.0,9,9.0,5,3.0,7.1,8.8,Đạt
SV2601501,Quản trị kinh doanh,Nam,18-22,Có,Kết hợp,Quảng Ninh,Máy tính,2026-02-03,33,790,0.813,6,8.1,6,4.8,6.2,8.1,Đạt
SV2602436,Công nghệ thông tin,Nam,23-30,Có,Trực tuyến,TP Hồ Chí Minh,Máy tính,2026-02-03,49,1037,0.661,10,9.2,2,6.2,6.7,7.6,Đạt
SV2601274,Luật,Nam,23-30,Không,Trực tuyến,Hà Nội,Máy tính,02/02/2026,5,1223,0.842,8,6.7,6,11.4,5.3,6.8,Đạt
SV2601409,Kinh tế,Nữ,23-30,Có,Trực tuyến,TP Hồ Chí Minh,Máy tính bảng,2026-02-10,25,566,0.35,2,4.5,0,1.0,3.3,2.5,Không đạt
SV2600319,Kế toán,Nam,18-22,Có,Trực tuyến,Hà Nội,Điện thoại,2026-02-16,49,897,0.535,10,8.3,8,20.5,9.3,8.5,Đạt
SV2602077,Luật,Nam,23-30,Có,Kết hợp,TP Hồ Chí Minh,Điện thoại,02-02-2026,43,520,1.0,8,7.6,4,6.1,4.6,5.7,Đạt
SV2602430,Kinh tế,Nữ,18-22,Không,Trực tuyến,TP Hồ Chí Minh,Máy tính,2026-02-11,57,566,0.607,9,"5,5",2,14.9,7.4,8.6,Đạt
SV2601425,Kinh tế,Nữ,23-30,Có,Trực tuyến,Hà Nội,Máy tính,05/02/2026,42,1053,0.825,10,8.2,8,11.4,9.4,9.5,Đạt
SV2602177,Kế toán,Nữ,23-30,Có,Trực tuyến,Hà Nội,Máy tính,2026-01-25,55,1297,1.0,10,7.6,3,1.4,7.3,9.3,Đạt
SV2601711,Công nghệ thông tin,Nam,Trên 40,Có,Trực tuyến,Đà Nẵng,Máy tính,2026-02-07,26,253,0.506,4,5.3,3,21.8,4.1,2.9,Không đạt
SV2600769, Kinh tế ,nữ,18-22,Có,Trực tuyến,Bắc Ninh,Điện thoại,2026-02-15,36,821,,7,6.8,5,13.2,7.5,7.6,Đạt
SV2600194,Kinh tế,Nam,23-30,Có,Trực tuyến,TP Hồ Chí Minh,Máy tính,2026-01-27,37,988,0.704,7,7.9,2,0.5,,7.7,Đạt
SV2601269,Quản trị kinh doanh,Nữ,18-22,Không,Trực tuyến,TP Hồ Chí Minh,Máy tính,01/02/2026,33,1225,0.83,7,8.0,3,28.0,9.8,6.5,Đạt
SV2602595,Kế toán,Nữ,18-22,Không,Trực tuyến,Quảng Ninh,Điện thoại,2026-01-31,44,1700,0.866,10,6.4,5,8.3,8.2,7.9,Đạt
SV2601883,Công nghệ thông tin,Nữ,31-40,Có,Trực tuyến,Nghệ An,Máy tính,2026-02-14,34,337,0.476,5,9.3,1,6.5,7.1,8.3,Đạt
SV2600837,Kinh tế,Nam,Trên 40,Có,Trực tuyến,Nghệ An,Máy tính,2026-01-24,19,1042,0.36,6,6.8,4,15.9,6.3,6.5,Đạt
SV2601413,Kinh tế,Nam,31-40,Có,Trực tuyến,Bình Dương,Máy tính,2026-01-21,63,1488,0.952,10,8.0,4,9.9,7.7,10.0,Đạt
SV2602914,Công nghệ thông tin,nữ,31-40,Không,Kết hợp,Bắc Ninh,Máy tính,31-01-2026,50,896,0.59,4,5.9,3,0.9,5.7,3.8,Không đạt
SV2602898,Kinh tế,Nữ,18-22,Có,Trực tuyến,Nghệ An,Máy tính,2026-02-01,12,383,0.367,6,7.7,0,7.6,3.4,3.4,Không đạt
SV2601320,Kinh tế,Nam,31-40,Có,Trực tuyến,Khánh Hòa,Máy tính,20/01/2026,54,1124,0.707,10,8.2,2,10.5,8.1,9.0,Đạt
SV2601265,Kế toán,khác,23-30,Có,Kết hợp,Hà Nội,Máy tính,2026-02-05,31,859,0.616,6,"6,0",3,9.8,6.2,4.6,Đạt
SV2601245,Công nghệ thông tin,Nam,18-22,Có,Trực tuyến,Hà Nội,Máy tính bảng,2026-02-01,32,515,0.585,5,8.3,5,6.2,9.4,8.9,Đạt
SV2600832,Quản trị kinh doanh,Nam,31-40,Có,Kết hợp,Thanh Hóa,Máy tính,2026-02-04,44,340,0.435,6,6.4,4,15.1,4.7,5.6,Đạt
SV2601198,Công nghệ thông tin,Nữ,23-30,Có,Trực tuyến,Cần Thơ,Điện thoại,2026-02-16,41,908,0.766,8,7.1,4,0.5,6.6,7.3,Đạt
SV2600862,Kinh tế,Nữ,18-22,Không,Trực tuyến,Hưng Yên,Máy tính,30/01/2026,55,1033,0.538,10,5.8,3,3.8,5.7,7.3,Đạt
SV2600470,Công nghệ thông tin,Nữ,23-30,CO,Trực tuyến,TP Hồ Chí Minh,Điện thoại,2026-01-29,16,60,0.324,8,5.6,2,24.1,6.3,6.6,Đạt
SV2601043,Quản trị kinh doanh,Nam,18-22,KHONG,Trực tuyến,Đồng Nai,Máy tính,2026-01-25,63,1206,0.715,10,"10,0",5,2.5,9.4,7.4,Đạt
SV2602705,Luật,Nữ,18-22,Có,Trực tuyến,Nghệ An,Điện thoại,2026-01-27,55,908,0.736,10,7.3,2,17.3,6.0,7.0,Đạt
SV2600286,Du lịch,Nữ,Trên 40,Có,Kết hợp,Đà Nẵng,Máy tính,2026-01-31,36,679,0.652,4,5.2,1,6.5,5.1,4.7,Đạt
SV2600648,Công nghệ thông tin,Nữ,18-22,Không,Trực tuyến,Nghệ An,Điện thoại,30-01-2026,22,1239,,9,6.7,2,8.8,5.8,6.7,Đạt
SV2600514,Kinh tế,Nam,18-22,Có,Kết hợp,Cần Thơ,Máy tính,2026-01-29,34,1052,0.672,9,7.5,4,7.7,4.1,5.3,Đạt
SV2600406,Quản trị kinh doanh,Nữ,31-40,Có,Kết hợp,TP Hồ Chí Minh,Máy tính,05/02/2026,19,738,,7,5.0,0,3.1,5.4,5.6,Đạt
SV2602150,Công nghệ thông tin,Nam,31-40,Có,Trực tuyến,Thanh Hóa,Điện thoại,2026-01-31,9,99999,0.204,3,3.3,0,19.5,0.3,1.2,Không đạt
SV2600988,Ngôn ngữ Anh,Nữ,23-30,Có,Trực tuyến,Đồng Nai,Máy tính,2026-01-23,40,1393,0.908,7,10.0,7,6.6,8.0,9.7,Đạt
SV2600570,Quản trị kinh doanh,Nam,18-22,Không,Trực tuyến,Hà Nội,Máy tính,13-02-2026,31,1425,0.745,6,5.6,2,10.5,4.9,5.4,Đạt
SV2602241,Kinh tế,Nam,18-22,Không,Trực tuyến,Đà Nẵng,Máy tính,2026-02-09,41,1311,0.3,7,8.3,3,0.3,6.3,6.0,Đạt
SV2602849,Ngôn ngữ Anh,Nam,18-22,Có,Trực tuyến,Hưng Yên,Máy tính,12/02/2026,34,844,0.567,8,6.5,2,11.3,4.8,4.4,Đạt
SV2600259, Công nghệ thông tin ,Nữ,18-22,Không,Trực tuyến,Đồng Nai,Máy tính,2026-02-15,44,1164,0.283,7,5.2,4,6.0,5.5,5.1,Đạt
SV2602617,Công nghệ thông tin,Nữ,Trên 40,Có,Trực tuyến,Bắc Ninh,Máy tính,2026-02-11,33,794,0.7,3,5.0,3,11.7,2.0,5.4,Đạt
SV2601701,Công nghệ thông tin,Nam,23-30,Không,Trực tuyến,TP Hồ Chí Minh,Máy tính,2026-02-10,44,991,0.706,5,5.4,4,0.4,6.4,6.4,Đạt
SV2600772,Ngôn ngữ Anh,Nam,18-22,Không,Trực tuyến,Bắc Ninh,Máy tính bảng,2026-01-25,30,415,0.769,7,5.7,2,6.7,5.2,5.5,Đạt
SV2600120,Du lịch,nam,18-22,Không,Trực tuyến,Đồng Nai,Máy tính,2026-02-11,46,798,0.65,5,9.4,4,5.0,7.0,8.7,Đạt
SV2601493,Quản trị kinh doanh,Nữ,18-22,Không,Trực tuyến,Nghệ An,Máy tính,2026-02-01,28,647,0.662,2,5.5,0,27.1,4.5,2.9,Không đạt
SV2602081,Du lịch,Nam,Trên 40,Có,Kết hợp,Hà Nội,Máy tính,2026-02-07,27,725,0.265,5,3.3,0,42.1,,2.8,Không đạt
SV2600814,Kế toán,Nữ,23-30,Có,Trực tuyến,Hà Nội,Máy tính,2026-02-16,31,624,0.147,3,6.0,3,16.7,1.8,3.8,Không đạt
SV2602242,Quản trị kinh doanh,Nữ,18-22,Không,Kết hợp,Hải Phòng,Máy tính,2026-01-24,24,803,0.672,8,8.0,2,21.0,5.4,3.4,Không đạt
SV2602330,Quản trị kinh doanh,Nữ,18-22,Không,Trực tuyến,Cần Thơ,Máy tính,2026-02-08,55,1597,0.959,9,7.9,9,4.9,6.2,9.6,Đạt
SV2602710,Kinh tế,Nam,23-30,Có,Kết hợp,Hà Nội,Máy tính bảng,2026-01-30,47,639,0.464,5,4.7,3,6.0,2.7,4.2,Đạt
SV2602439,Quản trị kinh doanh,Nữ,31-40,Có,Kết hợp,Hưng Yên,Điện thoại,2026-02-01,50,1213,0.76,9,7.5,5,5.4,8.1,7.4,Đạt
SV2601944,Quản trị kinh doanh,Nam,18-22,Không,Kết hợp,Bắc Ninh,Máy tính,2026-02-01,61,700,0.966,10,7.7,5,11.1,8.6,5.4,Đạt
SV2600573,Kinh tế,Nam,18-22,Không,Trực tuyến,TP Hồ Chí Minh,Máy tính,22/01/2026,25,458,0.503,1,3.0,2,8.6,3.8,1.9,Không đạt
SV2601930,Công nghệ thông tin,Nữ,18-22,Không,Trực tuyến,TP Hồ Chí Minh,Máy tính,28-01-2026,51,1171,0.732,6,6.2,6,7.1,10.0,9.0,Đạt
SV2600139,Công nghệ thông tin,Nam,31-40,Có,Trực tuyến,Hà Nội,Điện thoại,2026-02-10,51,1206,0.873,8,10.0,8,15.8,9.3,8.4,Đạt
SV2600577,Công nghệ thông tin,Nữ,23-30,Có,Kết hợp,Quảng Ninh,Điện thoại,11/02/2026,42,335,0.451,5,6.4,2,6.5,1.9,6.1,Đạt
SV2601085,Ngôn ngữ Anh,Nam,31-40,Không,Trực tuyến,Hải Phòng,Máy tính,2026-01-20,84,1154,0.973,10,10.0,7,1.1,10.0,10.0,Đạt
SV2601837,Luật,Khác,23-30,Có,Kết hợp,,Điện thoại,2026-02-09,11,108,0.0,4,3.3,0,34.3,4.4,1.3,Không đạt
SV2600634,Công nghệ thông tin,Nam,31-40,Có,Kết hợp,Nghệ An,Điện thoại,09/02/2026,48,1117,0.631,8,9.4,1,4.0,6.3,6.7,Đạt
SV2601201,Công nghệ thông tin,Nam,18-22,Không,Kết hợp,Bình Dương,Máy tính,2026-02-13,43,888,0.798,8,5.6,2,1.4,7.3,7.2,Đạt
SV2601324,Công nghệ thông tin,Nam,31-40,Có,Trực tuyến,Đà Nẵng,Máy tính,10/02/2026,63,888,0.687,9,10.0,6,1.2,9.3,10.0,Đạt
SV2600154,Công nghệ thông tin,nam,23-30,Không,Trực tuyến,Hà Nội,Điện thoại,2026-02-05,50,1015,0.288,7,8.0,6,11.1,8.6,5.9,Đạt
SV2601940,Ngôn ngữ Anh,Nữ,23-30,Không,Trực tuyến,Đồng Nai,Điện thoại,11/02/2026,68,1034,,10,10.0,3,0.7,,8.3,Đạt
SV2601461,Ngôn ngữ Anh,Nữ,23-30,Có,Trực tuyến,Thanh Hóa,Điện thoại,01/02/2026,34,712,0.135,5,7.6,4,7.7,7.2,6.4,Đạt
SV2602398,Công nghệ thông tin,Nam,23-30,Có,Trực tuyến,Bình Dương,Điện thoại,2026-02-05,11,121,0.614,6,7.3,1,2.4,5.6,8.4,Đạt
SV2602506,Kinh tế,Nam,18-22,Có,Trực tuyến,Nghệ An,Điện thoại,02-02-2026,49,782,0.496,6,7.9,2,18.3,5.6,7.6,Đạt
SV2600879, Công nghệ thông tin ,Nữ,18-22,Không,Trực tuyến,Hưng Yên,Điện thoại,2026-01-24,57,1457,1.0,9,8.3,6,1.9,8.8,9.7,Đạt
SV2600532,Quản trị kinh doanh,Nữ,18-22,Có,Trực tuyến,Thái Nguyên,Điện thoại,2026-02-11,58,854,0.522,6,9.2,5,15.9,7.2,7.6,Đạt
SV2601808,Kế toán,Nam,23-30,Có,Trực tuyến,Hà Nội,Máy tính,2026-02-12,21,441,0.425,0,0.0,1,9.8,2.4,3.8,Không đạt
SV2602741,Công nghệ thông tin,Nam,18-22,Không,Trực tuyến,TP Hồ Chí Minh,Điện thoại,2026-02-04,15,635,0.394,6,6.2,3,18.9,3.9,5.2,Đạt
SV2600655,Quản trị kinh doanh,Nữ,18-22,Không,Trực tuyến,Hà Nội,Máy tính,2026-02-14,21,283,0.739,3,6.5,2,16.5,5.7,4.3,Đạt
SV2600629,Công nghệ thông tin,Nữ,18-22,Không,Trực tuyến,Hà Nội,Máy tính,13/02/2026,53,1125,0.707,8,5.5,3,16.1,9.1,7.9,Đạt
SV2601355,Quản trị kinh doanh,Nữ,18-22,Không,Trực tuyến,Hà Nội,Máy tính,2026-01-22,50,572,0.516,8,7.6,6,3.9,4.2,5.4,Đạt
SV2602166,Quản trị kinh doanh,Nữ,23-30,Có,Trực tuyến,TP Hồ Chí Minh,Máy tính,13/02/2026,29,734,,5,6.0,1,8.4,5.8,4.3,Đạt
SV2601090,Công nghệ thông tin,Nữ,23-30,Không,Trực tuyến,Đà Nẵng,Máy tính,13/02/2026,58,990,0.914,10,7.9,7,5.5,7.5,9.4,Đạt
SV2601624,Kinh tế,Nam,18-22,Không,Trực tuyến,Hưng Yên,Máy tính,2026-01-31,30,757,0.418,5,4.7,0,9.6,3.7,5.3,Đạt
SV2602756,Công nghệ thông tin,Nam,18-22,KHONG,Trực tuyến,Hải Phòng,Điện thoại,2026-01-26,55,981,0.725,10,5.8,3,34.7,4.1,5.2,Đạt
SV2601319,Du lịch,Nam,18-22,Không,Trực tuyến,TP Hồ Chí Minh,Điện thoại,2026-01-25,68,1036,0.442,9,5.2,2,12.7,7.4,6.8,Đạt
SV2600296,Luật,Nữ,31-40,Có,Trực tuyến,Quảng Ninh,Máy tính,2026-02-16,37,934,0.649,10,6.7,4,1.2,5.7,6.9,Đạt
SV2600253,Luật,Nữ,18-22,Không,Trực tuyến,Hải Phòng,Điện thoại,2026-02-07,36,134,0.551,3,4.6,3,35.0,3.7,1.1,Không đạt
SV2601141,Công nghệ thông tin,Nữ,Trên 40,Không,Kết hợp,Bắc Ninh,Điện thoại,2026-01-24,-1,844,0.679,6,4.6,0,8.9,6.1,5.5,Đạt
SV2601045,Công nghệ thông tin,Nữ,31-40,Có,Kết hợp,Đồng Nai,Điện thoại,2026-02-02,28,533,0.687,9,8.3,3,13.4,7.1,6.9,Đạt
SV2600004,Ngôn ngữ Anh,Nữ,18-22,Không,Trực tuyến,Bình Dương,Điện thoại,2026-01-29,58,1041,,10,7.1,2,20.6,9.0,8.5,Đạt
SV2602766,Công nghệ thông tin,Nam,31-40,Không,Trực tuyến,Hưng Yên,Máy tính,31/01/2026,45,1345,0.709,7,5.0,4,7.1,6.9,7.4,Đạt
SV2602113,Kinh tế,Nam,18-22,Không,Trực tuyến,Hà Nội,Máy tính,2026-02-13,45,941,0.818,9,5.8,3,10.1,6.7,7.2,Đạt
SV2600921,Kế toán,Nữ,23-30,Có,Trực tuyến,Bình Dương,Máy tính bảng,2026-02-13,45,847,0.533,8,6.7,3,28.3,7.1,9.7,Đạt
SV2602903,Quản trị kinh doanh,Nam,23-30,Có,Trực tuyến,Lâm Đồng,Máy tính bảng,16/02/2026,35,554,0.38,4,5.4,2,8.3,,3.1,Không đạt
SV2601676,Quản trị kinh doanh,Nam,18-22,Không,Trực tuyến,,Máy tính,15/02/2026,36,840,0.617,7,5.7,1,8.7,6.8,6.3,Đạt
SV2600894,Kế toán,Nam,23-30,Có,Kết hợp,Hà Nội,Điện thoại,09/02/2026,34,1164,,10,7.0,6,29.8,5.3,4.6,Đạt
SV2601634,Công nghệ thông tin,Nữ,31-40,Có,Kết hợp,Khánh Hòa,Máy tính,30/01/2026,32,739,0.833,5,5.4,3,23.8,6.0,5.8,Đạt
SV2602446,Kinh tế,Nam,23-30,Không,Kết hợp,Lâm Đồng,Điện thoại,2026-02-02,28,1198,0.802,10,7.3,2,13.1,4.6,4.7,Đạt
SV2602768, Luật ,Nam,18-22,Không,Trực tuyến,Nghệ An,Điện thoại,20/01/2026,31,1241,0.892,10,"3,7",3,5.4,4.9,7.5,Đạt
SV2602293,Công nghệ thông tin,Nam,18-22,Không,Trực tuyến,Hà Nội,Máy tính,2026-01-25,45,356,0.637,7,7.2,4,14.2,3.6,7.6,Đạt
SV2601264,Luật,Nữ,18-22,Không,Kết hợp,Hà Nội,Máy tính,2026-02-16,48,1049,0.625,6,"8,2",10,5.9,7.0,5.7,Đạt
SV2601005,Ngôn ngữ Anh,Nữ,18-22,Không,Kết hợp,TP Hồ Chí Minh,Máy tính,2026-02-15,38,51,0.454,5,5.4,1,3.8,4.1,5.5,Đạt
SV2601522,Ngôn ngữ Anh,Nữ,23-30,Có,Trực tuyến,Quảng Ninh,Máy tính,2026-02-15,47,1099,0.717,6,7.5,8,0.7,8.8,10.0,Đạt
SV2601405,Công nghệ thông tin,Nam,18-22,Có,Trực tuyến,Hải Phòng,Điện thoại,27-01-2026,30,339,0.647,2,4.7,0,34.3,1.9,2.9,Không đạt
SV2600142,Ngôn ngữ Anh,Nữ,18-22,Có,Trực tuyến,Hà Nội,Máy tính,2026-01-21,50,435,0.354,3,6.4,0,4.2,4.6,4.9,Đạt
SV2602963,Kinh tế,Nữ,31-40,Có,Trực tuyến,TP Hồ Chí Minh,Điện thoại,2026-02-04,13,277,0.297,6,2.4,1,1.9,3.1,2.8,Không đạt
SV2602424,Kế toán,Nam,23-30,Có,Kết hợp,Đà Nẵng,Máy tính,2026-02-16,2,74,0.0,1,"0,4",0,10.9,,0.0,Không đạt
SV2601514,Quản trị kinh doanh,Nam,31-40,Có,Trực tuyến,Đà Nẵng,Máy tính,2026-01-22,35,686,0.26,5,5.6,0,10.7,4.0,2.9,Không đạt
SV2601540,Công nghệ thông tin,Nam,31-40,Có,Trực tuyến,TP Hồ Chí Minh,Máy tính,01-02-2026,72,1056,0.663,10,6.2,2,2.9,6.7,8.7,Đạt
SV2600220,Quản trị kinh doanh,Nữ,18-22,Không,Trực tuyến,Hà Nội,Máy tính,13-02-2026,19,527,0.307,0,0.0,0,20.8,4.2,0.9,Không đạt
SV2601900,Kinh tế,Nữ,Trên 40,Có,Trực tuyến,Đà Nẵng,Máy tính,2026-01-28,45,1173,0.867,5,6.3,0,9.9,6.6,8.5,Đạt
SV2600052,Du lịch,Nữ,18-22,Không,Trực tuyến,Hà Nội,Điện thoại,26-01-2026,53,1531,0.643,9,4.7,3,7.7,6.2,7.0,Đạt
SV2600779,Công nghệ thông tin,Nữ,23-30,Không,Kết hợp,Khánh Hòa,Máy tính,2026-02-15,54,1465,0.994,9,8.7,4,10.3,8.5,8.0,Đạt
SV2602374,Du lịch,Nam,23-30,Không,Kết hợp,TP Hồ Chí Minh,Máy tính,2026-02-11,62,1582,0.656,7,8.4,8,15.3,6.3,7.4,Đạt
SV2600850,Công nghệ thông tin,Nam,23-30,Không,Trực tuyến,Nghệ An,Máy tính,2026-01-28,25,795,0.669,7,7.8,3,12.2,5.1,4.5,Đạt
SV2601218,Công nghệ thông tin,Nam,23-30,Có,Trực tuyến,Bắc Ninh,Máy tính,2026-01-24,23,350,0.571,9,7.1,3,21.1,7.4,5.8,Đạt
SV2602126,Công nghệ thông tin,Nữ,18-22,Không,Kết hợp,Nghệ An,Máy tính,2026-01-25,45,720,0.277,10,7.5,9,8.4,6.1,5.7,Đạt
SV2601293,Ngôn ngữ Anh,Nam,Trên 40,Có,Trực tuyến,TP Hồ Chí Minh,Điện thoại,11-02-2026,46,1193,1.0,10,9.1,3,4.9,8.9,10.0,Đạt
SV2601051,Ngôn ngữ Anh,Nam,23-30,Không,Trực tuyến,Thanh Hóa,Máy tính,2026-01-26,24,79,0.541,5,3.2,3,8.9,4.1,3.4,Không đạt
SV2601609,Kế toán,Nam,31-40,Có,Trực tuyến,TP Hồ Chí Minh,Máy tính,26-01-2026,11,282,0.364,4,4.8,6,23.8,4.6,4.0,Đạt
SV2602420,Công nghệ thông tin,Nam,18-22,Không,Trực tuyến,Thái Nguyên,Điện thoại,2026-01-27,70,1628,1.0,10,10.0,12,3.3,9.1,10.0,Đạt
SV2601233,Du lịch,Nữ,18-22,Không,Trực tuyến,Thái Nguyên,Máy tính,2026-02-03,47,811,0.264,8,5.1,2,4.3,6.5,5.7,Đạt
SV2601415,Công nghệ thông tin,Nữ,31-40,Không,Kết hợp,Khánh Hòa,Điện thoại,27-01-2026,25,533,0.451,8,6.1,0,24.2,4.8,3.4,Không đạt
SV2601429,Kinh tế,Nữ,18-22,Không,Kết hợp,Hà Nội,Điện thoại,05/02/2026,26,379,0.535,5,2.5,1,24.7,5.7,3.9,Không đạt
SV2602440,Luật,Nam,18-22,Không,Kết hợp,Nghệ An,Máy tính,30-01-2026,42,854,0.762,6,7.9,4,20.3,6.1,6.4,Đạt
SV2602933,Công nghệ thông tin,Nữ,23-30,Có,Kết hợp,Đồng Nai,Máy tính,24/01/2026,37,1469,0.73,9,4.7,3,2.8,7.3,6.8,Đạt
SV2602188,Công nghệ thông tin,Khác,31-40,Có,Trực tuyến,Bình Dương,Điện thoại,2026-02-03,52,1031,0.801,6,8.2,6,4.4,7.3,8.4,Đạt
SV2602614,Quản trị kinh doanh,Nam,23-30,Không,Kết hợp,Hà Nội,Máy tính,2026-01-22,39,1225,0.918,9,7.5,2,23.3,6.1,4.2,Đạt
SV2600503,Du lịch,Nữ,23-30,Có,Trực tuyến,Lâm Đồng,Điện thoại,2026-02-05,35,1044,0.562,6,4.9,9,8.8,5.6,6.9,Đạt
SV2602193,Quản trị kinh doanh,Nam,23-30,Có,Trực tuyến,Hà Nội,Máy tính,2026-02-01,17,501,0.555,2,7.0,1,24.2,,6.2,Đạt
SV2601123,Du lịch,Nam,23-30,Không,Kết hợp,Cần Thơ,Máy tính,2026-01-27,42,732,0.604,4,5.7,1,3.4,4.4,4.9,Đạt
SV2601991,Luật,Nam,23-30,Không,Kết hợp,Hà Nội,Máy tính,2026-01-29,37,929,0.224,8,6.1,3,31.8,6.5,4.0,Đạt
SV2601539,Kinh tế,Nam,31-40,Có,Trực tuyến,Quảng Ninh,Điện thoại,2026-01-24,11,945,0.379,2,6.3,1,14.1,4.7,4.9,Đạt
SV2602269,Quản trị kinh doanh,Nam,23-30,Có,Trực tuyến,Khánh Hòa,Điện thoại,2026-02-08,27,683,0.273,6,6.5,3,15.1,4.9,4.6,Đạt
SV2600557,Quản trị kinh doanh,Nam,18-22,Không,Trực tuyến,Bình Dương,Máy tính,2026-02-01,40,759,0.527,5,5.3,0,14.1,6.0,4.3,Đạt
SV2600461,Quản trị kinh doanh,Nam,18-22,Không,Trực tuyến,Hà Nội,Điện thoại,13/02/2026,18,368,0.851,7,6.2,0,10.0,5.8,6.4,Đạt
SV2602308,Quản trị kinh doanh,Nam,18-22,Không,Kết hợp,Hà Nội,Điện thoại,2026-01-25,24,269,0.13,2,"4,7",1,6.3,4.5,0.4,Không đạt
SV2602107,Công nghệ thông tin,Nữ,18-22,Có,Trực tuyến,TP Hồ Chí Minh,Điện thoại,2026-01-30,5,704,0.114,6,3.3,0,28.5,2.4,0.9,Không đạt
SV2602056,Công nghệ thông tin,Nam,31-40,Có,Trực tuyến,,Điện thoại,21/01/2026,28,754,0.733,4,6.9,2,20.7,5.4,6.1,Đạt
SV2602382,Kinh tế,Nam,31-40,Có,Trực tuyến,Hà Nội,Điện thoại,12-02-2026,6,20,0.728,5,3.9,0,22.1,2.4,2.9,Không đạt
SV2601310,Kinh tế,Nam,23-30,Không,Trực tuyến,Thanh Hóa,Máy tính,15-02-2026,56,1429,0.806,8,7.4,5,5.1,,9.7,Đạt
SV2602786,Quản trị kinh doanh,Nữ,18-22,Không,Trực tuyến,Hà Nội,Điện thoại,2026-01-31,41,1262,1.0,9,7.7,3,7.5,8.7,10.0,Đạt
SV2602981,Ngôn ngữ Anh,nữ,31-40,Có,Trực tuyến,Bắc Ninh,Điện thoại,10/02/2026,70,1200,,9,6.2,7,18.1,8.0,9.8,Đạt
SV2600209,Công nghệ thông tin,Nam,18-22,Không,Trực tuyến,Thái Nguyên,Điện thoại,2026-02-04,49,1647,1.0,9,7.7,2,14.7,7.6,9.4,Đạt
SV2600327,Công nghệ thông tin,Nam,18-22,Không,Kết hợp,Nghệ An,Máy tính,31-01-2026,1,724,0.275,6,2.1,1,9.6,2.3,1.3,Không đạt
SV2600347,Công nghệ thông tin,Nữ,18-22,Không,Trực tuyến,Hà Nội,Máy tính,2026-02-10,31,884,0.581,9,7.2,4,11.5,4.1,6.4,Đạt
SV2602027,Kế toán,Nam,23-30,Có,Kết hợp,Bắc Ninh,Máy tính,21-01-2026,35,763,0.034,0,0.0,0,42.3,1.1,0.4,Không đạt
SV2601875,Du lịch,Nữ,18-22,Không,Trực tuyến,Hà Nội,Điện thoại,2026-01-24,33,459,0.627,3,6.7,4,14.2,6.7,7.2,Đạt
SV2602394,Công nghệ thông tin,Nam,18-22,Có,Trực tuyến,Hải Phòng,Điện thoại,2026-01-24,37,872,0.528,7,6.5,2,12.1,6.8,7.5,Đạt
SV2600422,Quản trị kinh doanh,Nam,18-22,Không,Trực tuyến,Hưng Yên,Máy tính,2026-01-21,58,1556,0.893,10,7.3,3,1.0,5.2,8.2,Đạt
SV2600759,Công nghệ thông tin,Nữ,23-30,Có,Trực tuyến,Đà Nẵng,Điện thoại,2026-02-06,41,728,0.437,4,7.7,2,10.4,5.5,5.9,Đạt
SV2600745,Luật,Nữ,23-30,Có,Trực tuyến,Cần Thơ,Điện thoại,01/02/2026,44,1399,0.746,9,8.7,1,31.7,6.9,10.0,Đạt
SV2602556,Kinh tế,Nữ,18-22,Có,Trực tuyến,Hải Phòng,Máy tính,30-01-2026,17,189,0.085,9,5.3,3,11.1,6.5,5.3,Đạt
SV2600917,Kinh tế,Nam,Trên 40,Không,Trực tuyến,Hà Nội,Điện thoại,05-02-2026,24,582,0.526,8,7.5,3,8.1,5.8,6.7,Đạt
SV2602904,Công nghệ thông tin,Nam,18-22,Không,Kết hợp,Hà Nội,Điện thoại,2026-01-25,46,1478,0.381,8,7.2,5,15.1,5.7,4.3,Đạt
SV2602760,Công nghệ thông tin,Nữ,18-22,Không,Trực tuyến,Bình Dương,Điện thoại,20/01/2026,60,956,0.686,9,6.7,7,7.6,6.9,7.7,Đạt
SV2600297,Quản trị kinh doanh,Nữ,Trên 40,Không,Kết hợp,Bình Dương,Điện thoại,2026-02-08,19,827,0.47,7,6.7,1,11.4,4.5,4.9,Đạt
SV2602678,Công nghệ thông tin,Nữ,23-30,Có,Kết hợp,Bắc Ninh,Máy tính,2026-01-29,12,102,,5,5.5,0,3.1,4.4,1.4,Không đạt
SV2602132,Quản trị kinh doanh,Nữ,23-30,Không,Trực tuyến,Hà Nội,Máy tính,21-01-2026,63,1510,0.905,10,10.0,6,1.5,7.7,8.7,Đạt
SV2602144,Công nghệ thông tin,nữ,18-22,Không,Trực tuyến,Hải Phòng,Máy tính,10-02-2026,46,1033,0.612,8,7.7,3,12.7,6.2,7.7,Đạt
SV2601981,Công nghệ thông tin,Nam,31-40,Có,Trực tuyến,TP Hồ Chí Minh,Điện thoại,2026-02-07,30,1018,,7,7.0,2,9.8,5.4,5.9,Đạt
SV2601039,Công nghệ thông tin,Nữ,18-22,Không,Trực tuyến,Lâm Đồng,Máy tính,2026-01-25,26,700,,6,4.7,2,8.7,3.6,3.7,Không đạt
SV2602568,Luật,Nam,23-30,Không,Trực tuyến,TP Hồ Chí Minh,Điện thoại,11/02/2026,17,627,0.332,6,6.2,0,25.7,2.6,1.3,Không đạt
SV2600913,Ngôn ngữ Anh,Nữ,18-22,Không,Trực tuyến,Hà Nội,Điện thoại,02/02/2026,37,1047,0.92,9,6.0,3,15.4,4.9,6.1,Đạt
SV2602444,Kế toán,Nữ,23-30,Không,Trực tuyến,Quảng Ninh,Điện thoại,24-01-2026,36,981,0.499,7,"5,5",1,19.7,5.3,5.5,Đạt
SV2601762,Kế toán,Nữ,23-30,Không,Trực tuyến,Thái Nguyên,Điện thoại,2026-02-07,45,890,0.754,10,6.2,3,8.5,7.4,9.5,Đạt
SV2602975,Kế toán,Nữ,18-22,Không,Kết hợp,Hà Nội,Máy tính bảng,09/02/2026,31,965,0.595,7,7.0,9,12.3,6.8,5.3,Đạt
SV2600134,Công nghệ thông tin,Nam,Trên 40,Không,Trực tuyến,TP Hồ Chí Minh,Điện thoại,16/02/2026,64,1314,0.821,6,7.4,3,15.5,7.1,8.3,Đạt
SV2601666,Công nghệ thông tin,Nữ,18-22,Không,Kết hợp,Nghệ An,Máy tính,2026-01-30,53,1413,,9,7.7,3,3.7,8.3,9.4,Đạt
SV2601747,Quản trị kinh doanh,Nữ,23-30,Không,Trực tuyến,Hà Nội,Máy tính,31-01-2026,47,1304,0.906,9,10.0,3,10.2,9.1,10.0,Đạt
SV2601723,Du lịch,Nữ,23-30,Có,Trực tuyến,Đồng Nai,Máy tính,12/02/2026,39,866,0.645,4,"7,0",2,8.1,5.3,4.1,Đạt
SV2602184,Kinh tế,Nữ,18-22,Không,Kết hợp,Thanh Hóa,Máy tính,16/02/2026,33,954,0.701,10,8.3,5,16.8,7.4,5.3,Đạt
SV2600243,Công nghệ thông tin,Nam,18-22,Có,Trực tuyến,Hà Nội,Điện thoại,2026-01-25,27,224,0.46,5,4.9,1,30.1,4.8,6.2,Đạt
SV2602608,Ngôn ngữ Anh,Nam,18-22,Không,Kết hợp,TP Hồ Chí Minh,Điện thoại,2026-01-23,37,1073,0.934,9,7.7,3,14.6,5.5,5.8,Đạt
SV2600808,Công nghệ thông tin,Nữ,23-30,Không,Trực tuyến,Hà Nội,Điện thoại,2026-02-08,16,771,0.707,9,5.4,0,41.7,5.5,3.7,Không đạt
SV2601538,Công nghệ thông tin,Nam,18-22,Có,Kết hợp,Thanh Hóa,Máy tính,2026-02-01,51,1048,0.787,10,7.9,2,14.2,5.6,7.7,Đạt
SV2600752, Công nghệ thông tin ,Nữ,18-22,Không,Trực tuyến,TP Hồ Chí Minh,Máy tính,2026-02-15,52,702,0.723,9,9.5,3,6.0,10.0,10.0,Đạt
SV2600513,Ngôn ngữ Anh,Nam,18-22,Không,Trực tuyến,Hà Nội,Điện thoại,31-01-2026,52,1136,0.793,10,6.0,7,18.0,5.1,5.3,Đạt
SV2600870,Kinh tế,Khác,23-30,Có,Trực tuyến,Đồng Nai,Điện thoại,29/01/2026,29,680,0.722,3,4.9,2,20.1,5.0,4.0,Đạt
SV2600187,Công nghệ thông tin,Nam,23-30,CO,Trực tuyến,Hà Nội,Máy tính,2026-02-08,47,1185,0.733,4,10.0,0,16.9,8.6,6.5,Đạt
SV2602663,Công nghệ thông tin,Nữ,23-30,Không,Trực tuyến,Quảng Ninh,Máy tính,13/02/2026,54,1671,0.782,10,7.3,5,11.5,8.7,9.7,Đạt
SV2600190,Công nghệ thông tin,Nam,31-40,Có,Trực tuyến,Hà Nội,Máy tính,06/02/2026,52,808,,7,5.6,1,1.6,6.5,8.7,Đạt
SV2601111,Công nghệ thông tin,Nam,18-22,Không,Kết hợp,Hà Nội,Máy tính,2026-02-08,50,256,0.592,5,6.0,4,8.3,3.4,4.5,Đạt
SV2601061,Ngôn ngữ Anh,Nam,18-22,Không,Trực tuyến,TP Hồ Chí Minh,Điện thoại,2026-02-14,23,1026,0.861,8,5.0,4,50.3,,2.3,Không đạt
SV2600998,Luật,Nữ,23-30,Có,Trực tuyến,Đà Nẵng,Điện thoại,2026-01-29,32,257,0.622,7,7.4,5,4.1,7.6,7.1,Đạt
SV2601194,Công nghệ thông tin,Nam,23-30,Có,Trực tuyến,Khánh Hòa,Máy tính,2026-02-16,31,985,1.0,6,9.2,5,5.2,,9.6,Đạt
SV2601458,Quản trị kinh doanh,Nam,31-40,Có,Trực tuyến,TP Hồ Chí Minh,Máy tính,25-01-2026,36,829,0.736,9,5.3,3,4.1,7.8,6.9,Đạt
SV2601162,Công nghệ thông tin,Nữ,23-30,Có,Trực tuyến,Đà Nẵng,Điện thoại,24/01/2026,49,1078,0.441,10,9.0,4,2.5,5.7,6.2,Đạt
SV2600363,Kinh tế,Nữ,31-40,Không,Trực tuyến,Thanh Hóa,Điện thoại,2026-02-05,34,1568,1.0,10,5.3,4,3.4,8.0,9.5,Đạt
SV2602542,Công nghệ thông tin,Nữ,18-22,Không,Trực tuyến,Hà Nội,Máy tính,06-02-2026,41,567,0.759,3,4.3,2,3.0,6.0,6.4,Đạt
SV2601146,Kinh tế,Nam,31-40,Có,Trực tuyến,Nghệ An,Điện thoại,2026-01-25,47,577,0.727,8,5.9,2,15.0,2.6,7.2,Đạt
SV2601459,Công nghệ thông tin,Nữ,18-22,Không,Trực tuyến,Nghệ An,Điện thoại,2026-02-09,58,1744,0.829,10,5.7,6,14.8,8.9,9.0,Đạt
SV2600386,Kinh tế,nữ,18-22,Không,Kết hợp,Nghệ An,Máy tính,2026-02-14,67,1186,0.79,10,"10,0",4,1.5,6.3,6.9,Đạt
SV2600135,Công nghệ thông tin,Nam,18-22,Có,Trực tuyến,Hà Nội,Điện thoại,2026-01-24,43,805,0.434,6,8.1,3,4.5,8.0,7.6,Đạt
SV2602641,Công nghệ thông tin,Nam,31-40,Có,Trực tuyến,Thanh Hóa,Máy tính,2026-01-30,43,1174,0.867,7,7.1,1,9.7,5.3,7.3,Đạt
SV2600928,Công nghệ thông tin,Nam,18-22,Không,Trực tuyến,Hà Nội,Máy tính,20/01/2026,43,949,0.465,9,6.7,3,5.0,3.8,4.8,Đạt
SV2601854,Kế toán,Nam,31-40,Có,Trực tuyến,Hà Nội,Máy tính,2026-01-20,16,365,0.372,4,5.3,1,56.9,4.1,1.8,Không đạt
SV2600753,Du lịch,Nữ,23-30,Không,Trực tuyến,Cần Thơ,Máy tính,2026-01-24,18,684,0.324,4,6.0,3,23.8,2.8,0.2,Không đạt
SV2600895,Công nghệ thông tin,Nam,31-40,Có,Trực tuyến,Thanh Hóa,Máy tính,2026-02-04,37,829,0.487,3,5.6,3,15.6,4.8,3.5,Không đạt
SV2601562,Quản trị kinh doanh,Nam,18-22,Có,Trực tuyến,Hà Nội,Máy tính,23-01-2026,31,550,0.419,5,8.1,5,26.7,5.6,4.9,Đạt
SV2602201,Công nghệ thông tin,Nam,18-22,Không,Trực tuyến,Khánh Hòa,Máy tính,2026-01-27,41,1098,0.683,6,7.4,6,28.2,7.4,4.8,Đạt
SV2601419,Du lịch,Nam,18-22,Có,Trực tuyến,Cần Thơ,Máy tính,02/02/2026,55,1433,0.612,10,8.9,5,5.7,5.3,7.1,Đạt
SV2601914,Quản trị kinh doanh,Nam,23-30,Không,Trực tuyến,Quảng Ninh,Máy tính,10-02-2026,58,1093,1.0,10,10.0,11,7.5,8.5,9.6,Đạt
SV2602900,Công nghệ thông tin,Nữ,18-22,Có,Trực tuyến,Hải Phòng,Điện thoại,08-02-2026,18,1127,0.582,9,6.7,4,6.6,7.1,6.4,Đạt
SV2602540,Kế toán,Nữ,31-40,Có,Trực tuyến,,Máy tính,2026-02-07,21,595,0.208,7,6.5,2,18.6,4.0,3.4,Không đạt
SV2602974,Công nghệ thông tin,Nữ,23-30,Có,Kết hợp,Lâm Đồng,Máy tính,2026-01-20,31,978,0.556,4,8.6,5,11.8,6.1,5.3,Đạt
SV2601721,Công nghệ thông tin,Nam,23-30,Không,Trực tuyến,Hà Nội,Điện thoại,15/02/2026,29,258,0.346,7,"6,3",0,4.4,3.5,4.3,Đạt
SV2601898,Công nghệ thông tin,Nữ,18-22,Không,Trực tuyến,Cần Thơ,Máy tính,09/02/2026,48,491,0.472,4,5.0,0,16.0,5.1,4.1,Đạt
SV2600038,Ngôn ngữ Anh,Nam,23-30,Không,Trực tuyến,TP Hồ Chí Minh,Máy tính,13-02-2026,24,210,0.467,4,6.1,0,4.9,5.1,4.5,Đạt
SV2602190,Kinh tế,Nữ,31-40,Có,Trực tuyến,Nghệ An,Điện thoại,12-02-2026,43,594,0.284,4,6.4,3,23.8,7.3,5.6,Đạt
SV2602344,Ngôn ngữ Anh,Nữ,31-40,Không,Trực tuyến,Hà Nội,Máy tính,2026-02-11,37,1117,0.387,5,4.3,6,11.4,7.0,5.4,Đạt
SV2601977,Ngôn ngữ Anh,Nữ,18-22,Không,Trực tuyến,Đồng Nai,Điện thoại,16-02-2026,33,521,0.486,4,6.6,2,8.7,6.1,5.4,Đạt
SV2602813,Quản trị kinh doanh,Nữ,18-22,Không,Trực tuyến,,Điện thoại,23-01-2026,36,99999,0.665,2,4.3,1,73.7,4.8,2.0,Không đạt
SV2601613,Công nghệ thông tin,nam,23-30,Có,Trực tuyến,Thanh Hóa,Điện thoại,2026-02-15,28,469,0.549,10,8.1,6,2.4,7.3,7.4,Đạt
SV2602045,Luật,Nam,31-40,Không,Trực tuyến,TP Hồ Chí Minh,Điện thoại,23-01-2026,44,1082,0.655,8,2.5,3,15.8,6.4,5.1,Đạt
SV2600803,Kinh tế,Nam,23-30,Không,Kết hợp,Hà Nội,Máy tính,2026-02-14,44,756,0.491,6,5.8,1,44.3,3.3,0.6,Không đạt
SV2601511,Công nghệ thông tin,Nam,18-22,Không,Kết hợp,,Máy tính,07/02/2026,29,1188,0.414,9,5.9,5,3.0,4.6,4.2,Đạt
SV2602769,Kinh tế,Nam,23-30,Có,Trực tuyến,TP Hồ Chí Minh,Máy tính,20/01/2026,58,1011,0.985,10,9.0,6,3.5,8.8,9.9,Đạt
SV2602912,Du lịch,Nữ,31-40,Có,Trực tuyến,Hà Nội,Máy tính,2026-01-21,41,971,0.554,8,6.3,2,8.4,5.0,6.1,Đạt
SV2601809,Công nghệ thông tin,Nam,18-22,Không,Kết hợp,Hà Nội,Máy tính,15/02/2026,16,704,0.583,8,7.6,3,10.8,4.3,5.6,Đạt
SV2600874,Công nghệ thông tin,Nam,31-40,Có,Trực tuyến,TP Hồ Chí Minh,Máy tính,2026-02-08,12,64,0.397,8,6.3,0,6.8,4.9,2.8,Không đạt
SV2600035,Công nghệ thông tin,Nam,18-22,Không,Trực tuyến,TP Hồ Chí Minh,Máy tính,2026-01-29,22,901,0.875,10,4.6,5,3.8,6.7,7.4,Đạt
SV2600076,Công nghệ thông tin,Nam,31-40,Có,Trực tuyến,Nghệ An,Máy tính,08-02-2026,19,297,0.291,7,4.5,1,2.5,3.9,3.9,Không đạt
SV2602135,Ngôn ngữ Anh,Nữ,18-22,Không,Kết hợp,Khánh Hòa,Máy tính,2026-01-26,35,1036,0.79,10,9.2,5,6.6,9.8,6.5,Đạt
SV2602208,Ngôn ngữ Anh,Nữ,18-22,Không,Trực tuyến,Hà Nội,Máy tính,16/02/2026,54,1100,0.893,10,8.8,3,10.2,5.4,8.7,Đạt
SV2602511,Kinh tế,Nam,23-30,Có,Trực tuyến,Khánh Hòa,Máy tính bảng,2026-02-04,38,885,0.423,9,7.9,4,54.6,9.2,7.4,Đạt
SV2601788,Ngôn ngữ Anh,Nam,Trên 40,Có,Kết hợp,Lâm Đồng,Máy tính,25/01/2026,73,1652,0.931,10,9.4,9,6.8,10.0,10.0,Đạt
SV2601048,Luật,Nữ,23-30,Không,Trực tuyến,Khánh Hòa,Máy tính,2026-01-24,39,954,0.382,2,6.0,0,14.1,4.7,2.2,Không đạt
SV2601961,Ngôn ngữ Anh,Nữ,31-40,Có,Kết hợp,Hưng Yên,Điện thoại,2026-01-27,34,1136,0.783,10,8.4,8,10.9,4.5,6.2,Đạt
SV2601440,Công nghệ thông tin,Nam,Trên 40,Có,Kết hợp,Cần Thơ,Điện thoại,2026-02-10,44,843,0.473,7,6.0,4,7.0,6.7,3.4,Không đạt
SV2601779,Công nghệ thông tin,Nữ,23-30,Có,Kết hợp,Thanh Hóa,Máy tính,2026-02-15,13,57,0.066,1,3.0,0,1.4,0.0,1.3,Không đạt
SV2601200, Công nghệ thông tin ,Nam,31-40,Có,Trực tuyến,Bình Dương,Máy tính,2026-02-12,38,568,0.863,4,9.6,5,20.0,8.1,7.9,Đạt
SV2602988,Công nghệ thông tin,Nam,31-40,Có,Trực tuyến,TP Hồ Chí Minh,Máy tính,15-02-2026,29,883,0.507,10,6.1,1,4.0,3.4,4.5,Đạt
SV2602677, Quản trị kinh doanh ,Nam,31-40,Có,Trực tuyến,TP Hồ Chí Minh,Điện thoại,07/02/2026,37,720,0.491,9,6.6,4,13.2,4.8,5.8,Đạt
SV2602339,Du lịch,Nam,23-30,Không,Kết hợp,Thanh Hóa,Điện thoại,15/02/2026,54,1164,0.53,6,7.7,3,14.6,6.3,5.2,Đạt
SV2602317,Du lịch,Nam,23-30,Có,Trực tuyến,Hà Nội,Máy tính,2026-02-03,53,518,0.64,6,7.6,3,43.1,,5.0,Đạt
SV2601655,Công nghệ thông tin,Nam,18-22,Không,Trực tuyến,Đồng Nai,Máy tính,13/02/2026,60,1537,0.854,10,7.0,7,7.3,9.6,9.5,Đạt
SV2600775, Kế toán ,Nam,31-40,Có,Trực tuyến,Nghệ An,Máy tính bảng,2026-01-20,39,1127,0.593,10,9.5,2,8.3,6.2,7.3,Đạt
SV2601986,Công nghệ thông tin,Nữ,18-22,Không,Trực tuyến,Thanh Hóa,Điện thoại,2026-02-05,48,929,0.88,7,6.7,7,9.0,7.5,8.9,Đạt
SV2600027,Công nghệ thông tin,Nam,18-22,Không,Trực tuyến,TP Hồ Chí Minh,Điện thoại,2026-01-24,30,923,0.399,5,7.7,2,12.5,2.1,4.2,Đạt
SV2600299,Công nghệ thông tin,Nữ,18-22,Có,Trực tuyến,Hà Nội,Máy tính,2026-01-23,35,734,0.313,0,0.0,0,29.9,3.7,2.9,Không đạt
SV2600889,Công nghệ thông tin,Nữ,18-22,Không,Kết hợp,Hưng Yên,Máy tính,2026-02-01,33,875,0.444,8,8.2,3,0.8,5.7,6.7,Đạt
SV2602474,Kinh tế,nam,18-22,Có,Trực tuyến,TP Hồ Chí Minh,Điện thoại,2026-02-14,24,771,0.474,5,5.6,0,25.3,5.0,6.2,Đạt
SV2601086,Công nghệ thông tin,Nữ,23-30,Không,Kết hợp,Đà Nẵng,Máy tính,2026-01-20,35,507,0.66,7,5.8,2,19.4,6.2,3.2,Không đạt
SV2600595,Công nghệ thông tin,Nam,31-40,Có,Kết hợp,Bắc Ninh,Điện thoại,2026-02-16,51,933,0.77,10,9.9,5,2.6,7.0,8.0,Đạt
SV2602441,Ngôn ngữ Anh,Nam,18-22,Không,Trực tuyến,Bình Dương,Máy tính,31/01/2026,55,568,0.747,10,"6,5",8,11.9,,9.2,Đạt
SV2602581,Kinh tế,Nữ,31-40,Có,Trực tuyến,Hà Nội,Máy tính,2026-01-25,35,1047,0.894,9,6.8,5,8.8,10.0,10.0,Đạt
SV2600856,Quản trị kinh doanh,Nam,Trên 40,Có,Kết hợp,Nghệ An,Máy tính,15/02/2026,47,926,0.641,9,7.8,3,17.3,7.0,7.4,Đạt
SV2600527,Du lịch,Nữ,23-30,Có,Trực tuyến,Hà Nội,Máy tính,02/02/2026,50,1182,0.787,9,7.3,4,10.6,7.6,8.9,Đạt
SV2600413,Kinh tế,Nam,23-30,Không,Trực tuyến,Thái Nguyên,Điện thoại,16-02-2026,47,1714,0.622,7,5.0,6,12.3,5.3,6.2,Đạt
SV2600048,Quản trị kinh doanh,Nam,23-30,KHONG,Trực tuyến,Hà Nội,Máy tính,07/02/2026,29,596,0.219,7,"5,7",3,23.7,2.3,1.6,Không đạt
SV2600070,Kế toán,Nữ,23-30,Có,Trực tuyến,Hà Nội,Điện thoại,02/02/2026,2,777,0.385,6,6.9,2,0.8,5.7,5.6,Đạt
SV2601022,Kế toán,Nữ,18-22,Không,Trực tuyến,Hải Phòng,Điện thoại,08/02/2026,60,1350,0.595,10,7.4,6,18.4,6.5,7.1,Đạt
SV2601735,Quản trị kinh doanh,Nam,23-30,Có,Kết hợp,Đồng Nai,Máy tính,2026-01-20,38,1307,0.434,6,7.2,3,25.3,6.8,6.3,Đạt
SV2600798,Du lịch,Nữ,18-22,Có,Kết hợp,Thái Nguyên,Điện thoại,27/01/2026,61,1072,0.73,9,6.8,0,2.1,7.8,6.4,Đạt
SV2601165,Công nghệ thông tin,Nữ,18-22,Không,Trực tuyến,Hà Nội,Điện thoại,20-01-2026,69,973,0.573,5,7.4,8,30.9,6.5,6.9,Đạt
SV2601862,Kinh tế,Nữ,18-22,Có,Trực tuyến,Lâm Đồng,Máy tính,2026-02-02,61,1423,0.551,9,8.6,5,4.5,,9.1,Đạt
SV2601582,Du lịch,Nữ,18-22,Có,Trực tuyến,Bình Dương,Máy tính,2026-02-01,46,1415,0.689,6,7.6,4,36.0,6.0,7.4,Đạt
SV2602957,Du lịch,Nam,18-22,Có,Trực tuyến,TP Hồ Chí Minh,Máy tính,2026-02-07,36,799,0.668,6,4.0,5,0.3,3.8,5.9,Đạt
SV2602953,Công nghệ thông tin,Nam,31-40,Có,Trực tuyến,Hà Nội,Điện thoại,15-02-2026,23,758,0.703,7,5.9,2,11.7,7.4,7.1,Đạt
SV2602936,Công nghệ thông tin,Nam,18-22,KHONG,Kết hợp,Hà Nội,Máy tính,06-02-2026,68,459,0.838,7,7.2,6,7.4,,5.7,Đạt
SV2600348,Công nghệ thông tin,Nam,18-22,Không,Trực tuyến,Thanh Hóa,Máy tính,02-02-2026,41,1521,0.659,8,8.1,3,22.1,6.0,6.7,Đạt
SV2600650,Công nghệ thông tin,Nữ,23-30,Có,Trực tuyến,Hải Phòng,Điện thoại,01/02/2026,51,896,0.599,8,7.1,0,15.0,5.1,6.7,Đạt
SV2601718,Luật,Nam,18-22,KHONG,Trực tuyến,Nghệ An,Máy tính,2026-02-16,39,928,0.635,10,3.8,3,6.0,5.9,6.6,Đạt
SV2600390,Du lịch,Nam,31-40,Không,Trực tuyến,Bình Dương,Máy tính,2026-02-09,49,905,0.628,7,6.5,3,19.2,7.7,7.1,Đạt
SV2602763,Ngôn ngữ Anh,Nam,18-22,Không,Kết hợp,Hà Nội,Máy tính,2026-02-01,24,618,0.509,3,5.9,2,15.8,3.5,2.5,Không đạt
SV2602456,Kinh tế,Nam,23-30,Có,Kết hợp,Hà Nội,Máy tính,07-02-2026,35,569,0.622,7,4.5,2,12.2,6.0,4.3,Đạt
SV2600424,Du lịch,Nữ,18-22,Không,Kết hợp,Hà Nội,Máy tính,2026-02-02,62,1232,0.546,9,8.8,2,23.4,7.5,7.6,Đạt
SV2600636,Công nghệ thông tin,Nữ,23-30,Không,Kết hợp,Hà Nội,Máy tính,06/02/2026,18,749,0.267,2,5.6,0,6.3,4.7,3.7,Không đạt
SV2600547,Kinh tế,Nam,Trên 40,CO,Kết hợp,Hà Nội,Điện thoại,2026-02-13,60,1243,0.613,8,5.5,2,12.0,6.7,7.0,Đạt
SV2602826,Ngôn ngữ Anh,Nam,23-30,Có,Kết hợp,Hà Nội,Máy tính,2026-01-29,36,427,0.658,7,5.8,4,6.9,4.9,5.7,Đạt
SV2600626,Du lịch,Nữ,18-22,Không,Trực tuyến,Nghệ An,Máy tính,21-01-2026,59,1040,0.921,6,8.0,2,6.2,5.5,8.7,Đạt
SV2600865,Du lịch,Nam,18-22,Không,Trực tuyến,Hà Nội,Máy tính,2026-02-07,56,1158,0.68,10,8.7,5,7.7,8.5,8.2,Đạt
SV2600449,Du lịch,Nam,Trên 40,Có,Trực tuyến,Thanh Hóa,Điện thoại,21/01/2026,28,817,0.555,7,9.8,2,9.8,,7.4,Đạt
SV2600929,Quản trị kinh doanh,Nam,Trên 40,Có,Trực tuyến,Hà Nội,Máy tính,2026-01-27,35,834,0.455,9,"5,8",1,25.5,4.9,5.8,Đạt
SV2601489,Công nghệ thông tin,Nữ,23-30,Không,Trực tuyến,Hà Nội,Máy tính,2026-02-01,46,1207,0.887,10,6.8,3,12.7,7.3,8.9,Đạt
SV2600578,Luật,Nữ,31-40,Có,Trực tuyến,Hà Nội,,2026-02-02,44,1192,0.873,6,4.1,9,4.2,5.4,7.4,Đạt
SV2602612,Công nghệ thông tin,Nữ,31-40,Có,Trực tuyến,Hải Phòng,Máy tính,2026-02-03,22,357,0.187,5,3.7,2,6.4,4.2,3.3,Không đạt
SV2602571,Kinh tế,Nam,31-40,Có,Kết hợp,TP Hồ Chí Minh,Điện thoại,2026-02-06,26,370,0.515,6,4.3,0,16.9,3.0,3.4,Không đạt
SV2601345,Du lịch,Nam,Trên 40,Có,Kết hợp,Thanh Hóa,Máy tính,28/01/2026,69,1687,0.749,10,8.7,7,7.9,7.7,8.1,Đạt
SV2600167,Kế toán,Nam,18-22,Không,Trực tuyến,Bắc Ninh,Điện thoại,03/02/2026,35,593,0.851,7,8.3,2,1.9,5.5,7.1,Đạt
SV2601843,Công nghệ thông tin,Nam,23-30,Có,Trực tuyến,Hà Nội,Điện thoại,30-01-2026,45,971,0.589,8,7.8,3,15.0,8.5,8.8,Đạt
SV2601478,Công nghệ thông tin,Nam,23-30,Có,Trực tuyến,TP Hồ Chí Minh,Điện thoại,2026-01-22,27,870,0.759,6,8.3,4,5.3,6.3,8.0,Đạt
SV2601740,Kinh tế,Nam,23-30,Không,Kết hợp,Hà Nội,Máy tính,22/01/2026,43,1274,0.92,7,"8,3",3,2.8,6.4,7.8,Đạt
SV2601427,Công nghệ thông tin,nam,23-30,Có,Trực tuyến,Đồng Nai,Điện thoại,2026-02-11,24,1510,0.503,9,"6,7",1,12.0,5.7,6.8,Đạt
SV2600145,Quản trị kinh doanh,Nam,Trên 40,Có,Trực tuyến,Nghệ An,Máy tính,2026-02-01,30,575,0.218,3,7.8,5,35.7,7.7,3.9,Không đạt
SV2601727,Du lịch,Nam,31-40,Có,Kết hợp,Bắc Ninh,Máy tính,20/01/2026,51,200,0.312,4,5.7,0,5.1,3.3,2.7,Không đạt
SV2602541,Công nghệ thông tin,Nam,18-22,Có,Kết hợp,Đà Nẵng,Điện thoại,13-02-2026,33,353,0.715,2,"4,5",1,55.0,4.2,3.6,Không đạt
SV2600115,Quản trị kinh doanh,Nữ,31-40,Có,Trực tuyến,TP Hồ Chí Minh,Máy tính,2026-01-22,30,1062,0.456,5,"6,3",0,5.0,6.1,5.9,Đạt
SV2601879,Du lịch,Nữ,31-40,Có,Trực tuyến,Hà Nội,Máy tính,25/01/2026,33,1023,0.763,10,5.6,6,3.9,6.4,8.3,Đạt
SV2600869,Công nghệ thông tin,Nữ,23-30,Có,Kết hợp,Hải Phòng,Máy tính bảng,01/02/2026,38,1415,0.929,6,"7,9",4,7.7,8.3,8.7,Đạt
SV2601801,Ngôn ngữ Anh,Nữ,18-22,Không,Kết hợp,Hà Nội,Máy tính,2026-02-01,50,1392,1.0,10,9.1,8,11.9,6.1,7.8,Đạt
SV2600055,Công nghệ thông tin,Nữ,23-30,Có,Trực tuyến,TP Hồ Chí Minh,Điện thoại,2026-02-07,47,1140,0.887,7,8.7,5,11.7,7.4,7.8,Đạt
SV2600270,Ngôn ngữ Anh,Nam,18-22,Không,Trực tuyến,Đà Nẵng,Điện thoại,13/02/2026,50,928,0.986,9,5.0,1,14.7,5.6,7.4,Đạt
SV2600569, Kinh tế ,Nam,31-40,Có,Trực tuyến,Khánh Hòa,Điện thoại,2026-01-20,48,857,0.39,9,10.0,6,22.6,5.1,6.5,Đạt
SV2602251,Công nghệ thông tin,Nam,18-22,Không,Trực tuyến,Hà Nội,Máy tính,2026-01-25,20,926,0.428,2,4.1,0,13.3,3.7,2.6,Không đạt
SV2601705,Kinh tế,Nam,31-40,CO,Trực tuyến,Nghệ An,Máy tính,2026-02-09,58,334,,6,6.9,3,15.0,,8.1,Đạt
SV2602645,Luật,Nữ,18-22,Có,Trực tuyến,Hà Nội,Điện thoại,2026-02-01,35,883,0.913,10,9.4,4,10.7,10.0,9.5,Đạt
SV2602780,Luật,Nam,18-22,Không,Kết hợp,Thanh Hóa,Máy tính,12/02/2026,35,1081,0.446,4,5.2,3,16.5,4.8,4.0,Đạt
SV2601604,Công nghệ thông tin,Nam,31-40,Có,Trực tuyến,Đà Nẵng,Điện thoại,30/01/2026,44,581,0.593,5,7.8,5,12.8,4.9,7.0,Đạt
SV2600724,Ngôn ngữ Anh,Nam,Trên 40,Có,Trực tuyến,Hưng Yên,Máy tính,21/01/2026,56,852,0.56,9,7.7,4,20.9,4.4,6.8,Đạt
SV2600323,Công nghệ thông tin,Nam,Trên 40,Có,Kết hợp,Thanh Hóa,Máy tính,2026-02-01,49,1384,1.0,10,8.2,4,5.9,6.9,6.8,Đạt
SV2602267,Công nghệ thông tin,Nữ,18-22,Không,Trực tuyến,TP Hồ Chí Minh,Điện thoại,23-01-2026,48,1120,0.862,10,7.7,7,26.7,4.9,6.2,Đạt
SV2602564,Công nghệ thông tin,Khác,31-40,Có,Kết hợp,Thanh Hóa,Máy tính,2026-02-13,28,547,0.463,5,3.7,1,7.5,4.4,5.1,Đạt
SV2602695, Công nghệ thông tin ,Nam,18-22,Không,Trực tuyến,Hà Nội,Máy tính,20-01-2026,15,20,0.0,4,4.1,1,25.8,1.5,0.3,Không đạt
SV2602658,Công nghệ thông tin,Nam,18-22,Có,Kết hợp,,Máy tính,2026-02-15,1,850,0.491,7,6.7,1,91.7,2.2,2.3,Không đạt
SV2602703,Kế toán,Nam,18-22,Không,Trực tuyến,Hà Nội,Máy tính,2026-01-30,46,1276,0.737,10,10.0,6,0.8,6.8,8.9,Đạt
SV2600042,Quản trị kinh doanh,Nam,18-22,Có,Kết hợp,TP Hồ Chí Minh,Máy tính,2026-02-12,20,1134,0.84,5,5.0,4,9.6,3.5,3.3,Không đạt
SV2600716,Kinh tế,Nữ,18-22,Không,Trực tuyến,Đà Nẵng,Máy tính,23-01-2026,35,902,1.0,5,5.7,1,5.4,3.1,6.3,Đạt
SV2601894,Quản trị kinh doanh,Nam,18-22,Có,Kết hợp,Đà Nẵng,Máy tính,2026-02-01,30,1658,0.946,8,7.9,4,23.9,8.1,8.1,Đạt
SV2601667,Công nghệ thông tin,Nữ,18-22,Không,Kết hợp,TP Hồ Chí Minh,Máy tính,2026-02-10,46,1302,,10,7.7,6,3.9,7.4,7.3,Đạt
SV2601004,Luật,Nam,23-30,Không,Kết hợp,Hưng Yên,Điện thoại,2026-02-16,35,412,0.337,8,4.3,4,7.2,6.7,3.8,Không đạt
SV2602652,Công nghệ thông tin,Nam,23-30,Có,Trực tuyến,Hà Nội,Điện thoại,09/02/2026,19,112,,3,6.6,2,30.1,6.1,4.8,Đạt
SV2600183,Quản trị kinh doanh,Nữ,18-22,Không,Trực tuyến,Hải Phòng,,2026-02-07,57,1085,0.74,8,7.7,4,28.6,8.2,7.2,Đạt
SV2601321,Quản trị kinh doanh,Nam,18-22,Không,Trực tuyến,Hải Phòng,Máy tính,2026-02-10,43,839,0.835,8,6.4,2,1.7,8.7,7.9,Đạt
SV2601497,Ngôn ngữ Anh,nữ,18-22,Không,Kết hợp,TP Hồ Chí Minh,Điện thoại,2026-01-24,31,982,0.476,8,6.6,0,18.5,4.4,3.2,Không đạt
SV2601439,Kế toán,Nam,18-22,Không,Trực tuyến,Hà Nội,Máy tính bảng,23/01/2026,39,607,0.289,5,7.0,0,25.4,6.8,2.4,Không đạt
SV2602811,Công nghệ thông tin,Nam,18-22,Có,Trực tuyến,Hưng Yên,Máy tính,2026-02-07,34,954,0.545,3,3.0,2,62.5,5.0,3.0,Không đạt
SV2602624,Công nghệ thông tin,Nam,23-30,Có,Trực tuyến,Lâm Đồng,Máy tính,04/02/2026,68,1169,1.0,10,10.0,6,1.4,10.0,10.0,Đạt
SV2600541,Công nghệ thông tin,Nam,18-22,Có,Trực tuyến,Hải Phòng,Máy tính,2026-01-25,10,267,0.478,4,4.3,1,1.4,3.9,3.3,Không đạt
SV2601691,Du lịch,Nữ,23-30,Có,Kết hợp,TP Hồ Chí Minh,Máy tính,2026-02-06,34,907,0.53,9,6.1,5,17.6,7.5,5.9,Đạt
SV2602757,Kế toán,Nam,31-40,Có,Kết hợp,Bắc Ninh,Máy tính,2026-01-20,57,999,1.0,10,8.2,4,5.1,,7.7,Đạt
SV2601750,Công nghệ thông tin,Nữ,18-22,Không,Trực tuyến,Thanh Hóa,Máy tính bảng,02-02-2026,20,595,0.614,7,4.3,1,14.5,2.4,5.3,Đạt
SV2600047,Công nghệ thông tin,Nam,18-22,Không,Trực tuyến,Bắc Ninh,Máy tính,2026-01-20,35,1175,0.628,10,5.5,6,28.6,7.6,6.7,Đạt
SV2600847,Kế toán,Nam,23-30,Có,Trực tuyến,Hà Nội,Điện thoại,2026-02-01,26,694,0.294,4,4.1,1,33.4,5.1,4.5,Đạt
SV2601807,Kinh tế,Nam,18-22,Không,Trực tuyến,Hưng Yên,Máy tính bảng,22-01-2026,57,1141,0.822,8,7.7,5,2.8,8.0,8.9,Đạt
SV2602754,Kinh tế,Nữ,23-30,Có,Kết hợp,Cần Thơ,Máy tính,2026-02-13,46,486,0.782,8,7.9,2,17.9,6.7,5.7,Đạt
SV2600455,Công nghệ thông tin,Nam,18-22,Có,Trực tuyến,Hà Nội,Máy tính,2026-02-10,31,832,,6,4.3,4,3.1,5.4,5.7,Đạt
SV2602764,Kế toán,Nữ,31-40,Có,Kết hợp,Nghệ An,Máy tính,2026-01-20,48,914,0.995,9,6.2,7,4.4,7.4,7.1,Đạt
SV2601375,Kế toán,Nữ,31-40,Có,Trực tuyến,Bắc Ninh,Máy tính,08/02/2026,34,935,0.787,6,9.2,4,31.7,7.3,7.9,Đạt
SV2601744,Du lịch,Nam,18-22,Không,Trực tuyến,Hà Nội,Điện thoại,20/01/2026,18,1163,0.903,10,8.0,0,5.7,7.4,8.2,Đạt
SV2602820,Ngôn ngữ Anh,Nam,18-22,Không,Trực tuyến,Đồng Nai,Máy tính,26/01/2026,39,1223,0.816,10,3.6,0,4.7,6.5,7.0,Đạt
SV2601863,Công nghệ thông tin,Nam,18-22,Không,Kết hợp,Hải Phòng,Máy tính,09/02/2026,50,1446,0.866,8,7.5,5,15.5,5.9,5.1,Đạt
SV2602942, Kế toán ,Nam,31-40,Có,Kết hợp,Hà Nội,Máy tính bảng,2026-02-06,11,1143,0.653,5,10.0,1,8.4,,7.4,Đạt
SV2602217,Ngôn ngữ Anh,Nữ,31-40,Không,Trực tuyến,Đồng Nai,Điện thoại,2026-02-01,30,1269,0.738,9,5.4,4,6.1,8.6,8.5,Đạt
SV2600016,Kế toán,Nữ,23-30,CO,Kết hợp,Hà Nội,Máy tính,02/02/2026,36,1015,0.759,8,"7,1",4,8.6,7.2,7.7,Đạt
SV2602605,Kinh tế,Nam,23-30,Có,Trực tuyến,Hưng Yên,Điện thoại,2026-02-03,35,526,0.219,4,4.7,0,9.3,3.8,3.8,Không đạt
SV2602546,Công nghệ thông tin,nữ,Trên 40,Có,Trực tuyến,Hà Nội,Điện thoại,29/01/2026,22,1015,0.199,5,5.0,0,8.0,1.3,2.7,Không đạt
SV2600740,Kinh tế,Nữ,23-30,Có,Trực tuyến,Hà Nội,Máy tính,2026-02-13,31,1225,0.845,9,8.0,2,33.4,8.3,8.9,Đạt
SV2601616,Kinh tế,Nữ,23-30,Có,Kết hợp,Bình Dương,Điện thoại,15-02-2026,52,1353,0.702,10,7.6,2,19.9,6.4,5.2,Đạt
SV2601231,Ngôn ngữ Anh,Nam,18-22,Không,Trực tuyến,Nghệ An,Máy tính bảng,27/01/2026,62,1700,,8,"10,0",4,1.3,10.0,10.0,Đạt
SV2600065,Kinh tế,Nữ,18-22,Không,Trực tuyến,Bình Dương,Máy tính,2026-02-02,34,765,0.706,8,7.2,3,17.4,6.9,6.3,Đạt
SV2601956,Công nghệ thông tin,Nam,23-30,Không,Trực tuyến,Bình Dương,Máy tính,26-01-2026,1,880,0.307,6,5.0,1,10.8,,3.4,Không đạt
SV2602711,Du lịch,Nam,18-22,Không,Kết hợp,Hà Nội,Điện thoại,04-02-2026,36,1011,0.638,6,8.0,3,6.1,6.1,6.3,Đạt
SV2601055,Công nghệ thông tin,Nam,18-22,Có,Trực tuyến,TP Hồ Chí Minh,Điện thoại,2026-01-25,31,624,,6,7.2,3,20.2,6.9,6.1,Đạt
SV2600332,Công nghệ thông tin,Nữ,31-40,Không,Trực tuyến,Hà Nội,Điện thoại,2026-02-15,29,704,0.425,6,8.1,2,14.0,,3.6,Không đạt
SV2602839,Luật,Nam,23-30,Không,Trực tuyến,Bắc Ninh,Máy tính,14/02/2026,2,1172,0.431,8,5.1,1,47.6,4.5,3.0,Không đạt
SV2601137,Công nghệ thông tin,Nam,23-30,Có,Kết hợp,Lâm Đồng,Máy tính,22/01/2026,55,793,0.739,5,5.2,4,21.3,5.6,5.4,Đạt
SV2601248,Công nghệ thông tin,Khác,18-22,Không,Trực tuyến,Hải Phòng,Điện thoại,2026-01-20,71,904,,9,8.8,6,9.1,8.3,10.0,Đạt
SV2600405,Kinh tế,Nữ,31-40,Có,Trực tuyến,TP Hồ Chí Minh,Máy tính,2026-02-07,31,306,0.843,2,8.3,1,37.2,6.0,6.5,Đạt
SV2601581, Công nghệ thông tin ,Nam,Trên 40,Có,Trực tuyến,Đà Nẵng,Máy tính,29/01/2026,41,1431,0.899,9,6.9,7,13.5,7.3,8.3,Đạt
SV2601115,Công nghệ thông tin,Nữ,18-22,Không,Trực tuyến,Thanh Hóa,Máy tính,2026-01-25,53,530,0.481,1,7.1,2,21.8,6.4,4.6,Đạt
SV2602958,Kế toán,Nữ,18-22,Có,Trực tuyến,Hải Phòng,Máy tính,2026-02-14,25,564,,7,3.9,1,13.4,2.2,3.3,Không đạt
SV2601733,Công nghệ thông tin,Nữ,23-30,Không,Trực tuyến,Thanh Hóa,Điện thoại,09-02-2026,49,420,0.231,9,"7,0",1,4.9,4.1,2.8,Không đạt
SV2600835,Kế toán,Nữ,23-30,Không,Trực tuyến,Đồng Nai,Máy tính,2026-01-27,37,875,0.541,5,6.7,1,15.6,6.6,7.4,Đạt
SV2602005,Kinh tế,Nữ,18-22,KHONG,Kết hợp,Nghệ An,Máy tính,24-01-2026,62,1125,0.722,7,9.2,3,15.7,7.8,7.8,Đạt
SV2602960,Công nghệ thông tin,Nam,23-30,Có,Kết hợp,Đà Nẵng,Máy tính,01-02-2026,42,1167,0.638,6,7.4,1,15.4,8.2,7.9,Đạt
SV2601811,Luật,Nam,31-40,Có,Trực tuyến,TP Hồ Chí Minh,Máy tính,25/01/2026,33,754,0.579,7,6.1,2,3.5,5.7,6.3,Đạt
SV2600967,Công nghệ thông tin,Nam,23-30,Không,Trực tuyến,Khánh Hòa,Máy tính,05/02/2026,57,1427,0.964,7,10.0,3,2.9,8.5,9.1,Đạt
SV2602537,Kinh tế,Nữ,18-22,Có,Trực tuyến,Hải Phòng,Điện thoại,2026-02-05,12,78,0.42,7,6.1,1,12.6,4.5,5.6,Đạt
SV2602347,Du lịch,khác,23-30,CO,Trực tuyến,Hà Nội,Điện thoại,2026-02-10,10,374,0.228,1,4.3,1,5.7,0.8,0.9,Không đạt
SV2600196,Luật,Nam,18-22,Có,Trực tuyến,Bắc Ninh,Máy tính,09/02/2026,29,777,0.601,6,6.9,1,9.3,3.0,6.9,Đạt
SV2602919,Công nghệ thông tin,Nam,23-30,Không,Trực tuyến,Thái Nguyên,Máy tính,05/02/2026,34,670,0.521,7,4.4,5,13.6,5.2,6.5,Đạt
SV2600169,Công nghệ thông tin,Nam,23-30,Không,Trực tuyến,TP Hồ Chí Minh,Điện thoại,24/01/2026,38,984,0.502,8,4.2,5,7.3,6.0,6.0,Đạt
SV2601241,Quản trị kinh doanh,Nữ,18-22,Không,Kết hợp,Hà Nội,Máy tính,2026-01-20,1,395,0.154,4,2.6,0,35.0,1.8,0.0,Không đạt
SV2602640,Công nghệ thông tin,Nam,23-30,Không,Trực tuyến,Hưng Yên,Máy tính,01/02/2026,36,1352,0.74,8,7.4,5,1.0,6.6,8.6,Đạt
SV2602236,Công nghệ thông tin,Nam,23-30,Không,Trực tuyến,Thanh Hóa,Máy tính,2026-01-25,45,1075,0.432,10,4.5,8,9.2,3.8,7.3,Đạt
SV2602735,Quản trị kinh doanh,Nam,18-22,Không,Trực tuyến,Hưng Yên,Máy tính,20/01/2026,46,1672,0.873,10,9.5,10,8.7,8.5,8.7,Đạt
SV2602810,Quản trị kinh doanh,Nữ,23-30,Có,Kết hợp,Đồng Nai,Điện thoại,01/02/2026,16,522,,4,3.8,0,10.4,4.7,3.8,Không đạt
SV2602342,Công nghệ thông tin,Nữ,18-22,Không,Trực tuyến,Hà Nội,Máy tính,2026-01-20,73,1439,0.77,8,4.2,7,24.0,5.9,5.8,Đạt
SV2601637,Luật,Nam,Trên 40,Có,Trực tuyến,Hà Nội,Máy tính,2026-01-26,42,825,0.456,7,7.5,4,21.4,,7.1,Đạt
SV2602646,Ngôn ngữ Anh,Nam,23-30,Có,Trực tuyến,TP Hồ Chí Minh,Máy tính,25/01/2026,44,1308,0.685,7,"7,5",6,22.4,8.5,7.6,Đạt
SV2601180,Ngôn ngữ Anh,Nam,18-22,Không,Trực tuyến,Cần Thơ,Điện thoại,2026-01-31,55,1441,0.906,10,"8,1",6,8.3,9.9,9.8,Đạt
SV2602522,Luật,Nam,18-22,Không,Trực tuyến,Cần Thơ,Điện thoại,31/01/2026,38,659,,8,9.2,5,31.0,6.5,4.6,Đạt
SV2601817,Công nghệ thông tin,Khác,18-22,Không,Trực tuyến,Hưng Yên,Điện thoại,2026-02-14,55,1232,0.77,7,6.4,6,5.3,7.3,6.7,Đạt
SV2600040,Ngôn ngữ Anh,Nữ,31-40,Có,Trực tuyến,Khánh Hòa,Máy tính bảng,2026-02-12,39,518,0.958,7,9.0,4,17.8,4.8,6.6,Đạt
SV2602680,Quản trị kinh doanh,Nữ,31-40,Có,Kết hợp,Nghệ An,Điện thoại,2026-01-26,15,167,0.391,9,4.8,2,16.5,3.0,2.4,Không đạt
SV2601482,Ngôn ngữ Anh,Nữ,31-40,Có,Kết hợp,Đà Nẵng,Máy tính,2026-02-04,56,840,0.731,10,6.7,5,18.4,9.8,7.6,Đạt
SV2602091,Quản trị kinh doanh,Nam,23-30,Không,Trực tuyến,,Điện thoại,2026-02-12,24,77,0.413,6,3.4,0,3.1,5.6,4.9,Đạt
SV2602304,Kinh tế,Nam,23-30,Có,Trực tuyến,TP Hồ Chí Minh,Điện thoại,22/01/2026,39,749,0.206,4,6.8,3,16.3,6.0,5.0,Đạt
SV2602015,Luật,Nữ,18-22,Không,Trực tuyến,Hà Nội,Điện thoại,20/01/2026,77,1175,0.731,9,5.7,6,3.8,6.5,6.8,Đạt
SV2602197,Công nghệ thông tin,Nữ,23-30,Có,Trực tuyến,Nghệ An,Điện thoại,06/02/2026,59,1868,0.569,10,6.6,11,14.7,9.0,8.1,Đạt
SV2601360,Kế toán,Nam,23-30,Có,Kết hợp,TP Hồ Chí Minh,Điện thoại,2026-01-24,51,430,0.707,2,7.3,5,10.7,,3.7,Không đạt
SV2601129,Công nghệ thông tin,Nam,31-40,Có,Kết hợp,Hà Nội,Điện thoại,04/02/2026,17,99999,,7,6.4,3,37.2,5.9,8.0,Đạt
SV2601804,Kinh tế,Nữ,31-40,Không,Trực tuyến,Hà Nội,Máy tính,2026-02-14,59,835,0.94,10,9.7,3,8.9,6.9,7.7,Đạt
SV2602155,Ngôn ngữ Anh,Nam,18-22,Có,Trực tuyến,TP Hồ Chí Minh,Máy tính,01/02/2026,35,577,0.224,5,6.8,2,5.8,4.9,5.2,Đạt
SV2601730, Quản trị kinh doanh ,Nữ,23-30,Không,Trực tuyến,Hưng Yên,Điện thoại,24-01-2026,24,891,0.341,10,6.6,4,6.6,5.0,4.6,Đạt
SV2601477,Công nghệ thông tin,Nam,23-30,Có,Trực tuyến,Bắc Ninh,,25/01/2026,34,412,0.383,4,5.1,0,46.1,3.5,3.5,Không đạt
SV2602224,Công nghệ thông tin,Nữ,31-40,Có,Kết hợp,Hà Nội,Máy tính,2026-02-15,14,933,0.277,9,5.1,1,7.4,2.9,3.1,Không đạt
SV2600066,Ngôn ngữ Anh,Nữ,18-22,Không,Trực tuyến,Nghệ An,Điện thoại,01-02-2026,58,1201,0.718,10,5.4,3,1.2,7.4,7.2,Đạt
SV2600904,Ngôn ngữ Anh,Nữ,31-40,Có,Trực tuyến,Hà Nội,Điện thoại,2026-02-03,18,736,0.453,6,6.7,3,26.5,6.9,6.4,Đạt
SV2602550,Du lịch,Nữ,18-22,Không,Trực tuyến,Bắc Ninh,Điện thoại,07-02-2026,40,1138,0.608,5,5.0,3,12.6,5.8,7.2,Đạt
SV2602648, Du lịch ,Nam,18-22,Không,Trực tuyến,TP Hồ Chí Minh,Máy tính,2026-02-15,39,1086,0.677,8,6.8,1,8.6,5.5,7.2,Đạt
SV2602433,Công nghệ thông tin,Nữ,18-22,Không,Trực tuyến,Quảng Ninh,Máy tính,2026-01-25,48,734,0.6,5,6.4,6,19.8,7.4,5.4,Đạt
SV2600368,Quản trị kinh doanh,Nam,23-30,Không,Kết hợp,Thanh Hóa,Điện thoại,2026-02-12,27,643,0.459,9,8.0,5,3.1,6.3,5.6,Đạt
SV2600352,Kinh tế,Nữ,23-30,Không,Kết hợp,TP Hồ Chí Minh,Điện thoại,29-01-2026,23,821,0.563,5,6.2,1,67.3,4.6,2.9,Không đạt
SV2602115,Kinh tế,nam,18-22,Có,Kết hợp,TP Hồ Chí Minh,Điện thoại,15/02/2026,36,634,0.608,5,8.1,2,20.4,5.8,6.5,Đạt
SV2600920,Du lịch,Nam,18-22,Có,Trực tuyến,Đồng Nai,Máy tính bảng,2026-01-23,29,723,0.625,6,7.6,2,15.7,6.6,7.5,Đạt
SV2602487,Kinh tế,Nữ,23-30,Có,Trực tuyến,Quảng Ninh,Điện thoại,02/02/2026,53,815,0.769,7,9.0,6,70.5,4.8,8.5,Đạt
SV2600954,Kinh tế,Nữ,18-22,Không,Trực tuyến,Đà Nẵng,Điện thoại,2026-02-02,35,992,0.77,5,9.2,10,0.9,8.4,8.8,Đạt
SV2601969,Quản trị kinh doanh,Nữ,23-30,Có,Trực tuyến,Bắc Ninh,Máy tính,2026-01-23,19,398,0.0,7,4.5,1,8.5,,2.9,Không đạt
SV2600353,Luật,Nam,23-30,Có,Trực tuyến,Hải Phòng,Máy tính,2026-02-07,33,1039,0.47,5,"8,2",5,9.3,5.5,6.0,Đạt
SV2601423,Du lịch,Nam,31-40,Không,Trực tuyến,Khánh Hòa,Máy tính,07/02/2026,42,890,0.444,4,5.1,1,32.0,4.7,3.5,Không đạt
SV2601697,Ngôn ngữ Anh,Nam,23-30,Không,Trực tuyến,TP Hồ Chí Minh,Điện thoại,2026-02-11,31,804,0.772,2,7.1,3,26.7,6.1,5.2,Đạt
SV2600834,Công nghệ thông tin,Nữ,23-30,Có,Trực tuyến,Bắc Ninh,Điện thoại,2026-02-03,24,764,0.423,7,7.2,1,2.7,7.6,6.1,Đạt
SV2601510,Ngôn ngữ Anh,Nam,18-22,Có,Trực tuyến,TP Hồ Chí Minh,Máy tính,02/02/2026,38,818,0.634,10,7.2,4,15.2,8.7,8.0,Đạt
SV2602014,Luật,Nam,18-22,Không,Kết hợp,TP Hồ Chí Minh,Điện thoại,09-02-2026,37,545,0.536,6,5.8,2,4.9,5.5,5.3,Đạt
SV2601561,Kinh tế,nữ,18-22,Không,Trực tuyến,Hà Nội,Điện thoại,2026-02-10,57,1531,0.757,7,7.0,1,20.9,6.7,7.8,Đạt
SV2600414,Du lịch,Nam,18-22,Không,Trực tuyến,Đà Nẵng,Máy tính,29/01/2026,26,393,0.273,7,"5,0",2,17.4,6.1,2.7,Không đạt
SV2600278,Công nghệ thông tin,Nam,23-30,Không,Kết hợp,Hà Nội,Máy tính,2026-02-13,25,833,0.495,10,5.3,0,25.4,4.1,4.9,Đạt
SV2600531,Kinh tế,Nam,23-30,Không,Trực tuyến,Lâm Đồng,Máy tính,01-02-2026,48,1159,0.681,0,0.0,1,1.1,3.2,4.0,Đạt
SV2602047,Công nghệ thông tin,Nam,18-22,Không,Kết hợp,Hà Nội,Máy tính bảng,2026-01-21,42,519,0.839,10,7.0,4,8.3,10.0,8.7,Đạt
SV2602604, Công nghệ thông tin ,Nữ,31-40,Có,Trực tuyến,Lâm Đồng,Máy tính,2026-01-25,40,811,0.674,5,4.5,1,19.9,2.0,4.7,Đạt
SV2600766,Kinh tế,Nữ,31-40,Có,Trực tuyến,Hà Nội,Máy tính bảng,01/02/2026,27,965,0.318,8,8.1,2,7.6,7.2,4.5,Đạt
SV2602845,Du lịch,Nữ,23-30,Không,Trực tuyến,,Máy tính,2026-01-26,32,1046,,10,6.8,1,31.2,5.3,5.0,Đạt
SV2601626,Công nghệ thông tin,Nam,18-22,Có,Trực tuyến,Đồng Nai,Máy tính,2026-02-16,34,1100,0.472,8,7.0,1,10.6,4.6,5.5,Đạt
SV2600307,Công nghệ thông tin,Nữ,18-22,Không,Trực tuyến,Hà Nội,Máy tính,2026-02-13,44,1196,0.528,10,4.7,5,5.8,6.5,6.6,Đạt
SV2600267,Ngôn ngữ Anh,Nữ,18-22,Không,Kết hợp,Nghệ An,Điện thoại,31/01/2026,41,1073,0.34,7,6.4,2,17.2,6.4,5.2,Đạt
SV2602954,Kế toán,Nữ,31-40,Có,Trực tuyến,Khánh Hòa,Máy tính,02-02-2026,63,1290,1.0,10,7.6,10,2.3,6.9,8.5,Đạt
SV2601121,Quản trị kinh doanh,Nữ,Trên 40,Có,Trực tuyến,TP Hồ Chí Minh,Máy tính,20/01/2026,39,926,0.721,10,6.6,3,8.8,5.4,6.5,Đạt
SV2600276,Công nghệ thông tin,Nam,18-22,Không,Kết hợp,Đồng Nai,Điện thoại,30-01-2026,49,943,0.461,10,"6,1",9,23.7,3.5,3.8,Không đạt
SV2601483,Ngôn ngữ Anh,Nữ,31-40,Có,Kết hợp,Nghệ An,Điện thoại,2026-02-14,13,573,0.623,8,8.1,4,17.7,6.7,4.7,Đạt
SV2602515,Kế toán,Nữ,23-30,Không,Trực tuyến,Bình Dương,Điện thoại,2026-01-29,65,725,0.575,8,5.4,2,8.6,4.3,4.7,Đạt
SV2600864,Kế toán,Nữ,18-22,Có,Trực tuyến,Thái Nguyên,Máy tính,09-02-2026,23,770,0.449,4,6.0,1,13.8,5.9,6.2,Đạt
SV2601668,Du lịch,Nữ,23-30,Có,Trực tuyến,TP Hồ Chí Minh,Máy tính bảng,14/02/2026,13,20,0.229,4,2.9,0,34.1,1.4,0.0,Không đạt
SV2600233,Luật,Nam,18-22,Có,Trực tuyến,Hưng Yên,Máy tính,2026-01-26,30,387,0.208,4,7.3,2,10.5,,4.3,Đạt
SV2602273,Công nghệ thông tin,Nam,23-30,Có,Kết hợp,Nghệ An,Máy tính,31/01/2026,45,1066,0.829,6,6.5,2,20.0,9.1,7.8,Đạt
SV2602266,Kinh tế,Nam,18-22,Không,Trực tuyến,Hà Nội,Máy tính,31/01/2026,-1,1227,0.755,7,7.0,2,9.4,9.5,9.1,Đạt
SV2601166,Du lịch,Nữ,18-22,Không,Trực tuyến,Hải Phòng,Điện thoại,2026-02-06,42,1314,0.417,8,5.7,2,29.1,8.1,6.1,Đạt
SV2600301,Công nghệ thông tin,Nữ,18-22,Không,Trực tuyến,Bắc Ninh,Máy tính,14-02-2026,72,1402,0.893,9,7.4,10,8.6,8.4,10.0,Đạt
SV2600293,Kinh tế,Nam,31-40,Không,Trực tuyến,TP Hồ Chí Minh,Điện thoại,2026-01-22,46,600,0.652,5,4.4,2,22.5,5.6,6.4,Đạt
SV2601454,Quản trị kinh doanh,Nữ,23-30,Có,Trực tuyến,TP Hồ Chí Minh,Điện thoại,2026-02-14,51,461,0.7,8,7.1,3,4.6,6.8,8.6,Đạt
SV2602708,Kinh tế,Nữ,31-40,Không,Trực tuyến,Hà Nội,Điện thoại,12/02/2026,49,1037,0.6,7,4.7,3,11.1,6.7,7.4,Đạt
SV2602253,Kinh tế,Nam,18-22,Có,Trực tuyến,Thanh Hóa,Điện thoại,2026-02-13,27,741,0.634,8,5.9,2,49.6,6.8,5.2,Đạt
SV2600853,Công nghệ thông tin,Nữ,Trên 40,Có,Kết hợp,Hải Phòng,Máy tính,2026-01-27,52,1268,0.816,10,9.9,7,11.8,7.8,6.7,Đạt
SV2602070,Du lịch,Nam,31-40,Có,Kết hợp,Bắc Ninh,Máy tính bảng,2026-01-26,32,1167,0.643,8,6.4,2,24.2,6.1,6.4,Đạt
SV2602889,Quản trị kinh doanh,Nam,18-22,Không,Trực tuyến,Cần Thơ,Máy tính,2026-02-01,52,1133,0.772,7,7.3,4,7.3,4.7,5.7,Đạt
SV2601526,Công nghệ thông tin,Nam,23-30,Có,Trực tuyến,Hà Nội,Máy tính,2026-02-03,41,634,0.413,8,6.1,2,5.6,4.3,6.4,Đạt
SV2602650,Kế toán,Nam,23-30,Có,Kết hợp,TP Hồ Chí Minh,Điện thoại,2026-01-21,57,918,0.881,6,7.4,4,1.3,7.6,7.5,Đạt
SV2601927,Quản trị kinh doanh,Nữ,18-22,Không,Kết hợp,Bắc Ninh,Máy tính,08-02-2026,26,741,0.641,5,6.6,4,2.8,5.8,3.4,Không đạt
SV2600843,Kế toán,Nam,31-40,Không,Kết hợp,Hà Nội,Máy tính,06-02-2026,36,1059,0.435,5,7.7,2,17.8,5.4,4.4,Đạt
SV2601275,Công nghệ thông tin,Nữ,23-30,Có,Trực tuyến,Bình Dương,Điện thoại,2026-02-05,29,585,0.69,7,5.6,5,8.0,5.4,7.2,Đạt
SV2600756,Kinh tế,Nam,18-22,Không,Trực tuyến,Quảng Ninh,Điện thoại,2026-02-07,42,1057,0.626,10,7.1,3,4.3,6.5,8.0,Đạt
SV2600602,Công nghệ thông tin,Nữ,23-30,Có,Kết hợp,Thanh Hóa,Điện thoại,2026-02-16,41,1113,0.739,4,5.7,3,5.5,7.8,6.6,Đạt
SV2602238,Công nghệ thông tin,Nữ,23-30,Có,Kết hợp,Hải Phòng,Điện thoại,2026-01-26,66,849,0.48,8,5.0,4,10.1,6.2,6.5,Đạt
SV2601732,Kế toán,Nam,18-22,Không,Kết hợp,Nghệ An,Máy tính,2026-02-10,50,1125,0.72,5,5.0,4,11.2,6.4,6.3,Đạt
SV2602633,Công nghệ thông tin,Nữ,18-22,Không,Trực tuyến,Hưng Yên,Máy tính,2026-01-29,21,20,,5,6.2,0,23.6,4.3,0.9,Không đạt
SV2601805,Kế toán,Nam,18-22,Không,Trực tuyến,Thanh Hóa,Điện thoại,06/02/2026,46,734,0.534,2,5.5,3,10.8,4.5,4.3,Đạt
SV2601112,Kinh tế,Nam,18-22,Không,Trực tuyến,Hải Phòng,Máy tính,23/01/2026,24,408,0.614,7,8.2,2,9.0,5.5,6.8,Đạt
SV2601777,Kinh tế,Nam,31-40,Không,Trực tuyến,Hà Nội,Máy tính,23/01/2026,55,1129,1.0,10,8.9,7,5.3,7.3,9.8,Đạt
SV2600891, Luật ,Nam,18-22,Không,Trực tuyến,Thanh Hóa,Máy tính,06/02/2026,36,1401,0.81,5,9.0,5,8.0,7.4,10.0,Đạt
SV2600633,Quản trị kinh doanh,Nam,31-40,CO,Trực tuyến,Đà Nẵng,Máy tính bảng,06/02/2026,51,1288,0.996,10,7.5,2,28.5,9.5,10.0,Đạt
SV2601434,Công nghệ thông tin,Nam,18-22,Không,Trực tuyến,TP Hồ Chí Minh,,2026-02-13,46,952,0.692,8,8.9,6,1.0,5.7,6.6,Đạt
SV2600068,Công nghệ thông tin,Nam,18-22,Không,Trực tuyến,Khánh Hòa,Máy tính,2026-02-13,42,927,0.656,6,7.0,3,2.9,6.1,7.0,Đạt
SV2600428, Công nghệ thông tin ,Nam,23-30,Có,Trực tuyến,Bắc Ninh,Máy tính,2026-02-11,25,871,0.877,6,6.3,4,1.7,6.1,6.6,Đạt
SV2600372,Du lịch,Nam,23-30,Có,Trực tuyến,Hưng Yên,Máy tính,2026-02-16,48,1980,0.908,10,8.8,9,10.9,7.6,9.6,Đạt
SV2601397,Kế toán,Nam,18-22,Không,Trực tuyến,Hà Nội,Điện thoại,2026-02-02,40,623,0.642,7,4.0,3,2.6,5.8,6.6,Đạt
SV2602338,Công nghệ thông tin,Nam,18-22,Không,Trực tuyến,Đà Nẵng,Máy tính,13/02/2026,34,702,0.797,4,3.2,6,8.9,3.3,3.8,Không đạt
SV2601410,Ngôn ngữ Anh,Nữ,23-30,Có,Kết hợp,Hải Phòng,Máy tính,27-01-2026,41,1160,0.753,8,4.8,4,16.5,4.7,5.9,Đạt
SV2600235,Công nghệ thông tin,Nam,23-30,Không,Kết hợp,Hà Nội,Điện thoại,2026-01-23,13,215,0.532,9,7.3,1,1.9,6.5,6.8,Đạt
SV2600451,Kế toán,Nam,18-22,KHONG,Kết hợp,Thanh Hóa,Điện thoại,07-02-2026,16,685,0.293,5,5.9,0,12.5,4.1,1.1,Không đạt
SV2600813,Quản trị kinh doanh,Nữ,31-40,Có,Trực tuyến,Thái Nguyên,Máy tính,2026-01-21,46,1643,0.82,10,10.0,4,8.3,9.2,9.1,Đạt
SV2601257,Công nghệ thông tin,Nữ,23-30,Không,Trực tuyến,Hưng Yên,Điện thoại,2026-02-08,50,932,,5,5.7,3,9.1,6.6,6.0,Đạt
SV2601381,Kinh tế,Nam,31-40,Có,Trực tuyến,Hà Nội,Máy tính,24-01-2026,9,568,,4,5.3,1,25.4,3.7,1.0,Không đạt
SV2601987,Quản trị kinh doanh,Nữ,18-22,Không,Trực tuyến,Hà Nội,Máy tính,2026-02-16,35,843,0.528,7,7.4,5,1.5,4.6,7.4,Đạt
SV2602078,Công nghệ thông tin,Khác,31-40,Không,Trực tuyến,TP Hồ Chí Minh,Điện thoại,08/02/2026,39,1077,0.616,10,8.0,7,3.5,7.6,8.0,Đạt
SV2602899,Du lịch,Nữ,23-30,Có,Trực tuyến,Hải Phòng,Máy tính,21/01/2026,52,1133,0.551,10,7.1,6,2.4,,8.4,Đạt
SV2601541,Kinh tế,Nam,18-22,Có,Trực tuyến,Hà Nội,Máy tính,22/01/2026,18,405,0.516,4,"3,8",1,18.4,2.9,3.3,Không đạt
SV2602306,Công nghệ thông tin,Nữ,31-40,Có,Trực tuyến,Thanh Hóa,Máy tính,2026-01-31,1,20,0.363,6,2.1,2,14.5,1.7,1.3,Không đạt
SV2601411,Kinh tế,Nam,18-22,Không,Trực tuyến,Hà Nội,Máy tính,2026-02-01,77,1638,1.0,10,10.0,3,3.7,10.0,10.0,Đạt
SV2601327,Luật,Nam,23-30,Không,Trực tuyến,Bắc Ninh,Máy tính bảng,2026-02-08,35,1367,0.592,7,8.2,3,23.4,7.2,6.7,Đạt
SV2601466,Kinh tế,Nam,31-40,Có,Trực tuyến,Hà Nội,Điện thoại,21/01/2026,29,779,,6,4.5,4,28.0,5.4,7.5,Đạt
SV2600616,Quản trị kinh doanh,Nữ,18-22,Không,Trực tuyến,TP Hồ Chí Minh,Máy tính,10-02-2026,59,1149,1.0,10,6.9,6,3.6,7.0,9.9,Đạt
SV2600083,Du lịch,Khác,18-22,Không,Trực tuyến,Hải Phòng,Điện thoại,13/02/2026,48,988,0.635,9,3.4,3,7.5,5.4,7.0,Đạt
SV2600491,Du lịch,Nam,18-22,Không,Trực tuyến,Hải Phòng,Máy tính,2026-01-20,31,1207,0.279,5,6.7,2,19.8,6.7,5.1,Đạt
SV2600388,Ngôn ngữ Anh,Nam,23-30,Có,Trực tuyến,Hưng Yên,Máy tính,03-02-2026,24,642,0.355,6,6.0,3,8.4,4.6,5.3,Đạt
SV2600608,Ngôn ngữ Anh,Nữ,18-22,Không,Trực tuyến,TP Hồ Chí Minh,Máy tính,29-01-2026,23,357,0.434,7,4.3,0,4.1,3.2,5.0,Đạt
SV2602698,Công nghệ thông tin,Nữ,18-22,Có,Trực tuyến,Khánh Hòa,Điện thoại,2026-02-16,62,1469,0.91,6,7.7,7,18.0,7.0,7.7,Đạt
SV2602157,Quản trị kinh doanh,Nam,18-22,Không,Trực tuyến,Đà Nẵng,Điện thoại,13-02-2026,26,1162,0.28,3,5.6,1,20.3,7.1,3.1,Không đạt
SV2602360,Luật,Nữ,23-30,Có,Trực tuyến,Hà Nội,Máy tính,2026-01-21,30,1285,0.521,8,7.0,3,62.9,6.5,7.9,Đạt
SV2602731,Kinh tế,Nữ,18-22,Không,Kết hợp,Thái Nguyên,Máy tính,23/01/2026,42,1033,0.631,8,4.6,1,4.9,3.8,3.6,Không đạt
SV2602320,Quản trị kinh doanh,Nữ,23-30,Có,Trực tuyến,Hải Phòng,Điện thoại,10-02-2026,36,924,0.742,8,5.6,3,6.8,4.3,7.8,Đạt
SV2602832, Quản trị kinh doanh ,Nữ,31-40,Có,Trực tuyến,Hà Nội,Điện thoại,2026-02-11,4,458,0.587,6,5.1,1,27.6,3.1,5.8,Đạt
SV2601724,Công nghệ thông tin,Nam,18-22,Không,Trực tuyến,Khánh Hòa,Máy tính,2026-01-31,35,755,0.459,7,6.4,3,6.0,8.3,6.4,Đạt
SV2601399,Công nghệ thông tin,Nữ,18-22,Không,Kết hợp,Hải Phòng,Điện thoại,13/02/2026,24,504,0.098,6,4.5,1,21.2,4.0,1.3,Không đạt
SV2600975,Du lịch,Nam,31-40,Không,Trực tuyến,Thanh Hóa,Máy tính,2026-02-16,30,610,0.379,3,6.7,2,12.9,5.3,3.9,Không đạt
SV2600238,Công nghệ thông tin,Nữ,18-22,Không,Kết hợp,TP Hồ Chí Minh,Máy tính,2026-01-27,42,1063,0.76,6,7.8,8,9.7,6.3,6.7,Đạt
SV2602414,Quản trị kinh doanh,nữ,18-22,Có,Kết hợp,Bình Dương,Máy tính,2026-02-14,24,1072,0.459,3,6.3,4,11.0,4.4,2.8,Không đạt
SV2601441, Ngôn ngữ Anh ,Nữ,23-30,Không,Trực tuyến,Thanh Hóa,Điện thoại,2026-01-20,25,744,0.546,8,7.3,0,34.4,,5.2,Đạt
SV2602391,Quản trị kinh doanh,Nam,18-22,Không,Kết hợp,Thanh Hóa,Máy tính,01/02/2026,39,1127,0.809,10,9.1,8,6.6,9.8,8.4,Đạt
SV2601484,Luật,Nam,18-22,Không,Kết hợp,Hà Nội,Máy tính,2026-02-10,33,1137,0.667,8,7.1,3,20.7,5.6,3.3,Không đạt
SV2600351,Công nghệ thông tin,Nam,23-30,Có,Trực tuyến,Bắc Ninh,Máy tính bảng,28-01-2026,53,808,0.847,7,8.4,1,22.7,6.1,8.5,Đạt
SV2601252,Kinh tế,Nữ,23-30,Có,Kết hợp,TP Hồ Chí Minh,Máy tính,28/01/2026,14,1016,0.861,5,8.2,3,3.3,6.1,7.1,Đạt
SV2601109,Công nghệ thông tin,Nữ,31-40,Có,Trực tuyến,Bình Dương,Máy tính,2026-01-20,25,939,0.545,5,5.9,0,12.0,4.8,5.3,Đạt
SV2600119,Công nghệ thông tin,Nữ,18-22,Có,Trực tuyến,Bắc Ninh,Máy tính,23/01/2026,27,690,0.66,4,5.5,2,62.4,6.7,4.6,Đạt
SV2600412,Quản trị kinh doanh,Nữ,18-22,Không,Trực tuyến,Hà Nội,Điện thoại,10/02/2026,52,1105,0.579,10,6.2,2,6.4,5.6,6.8,Đạt
SV2602795,Công nghệ thông tin,Nam,Trên 40,Có,Trực tuyến,Bình Dương,Điện thoại,2026-02-06,74,1652,,10,10.0,5,11.1,10.0,10.0,Đạt
SV2601976,Kế toán,Nữ,31-40,Có,Trực tuyến,Thanh Hóa,Máy tính,2026-01-21,23,929,0.474,7,4.1,1,4.9,3.1,5.7,Đạt
SV2602968,Quản trị kinh doanh,nữ,18-22,Không,Trực tuyến,TP Hồ Chí Minh,Máy tính,2026-01-22,21,1215,0.774,9,6.7,5,4.2,7.0,7.5,Đạt
SV2600504,Luật,Nam,23-30,Có,Trực tuyến,Hưng Yên,Máy tính,2026-01-30,16,669,0.803,4,6.8,4,17.4,7.4,6.2,Đạt
SV2600140,Công nghệ thông tin,Nam,31-40,Có,Trực tuyến,Hà Nội,Điện thoại,01-02-2026,38,1026,0.706,7,6.6,2,7.1,4.3,5.5,Đạt
SV2600821,Ngôn ngữ Anh,Nam,23-30,Có,Trực tuyến,Hà Nội,Điện thoại,01/02/2026,28,552,0.517,7,5.0,4,28.2,5.0,7.0,Đạt
SV2600656,Kinh tế,Nam,18-22,Không,Trực tuyến,TP Hồ Chí Minh,Máy tính,2026-02-16,53,742,0.322,10,6.6,4,5.0,6.2,6.6,Đạt
SV2601608,Công nghệ thông tin,Nam,18-22,Không,Trực tuyến,Đà Nẵng,Điện thoại,2026-01-29,20,716,0.496,5,4.7,0,9.2,5.0,3.6,Không đạt
SV2601954,Công nghệ thông tin,Nữ,18-22,Không,Trực tuyến,Khánh Hòa,Điện thoại,2026-02-02,45,1325,0.521,9,7.0,7,3.0,,8.8,Đạt
SV2602690,Ngôn ngữ Anh,Nữ,18-22,Không,Kết hợp,Thái Nguyên,Máy tính,12/02/2026,25,99999,0.756,9,7.3,1,5.6,,5.2,Đạt
SV2602502,Du lịch,Nam,23-30,Không,Kết hợp,Hưng Yên,Máy tính,10-02-2026,25,743,0.43,7,8.1,2,3.2,,6.5,Đạt
SV2602136,Kế toán,Nữ,31-40,Có,Trực tuyến,TP Hồ Chí Minh,Máy tính,20-01-2026,45,1301,0.358,8,9.0,4,23.2,5.1,5.8,Đạt
SV2601630,Quản trị kinh doanh,Nữ,23-30,KHONG,Trực tuyến,Hà Nội,Máy tính,2026-01-23,29,1094,0.41,7,6.3,4,9.1,3.6,6.9,Đạt
SV2600993,Quản trị kinh doanh,Nam,23-30,Không,Trực tuyến,Nghệ An,Điện thoại,23/01/2026,32,737,0.493,5,6.4,1,12.0,6.7,8.4,Đạt
SV2601859,Công nghệ thông tin,Nam,18-22,Không,Kết hợp,TP Hồ Chí Minh,Điện thoại,2026-01-23,40,1431,,7,5.9,4,25.3,5.7,4.0,Đạt
SV2600260,Công nghệ thông tin,Nam,31-40,Có,Trực tuyến,Thái Nguyên,Máy tính,13-02-2026,23,498,0.685,6,5.5,0,3.6,5.6,7.6,Đạt
SV2600607,Công nghệ thông tin,Nam,23-30,Không,Trực tuyến,Hà Nội,Máy tính,2026-02-16,44,1150,0.923,3,6.8,4,26.5,9.2,7.1,Đạt
SV2602496,Công nghệ thông tin,Nam,23-30,Có,Kết hợp,Bắc Ninh,Điện thoại,2026-02-15,34,565,0.74,9,5.6,1,6.5,7.9,7.8,Đạt
SV2602368,Luật,Nam,23-30,Không,Trực tuyến,Hà Nội,Điện thoại,2026-02-12,61,1150,0.658,10,8.2,5,8.0,9.6,9.1,Đạt
SV2601391,Quản trị kinh doanh,Nữ,31-40,Có,Trực tuyến,Hải Phòng,Máy tính,06-02-2026,10,20,0.3,1,2.6,0,74.6,0.5,0.0,Không đạt
SV2602692,Ngôn ngữ Anh,Nữ,Trên 40,Có,Trực tuyến,Hà Nội,Máy tính,2026-02-16,39,905,0.199,5,6.5,3,12.4,6.1,4.8,Đạt
SV2601331,Kế toán,Nữ,23-30,Có,Trực tuyến,Bắc Ninh,Máy tính,15-02-2026,28,828,0.352,4,3.5,0,10.0,0.3,2.2,Không đạt
SV2602822,Du lịch,Nữ,18-22,Không,Trực tuyến,Hà Nội,Máy tính,2026-01-29,56,1169,0.611,10,9.4,4,4.5,7.0,6.9,Đạt
SV2602402,Công nghệ thông tin,Nữ,18-22,Không,Kết hợp,TP Hồ Chí Minh,Điện thoại,2026-02-14,31,547,0.625,7,6.2,7,2.6,6.9,7.1,Đạt
SV2602307,Kế toán,Nam,18-22,KHONG,Trực tuyến,Hà Nội,Điện thoại,22/01/2026,14,894,0.135,4,5.6,2,14.9,,2.4,Không đạt
SV2602002,Công nghệ thông tin,Nữ,18-22,Có,Trực tuyến,Đà Nẵng,Máy tính,2026-02-15,25,746,,7,8.0,2,50.3,6.8,4.7,Đạt
SV2600490,Du lịch,Nữ,31-40,Có,Kết hợp,Bắc Ninh,Máy tính,2026-01-20,40,739,0.611,8,7.4,4,12.5,,6.4,Đạt
SV2600910,Kinh tế,Nam,18-22,Không,Kết hợp,Hà Nội,Máy tính,2026-01-27,43,1504,0.976,6,7.3,2,7.8,6.9,8.3,Đạt
SV2601813,Du lịch,Nam,18-22,Không,Trực tuyến,,Máy tính,2026-02-09,14,1130,0.545,8,7.2,5,17.4,6.4,5.9,Đạt
SV2601285,Công nghệ thông tin,Nữ,18-22,Không,Kết hợp,Hà Nội,Điện thoại,2026-02-16,37,1032,0.868,8,8.4,4,4.1,4.4,5.7,Đạt
SV2602171,Ngôn ngữ Anh,Nữ,23-30,Có,Kết hợp,Đồng Nai,Điện thoại,16-02-2026,13,86,0.0,3,3.5,1,10.5,4.0,0.0,Không đạt
SV2600794,Du lịch,Nam,31-40,Không,Trực tuyến,Hà Nội,Điện thoại,2026-01-27,1,640,0.251,8,4.9,2,7.6,6.8,5.9,Đạt
SV2601989,Công nghệ thông tin,Nữ,Trên 40,Không,Trực tuyến,Cần Thơ,Máy tính,2026-02-03,31,906,0.515,5,8.1,2,5.7,6.2,6.5,Đạt
SV2600685,Công nghệ thông tin,Nữ,18-22,Có,Trực tuyến,Hà Nội,Máy tính,04/02/2026,20,1043,0.901,8,5.5,1,20.7,,8.0,Đạt
SV2602644,Du lịch,nữ,Trên 40,Có,Trực tuyến,Đồng Nai,Máy tính,2026-02-08,33,414,0.421,4,6.1,2,47.0,6.1,3.5,Không đạt
SV2601557,Công nghệ thông tin,Nam,Trên 40,Có,Kết hợp,Nghệ An,Điện thoại,29/01/2026,50,536,0.666,10,9.8,3,12.2,9.6,8.1,Đạt
SV2600911,Công nghệ thông tin,Nữ,18-22,Có,Kết hợp,Hà Nội,Điện thoại,2026-02-12,33,998,0.704,5,9.6,2,25.8,5.8,7.1,Đạt
SV2602262,Công nghệ thông tin,Nam,18-22,Không,Kết hợp,Quảng Ninh,Máy tính,12/02/2026,60,1554,0.888,10,8.7,2,14.1,8.7,5.7,Đạt
SV2601078,Công nghệ thông tin,Nữ,31-40,Có,Trực tuyến,Quảng Ninh,Điện thoại,2026-01-23,45,743,0.63,10,8.0,2,6.5,7.6,7.9,Đạt
SV2602771,Quản trị kinh doanh,Nam,23-30,Có,Trực tuyến,Hưng Yên,Điện thoại,05/02/2026,26,755,0.606,8,5.2,5,2.0,6.1,6.3,Đạt
SV2601019,Quản trị kinh doanh,Nam,18-22,Có,Trực tuyến,Lâm Đồng,Máy tính,2026-02-05,5,914,,6,2.1,3,19.4,,2.9,Không đạt
SV2602315,Công nghệ thông tin,Nam,18-22,Có,Kết hợp,Hà Nội,Điện thoại,30-01-2026,42,614,0.378,3,4.7,1,8.9,4.1,2.1,Không đạt
SV2601281,Luật,Nữ,18-22,Có,Trực tuyến,,Điện thoại,02/02/2026,21,534,0.056,2,"5,8",1,12.7,3.2,2.2,Không đạt
SV2602425,Công nghệ thông tin,Nam,18-22,Không,Kết hợp,Quảng Ninh,Máy tính,01-02-2026,44,527,0.266,8,3.9,3,25.4,2.1,2.4,Không đạt
SV2601183,Công nghệ thông tin,Nữ,18-22,Không,Trực tuyến,Hải Phòng,Máy tính,2026-02-15,47,1203,0.769,7,7.9,5,27.3,8.0,6.5,Đạt
SV2602373,Du lịch,Nam,18-22,Không,Trực tuyến,Hà Nội,Máy tính,16-02-2026,40,55,0.322,2,6.1,2,18.6,5.3,4.8,Đạt
SV2600462,Ngôn ngữ Anh,Nam,31-40,Có,Trực tuyến,Thanh Hóa,Máy tính,28-01-2026,28,493,0.61,7,6.3,1,3.8,2.9,6.2,Đạt
SV2602038,Du lịch,Nam,18-22,Có,Trực tuyến,Hà Nội,Điện thoại,12/02/2026,40,165,0.0,4,2.3,0,27.0,5.5,1.4,Không đạt
SV2601066,Du lịch,Nữ,18-22,Không,Trực tuyến,Thanh Hóa,Máy tính,22-01-2026,21,958,0.602,6,5.2,2,4.8,7.6,7.5,Đạt
SV2600234,Quản trị kinh doanh,Nam,23-30,Có,Trực tuyến,Quảng Ninh,Điện thoại,2026-02-10,22,1512,0.992,8,7.4,4,5.9,9.0,10.0,Đạt
SV2601322,Công nghệ thông tin,Nữ,18-22,Không,Trực tuyến,Thanh Hóa,Điện thoại,2026-01-30,40,992,0.4,7,8.7,5,31.3,6.0,5.0,Đạt
SV2602321,Kinh tế,Nam,18-22,Không,Trực tuyến,Hà Nội,Điện thoại,2026-02-12,25,391,0.44,3,2.5,0,3.3,3.3,4.1,Đạt
SV2602598,Quản trị kinh doanh,Nữ,18-22,Có,Trực tuyến,Hà Nội,Máy tính,28/01/2026,15,269,0.161,4,5.4,0,13.8,5.5,4.1,Đạt
SV2600647,Kinh tế,Nam,18-22,Có,Kết hợp,Hưng Yên,Điện thoại,11-02-2026,20,763,0.527,4,4.2,2,14.7,3.9,2.1,Không đạt
SV2601861,Quản trị kinh doanh,Nữ,23-30,Có,Trực tuyến,TP Hồ Chí Minh,Máy tính,2026-01-29,32,491,0.253,2,6.1,0,15.0,6.6,4.8,Đạt
SV2601096,Quản trị kinh doanh,Nữ,31-40,Có,Trực tuyến,Khánh Hòa,Điện thoại,2026-02-10,44,1121,0.705,7,6.9,2,39.4,8.3,9.2,Đạt
SV2600529,Công nghệ thông tin,Nữ,Trên 40,Có,Trực tuyến,Bắc Ninh,Máy tính,09/02/2026,34,610,0.692,7,"4,6",2,2.1,6.9,7.2,Đạt
SV2601116,Công nghệ thông tin,Nam,18-22,Không,Kết hợp,Đà Nẵng,Máy tính bảng,04/02/2026,43,585,0.609,6,5.5,2,29.0,5.4,4.2,Đạt
SV2600551,Du lịch,Nữ,18-22,Không,Trực tuyến,Đồng Nai,Điện thoại,2026-02-12,67,1416,,9,10.0,8,4.1,6.7,7.2,Đạt
SV2600061,Kinh tế,Nữ,23-30,Có,Trực tuyến,Bắc Ninh,Điện thoại,05-02-2026,43,1300,0.422,8,8.2,4,18.6,7.6,7.6,Đạt
SV2602553,Quản trị kinh doanh,Nữ,23-30,Có,Trực tuyến,Hà Nội,Điện thoại,04-02-2026,30,548,0.796,10,7.7,4,1.1,5.2,9.3,Đạt
SV2600662,Kế toán,Nữ,18-22,Không,Trực tuyến,Hà Nội,Máy tính,22-01-2026,38,722,0.518,4,6.0,6,12.4,4.1,5.0,Đạt
SV2602977,Công nghệ thông tin,Nữ,23-30,Có,Trực tuyến,Hà Nội,Máy tính,2026-01-31,55,1038,0.947,10,7.1,6,15.3,6.4,8.5,Đạt
SV2601480,Kinh tế,Nam,18-22,Có,Kết hợp,Hà Nội,Máy tính,2026-02-15,67,906,0.75,8,8.7,7,7.8,6.3,8.9,Đạt
SV2602301,Luật,Nam,23-30,Có,Trực tuyến,Hà Nội,Điện thoại,03/02/2026,51,1274,1.0,8,9.0,10,1.7,9.8,10.0,Đạt
SV2601584,Kinh tế,Nữ,18-22,Không,Trực tuyến,Hà Nội,Máy tính,27-01-2026,49,1379,0.699,9,8.9,4,3.7,8.3,8.4,Đạt
SV2600031,Quản trị kinh doanh,Nam,23-30,Có,Kết hợp,Nghệ An,Máy tính,2026-01-28,17,301,0.515,5,5.3,1,35.5,5.2,4.8,Đạt
SV2601088,Ngôn ngữ Anh,Nam,23-30,Không,Trực tuyến,Đồng Nai,Máy tính,30/01/2026,55,848,0.865,10,5.6,3,22.7,8.7,8.7,Đạt
SV2600003,Quản trị kinh doanh,Nam,18-22,Không,Trực tuyến,Quảng Ninh,Điện thoại,01/02/2026,40,396,0.684,8,5.9,2,12.8,2.8,3.1,Không đạt
SV2602018,Công nghệ thông tin,Nam,23-30,Có,Trực tuyến,Thái Nguyên,Điện thoại,2026-02-11,47,1058,0.83,10,10.0,6,1.0,,10.0,Đạt
SV2601379,Công nghệ thông tin,Nữ,23-30,Có,Trực tuyến,Bắc Ninh,Máy tính,16-02-2026,38,885,0.665,8,7.3,5,3.1,6.7,9.9,Đạt
SV2600819,Công nghệ thông tin,Nam,18-22,Không,Trực tuyến,Bình Dương,Máy tính,2026-01-27,27,1008,0.536,4,6.7,0,0.6,3.4,4.6,Đạt
SV2600433,Công nghệ thông tin,Nữ,18-22,Có,Kết hợp,Khánh Hòa,Máy tính,2026-02-07,19,858,0.533,10,2.5,2,13.3,7.0,6.2,Đạt
SV2600096,Công nghệ thông tin,Nữ,23-30,Có,Trực tuyến,Hà Nội,Máy tính,2026-02-13,52,471,0.642,7,5.4,1,2.5,7.2,6.9,Đạt
SV2601945,Du lịch,Nữ,31-40,Không,Kết hợp,,Máy tính,2026-02-15,35,944,0.373,7,4.6,3,19.4,,3.5,Không đạt
SV2602336,Kinh tế,Nam,18-22,Không,Trực tuyến,Nghệ An,Máy tính,2026-02-02,67,1325,0.798,8,9.4,6,16.0,5.3,8.6,Đạt
SV2602956,Công nghệ thông tin,Nữ,23-30,Có,Trực tuyến,Bình Dương,Máy tính,23/01/2026,41,1371,0.734,6,4.9,4,9.7,6.9,7.8,Đạt
SV2602050,Kế toán,Nam,Trên 40,Có,Trực tuyến,TP Hồ Chí Minh,Máy tính,2026-02-06,53,1022,0.903,10,10.0,8,2.3,6.1,8.1,Đạt
SV2602270,Kinh tế,Nam,18-22,Không,Trực tuyến,Hà Nội,Máy tính,20/01/2026,48,1146,0.865,9,8.9,2,5.7,7.3,9.8,Đạt
SV2601174,Kinh tế,Nam,18-22,Không,Trực tuyến,Cần Thơ,Điện thoại,2026-02-12,47,1161,0.674,9,7.0,4,6.9,5.3,8.6,Đạt
SV2600615,Quản trị kinh doanh,Nam,23-30,Có,Trực tuyến,Thanh Hóa,Điện thoại,2026-01-22,75,1416,0.963,10,8.9,4,11.6,6.5,9.2,Đạt
SV2602127,Quản trị kinh doanh,Nữ,18-22,Có,Kết hợp,Hà Nội,Máy tính,07/02/2026,25,476,0.688,6,3.8,1,5.4,3.3,4.2,Đạt
SV2602314,Kế toán,Nữ,Trên 40,Có,Kết hợp,Hà Nội,Máy tính,03/02/2026,40,866,0.669,5,5.9,1,17.0,5.9,6.1,Đạt
SV2600953,Ngôn ngữ Anh,Nam,31-40,Có,Kết hợp,Hà Nội,Điện thoại,22/01/2026,36,407,0.426,7,6.2,2,17.6,3.3,5.2,Đạt
SV2600020,Công nghệ thông tin,Nam,18-22,Có,Trực tuyến,Quảng Ninh,Điện thoại,2026-02-16,47,900,0.82,9,7.0,4,7.6,4.6,6.2,Đạt
SV2602141,Luật,Nữ,23-30,Có,Kết hợp,Lâm Đồng,Điện thoại,2026-01-30,46,1442,0.412,9,7.6,4,3.1,6.5,6.7,Đạt
SV2601547,Luật,Nữ,23-30,Có,Trực tuyến,Hà Nội,Máy tính,2026-02-02,41,1365,0.821,10,7.0,5,11.6,6.9,10.0,Đạt
SV2600962,Công nghệ thông tin,nam,18-22,Không,Trực tuyến,,Máy tính,2026-02-13,44,765,0.682,7,7.5,0,1.4,6.2,6.6,Đạt
SV2601659,Du lịch,Nam,23-30,Không,Kết hợp,Hà Nội,Máy tính,2026-02-06,55,472,0.72,4,9.6,3,25.6,6.8,4.9,Đạt
SV2600852,Công nghệ thông tin,Nam,23-30,Không,Trực tuyến,Hà Nội,Máy tính,2026-02-15,43,1161,0.891,10,8.7,6,4.5,7.9,9.0,Đạt
SV2600692,Luật,Nam,Trên 40,Có,Trực tuyến,Hà Nội,Máy tính,08-02-2026,28,1275,0.652,10,4.7,0,5.4,5.9,7.1,Đạt
SV2602038,Du lịch,Nam,18-22,Có,Trực tuyến,Hà Nội,Điện thoại,12/02/2026,40,165,0.0,4,2.3,0,27.0,5.5,1.4,Không đạt
SV2600439,Ngôn ngữ Anh,Nữ,18-22,Không,Trực tuyến,Hà Nội,Máy tính,2026-02-14,44,741,0.702,7,7.4,4,3.3,8.1,9.5,Đạt
SV2602305,Luật,Nữ,31-40,Có,Kết hợp,Đồng Nai,Máy tính,29-01-2026,36,903,0.411,4,6.7,2,13.4,4.3,4.1,Đạt
SV2602039,Ngôn ngữ Anh,Nam,18-22,Có,Trực tuyến,Nghệ An,Máy tính,16/02/2026,14,834,0.569,4,7.2,3,21.9,5.1,6.3,Đạt
SV2602588,Kinh tế,Nữ,31-40,Có,Trực tuyến,TP Hồ Chí Minh,Điện thoại,2026-02-02,39,724,0.254,3,6.9,2,15.8,5.4,3.6,Không đạt
SV2602915,Quản trị kinh doanh,Nữ,23-30,Không,Trực tuyến,Thanh Hóa,Điện thoại,2026-02-03,66,781,0.721,9,8.0,2,16.5,4.8,6.8,Đạt
SV2601182,Du lịch,Nam,23-30,Có,Trực tuyến,Thanh Hóa,Điện thoại,08-02-2026,27,439,0.709,7,5.2,2,11.7,3.0,3.2,Không đạt
SV2600336,Ngôn ngữ Anh,Nam,31-40,Có,Kết hợp,Quảng Ninh,Máy tính,12-02-2026,37,567,0.37,8,"5,1",5,11.8,6.8,5.0,Đạt
SV2600530,Kinh tế,Nữ,23-30,Có,Kết hợp,Hà Nội,Máy tính,07/02/2026,17,806,0.537,6,5.2,2,31.9,5.8,6.2,Đạt
SV2600256,Công nghệ thông tin,Nữ,18-22,Có,Trực tuyến,Nghệ An,Điện thoại,2026-01-23,35,650,0.451,10,5.9,5,5.4,5.7,6.7,Đạt
SV2601445,Kế toán,nữ,18-22,Không,Trực tuyến,Bình Dương,Máy tính,31-01-2026,46,1288,0.588,7,7.7,4,5.7,9.1,8.6,Đạt
SV2600696,Luật,Nam,18-22,Không,Kết hợp,Hải Phòng,Máy tính,08/02/2026,17,1029,0.553,7,6.5,4,37.1,5.3,3.8,Không đạt
SV2600178,Quản trị kinh doanh,Nữ,18-22,Không,Trực tuyến,TP Hồ Chí Minh,Máy tính bảng,2026-01-20,37,985,0.579,6,7.1,5,3.6,6.8,9.0,Đạt
SV2602586,Công nghệ thông tin,Nam,18-22,Không,Trực tuyến,Hà Nội,Điện thoại,02-02-2026,51,1911,1.0,8,9.7,7,3.8,8.7,10.0,Đạt
SV2602117,Công nghệ thông tin,Nam,18-22,Không,Trực tuyến,Nghệ An,Điện thoại,2026-02-02,61,1494,0.938,9,10.0,7,0.7,8.4,10.0,Đạt
SV2601001,Du lịch,nam,18-22,Không,Kết hợp,Thanh Hóa,Máy tính,22-01-2026,30,718,0.654,5,6.5,5,35.2,3.8,1.9,Không đạt
SV2601937,Ngôn ngữ Anh,Nam,18-22,Có,Trực tuyến,Đồng Nai,Điện thoại,29/01/2026,12,594,0.492,2,6.8,1,18.1,5.4,2.9,Không đạt
SV2602408,Ngôn ngữ Anh,Nam,31-40,Có,Trực tuyến,Quảng Ninh,Máy tính,2026-01-28,29,923,,6,7.8,3,0.4,4.1,4.5,Đạt
SV2600846,Quản trị kinh doanh,Nữ,18-22,Có,Trực tuyến,Hải Phòng,Máy tính,2026-02-01,27,655,0.63,4,7.3,1,30.0,7.1,7.6,Đạt
SV2602738,Quản trị kinh doanh,Nam,18-22,Không,Trực tuyến,Lâm Đồng,Máy tính,2026-01-28,36,994,0.576,4,2.6,0,7.1,5.2,5.1,Đạt
SV2600838,Kinh tế,Nam,18-22,Không,Trực tuyến,Đồng Nai,Máy tính,26-01-2026,26,20,0.232,1,3.8,0,21.3,0.0,0.0,Không đạt
SV2601515,Luật,Nữ,18-22,Có,Trực tuyến,TP Hồ Chí Minh,Máy tính,20/01/2026,45,1225,0.909,7,7.4,3,6.8,9.2,8.3,Đạt
SV2602303,Luật,Nữ,18-22,Không,Trực tuyến,Thanh Hóa,Điện thoại,2026-01-20,30,233,0.291,7,"9,8",3,11.2,8.0,4.7,Đạt
SV2600210,Kinh tế,Nữ,18-22,Không,Kết hợp,Lâm Đồng,Điện thoại,03/02/2026,33,1044,0.562,10,7.9,2,8.7,8.6,7.7,Đạt
SV2601006,Công nghệ thông tin,Nữ,18-22,Không,Trực tuyến,Nghệ An,Máy tính,09-02-2026,60,1602,0.801,10,5.1,7,3.5,,10.0,Đạt
SV2601486,Ngôn ngữ Anh,Nữ,31-40,Có,Trực tuyến,Cần Thơ,Điện thoại,2026-01-26,28,567,0.359,5,3.4,2,17.9,6.0,4.3,Đạt
SV2602234,Ngôn ngữ Anh,Nam,18-22,Có,Kết hợp,Hà Nội,Máy tính,25/01/2026,50,1297,0.768,10,10.0,8,0.6,9.5,8.2,Đạt
SV2600081,Công nghệ thông tin,Nữ,18-22,Không,Trực tuyến,Quảng Ninh,Điện thoại,13-02-2026,16,907,0.536,4,6.5,2,13.5,4.5,4.8,Đạt
SV2602182,Quản trị kinh doanh,Nam,23-30,Không,Trực tuyến,Hà Nội,Máy tính bảng,2026-02-01,67,1436,0.981,10,10.0,9,11.6,7.4,8.8,Đạt
SV2601912,Công nghệ thông tin,Nữ,18-22,Có,Kết hợp,Thái Nguyên,Máy tính,24-01-2026,37,990,0.811,4,6.2,4,30.6,6.5,4.3,Đạt
SV2602369,Du lịch,Nam,31-40,Có,Trực tuyến,Bình Dương,Máy tính bảng,2026-02-05,31,401,0.492,6,6.3,8,12.7,4.9,6.7,Đạt
SV2602676,Công nghệ thông tin,Nữ,Trên 40,CO,Trực tuyến,TP Hồ Chí Minh,Điện thoại,2026-02-10,33,253,0.23,3,9.5,3,10.2,8.8,6.3,Đạt
SV2601960,Công nghệ thông tin,Nữ,23-30,Có,Trực tuyến,Cần Thơ,Máy tính,26-01-2026,35,852,0.735,6,7.1,4,2.5,5.7,9.6,Đạt
SV2600313,Kinh tế,Nam,18-22,Không,Kết hợp,Bắc Ninh,Máy tính,2026-01-28,37,465,0.277,5,6.6,3,35.0,4.7,0.7,Không đạt
SV2601067,Kinh tế,Nữ,23-30,Có,Trực tuyến,Nghệ An,Điện thoại,24/01/2026,50,1241,0.879,8,7.6,4,3.8,7.7,9.3,Đạt
SV2601273,Ngôn ngữ Anh,Nam,23-30,Có,Trực tuyến,Thái Nguyên,Máy tính,2026-02-09,44,699,0.429,6,4.9,3,10.9,4.0,5.0,Đạt
SV2602657,Luật,Nữ,23-30,Có,Trực tuyến,Hà Nội,Điện thoại,08/02/2026,21,836,0.437,4,5.8,1,89.3,4.6,4.7,Đạt
SV2600304,Công nghệ thông tin,Nam,23-30,Có,Trực tuyến,Hà Nội,Máy tính,2026-02-09,1,248,0.327,6,7.1,3,60.3,4.1,3.4,Không đạt
SV2601011, Kế toán ,Nam,23-30,Có,Trực tuyến,,Điện thoại,2026-01-24,19,560,0.544,1,6.4,0,9.4,3.6,3.9,Không đạt
SV2600922,Kế toán,Nữ,31-40,Có,Kết hợp,TP Hồ Chí Minh,Máy tính,24/01/2026,16,172,0.405,5,3.1,0,7.0,2.5,2.6,Không đạt
SV2600015,Quản trị kinh doanh,Nam,31-40,Có,Trực tuyến,Đồng Nai,Máy tính,2026-02-06,29,1022,0.884,10,8.2,2,32.7,6.2,8.7,Đạt
SV2601882,Kinh tế,Nam,18-22,Không,Trực tuyến,Bình Dương,Máy tính,2026-02-11,46,1248,0.717,4,"7,1",3,3.1,6.1,7.5,Đạt
SV2601641,Công nghệ thông tin,nam,23-30,Có,Trực tuyến,Thanh Hóa,Điện thoại,2026-02-08,31,301,0.515,3,5.4,0,17.0,4.2,3.2,Không đạt
SV2602653,Kinh tế,Nam,31-40,Có,Trực tuyến,TP Hồ Chí Minh,Máy tính,07/02/2026,39,950,0.535,5,8.2,3,23.9,7.7,8.0,Đạt
SV2601102,Luật,Nữ,18-22,Không,Kết hợp,Hải Phòng,Máy tính,2026-01-29,42,1165,0.986,8,9.2,5,9.5,8.2,7.6,Đạt
SV2602340,Công nghệ thông tin,Nam,18-22,Không,Kết hợp,Khánh Hòa,Máy tính,2026-02-08,21,558,0.766,10,5.5,0,13.0,3.7,3.4,Không đạt
SV2602134,Kinh tế,Nữ,23-30,Có,Kết hợp,TP Hồ Chí Minh,Máy tính,2026-01-22,52,1070,0.595,9,4.6,4,20.9,5.4,5.4,Đạt
SV2600713,Quản trị kinh doanh,Nam,18-22,Không,Trực tuyến,Thanh Hóa,Điện thoại,2026-01-28,42,684,0.804,9,6.8,4,27.1,5.1,4.8,Đạt
SV2601964,Công nghệ thông tin,Nữ,18-22,Không,Trực tuyến,Hà Nội,Máy tính,2026-01-20,44,1124,0.734,8,6.1,7,4.7,6.3,8.3,Đạt
SV2601175, Ngôn ngữ Anh ,Nam,31-40,Có,Trực tuyến,Thái Nguyên,Điện thoại,2026-02-16,49,1191,0.956,10,10.0,7,13.2,10.0,10.0,Đạt
SV2601829,Ngôn ngữ Anh,Nữ,18-22,Không,Trực tuyến,Lâm Đồng,Máy tính,21/01/2026,21,574,0.459,7,4.5,3,6.3,4.8,3.6,Không đạt
SV2601062,Công nghệ thông tin,nữ,31-40,Có,Trực tuyến,Bắc Ninh,Máy tính,2026-02-08,35,946,0.729,10,"7,2",7,7.2,7.1,7.2,Đạt
SV2602116,Công nghệ thông tin,Nam,23-30,Không,Trực tuyến,Hà Nội,Điện thoại,2026-02-04,53,1341,0.805,8,8.7,8,9.1,8.5,9.5,Đạt
SV2600994, Công nghệ thông tin ,Nam,Trên 40,Có,Trực tuyến,Lâm Đồng,Điện thoại,23/01/2026,67,1325,0.959,10,9.8,3,1.4,7.7,9.7,Đạt
SV2601916,Công nghệ thông tin,Nữ,18-22,Không,Trực tuyến,Hà Nội,Điện thoại,02-02-2026,25,842,0.659,6,4.9,2,5.4,5.1,6.7,Đạt
SV2601728,Công nghệ thông tin,Nam,31-40,Có,Trực tuyến,Hà Nội,Máy tính,2026-01-26,62,1426,0.868,10,8.6,9,2.0,,10.0,Đạt
SV2600658,Luật,Nam,31-40,CO,Kết hợp,Quảng Ninh,Điện thoại,07/02/2026,76,1459,0.831,6,8.3,4,5.2,7.2,7.1,Đạt
SV2600215,Ngôn ngữ Anh,Nữ,23-30,Có,Kết hợp,TP Hồ Chí Minh,Máy tính,2026-02-07,46,568,0.559,9,8.7,2,12.2,7.3,6.4,Đạt
SV2601656,Công nghệ thông tin,Nam,18-22,Không,Trực tuyến,Đồng Nai,Máy tính,2026-01-31,63,1691,0.683,6,6.5,3,3.8,8.7,7.8,Đạt
SV2602973,Công nghệ thông tin,Nam,18-22,Không,Kết hợp,Thái Nguyên,Máy tính,23/01/2026,39,1049,0.298,8,5.8,1,7.1,3.5,2.6,Không đạt
SV2601018,Quản trị kinh doanh,Nam,18-22,Không,Trực tuyến,Bắc Ninh,Điện thoại,03/02/2026,8,544,,4,7.0,1,1.9,0.0,3.4,Không đạt
SV2601796,Công nghệ thông tin,Nam,31-40,Có,Trực tuyến,Cần Thơ,Máy tính,2026-01-26,34,633,0.232,8,7.1,0,3.8,5.0,4.2,Đạt
SV2600188,Kế toán,Nam,18-22,Không,Trực tuyến,TP Hồ Chí Minh,Điện thoại,2026-02-16,26,684,0.817,7,6.0,5,2.6,7.8,9.1,Đạt
SV2600403,Luật,Nữ,18-22,Không,Kết hợp,Hà Nội,Điện thoại,2026-02-09,9,677,0.523,4,5.8,2,6.5,3.0,4.4,Đạt
SV2601442,Công nghệ thông tin,Nữ,23-30,Không,Kết hợp,Hà Nội,Máy tính,05/02/2026,56,866,0.536,6,6.7,4,8.3,6.7,6.1,Đạt
SV2600295,Luật,Nữ,31-40,Có,Trực tuyến,Nghệ An,Máy tính,07/02/2026,23,171,0.598,4,5.5,0,1.5,4.4,5.1,Đạt
SV2600396,Kế toán,Khác,31-40,Có,Trực tuyến,Hà Nội,Máy tính,2026-01-22,32,636,0.362,9,4.4,3,23.3,5.9,5.2,Đạt
SV2602793,Công nghệ thông tin,Nữ,23-30,Có,Trực tuyến,Hải Phòng,Máy tính,2026-02-13,51,1630,0.95,10,10.0,4,8.6,9.8,9.9,Đạt
SV2600284,Công nghệ thông tin,Nam,18-22,Không,Trực tuyến,Bình Dương,Máy tính bảng,2026-01-28,27,401,0.455,2,4.8,2,18.1,5.5,4.8,Đạt
SV2600452,Quản trị kinh doanh,nữ,18-22,Không,Kết hợp,Đà Nẵng,Điện thoại,2026-01-31,54,710,0.683,10,7.6,5,6.8,7.2,6.7,Đạt
SV2602036,Công nghệ thông tin,Nam,18-22,Không,Trực tuyến,Hà Nội,Máy tính,2026-02-05,27,192,0.048,2,4.8,0,6.8,6.2,3.8,Không đạt
SV2601715,Du lịch,Nam,18-22,Không,Trực tuyến,Bắc Ninh,Máy tính,2026-02-11,58,815,0.821,9,7.4,4,12.2,6.7,9.0,Đạt
SV2600982,Quản trị kinh doanh,Nam,18-22,Không,Trực tuyến,Hà Nội,Máy tính,2026-01-31,49,923,0.832,7,6.1,2,7.4,5.0,4.2,Đạt
SV2600017,Quản trị kinh doanh,Nam,18-22,Không,Kết hợp,Hà Nội,Điện thoại,2026-01-27,56,1110,0.636,7,8.6,6,9.9,6.5,6.3,Đạt
SV2602121,Kinh tế,Nam,23-30,Có,Trực tuyến,Hà Nội,Điện thoại,24/01/2026,49,1043,0.583,5,9.0,3,10.9,7.5,9.5,Đạt
SV2602202,Công nghệ thông tin,Nam,18-22,Không,Kết hợp,Hà Nội,Điện thoại,21/01/2026,34,1473,0.784,7,5.0,9,2.9,8.8,6.8,Đạt
SV2602913,Kinh tế,Nam,18-22,Không,Trực tuyến,Cần Thơ,Điện thoại,02-02-2026,30,1604,0.924,7,8.8,10,24.9,9.1,7.0,Đạt
SV2600562,Công nghệ thông tin,Nữ,23-30,Có,Kết hợp,Lâm Đồng,Máy tính,09-02-2026,23,532,0.382,2,5.7,2,7.1,4.1,2.3,Không đạt
SV2601426,Quản trị kinh doanh,Nữ,31-40,Có,Trực tuyến,TP Hồ Chí Minh,Điện thoại,2026-02-06,2,376,0.297,5,2.8,0,42.6,5.3,2.9,Không đạt
SV2602770,Công nghệ thông tin,Nam,23-30,Có,Trực tuyến,TP Hồ Chí Minh,Điện thoại,2026-02-08,35,1185,0.756,10,6.1,6,45.1,7.6,7.8,Đạt
SV2601303,Công nghệ thông tin,Nam,Trên 40,Có,Kết hợp,Đà Nẵng,Máy tính bảng,2026-02-14,46,845,0.563,9,5.7,4,27.4,,5.9,Đạt
SV2602497,Kinh tế,Nam,23-30,Có,Trực tuyến,Hải Phòng,Máy tính,2026-02-13,29,757,0.147,4,8.9,1,37.1,3.4,1.9,Không đạt
SV2600722,Quản trị kinh doanh,Nam,23-30,Có,Trực tuyến,Hà Nội,Điện thoại,2026-02-01,25,815,0.748,8,7.0,2,17.9,5.4,8.4,Đạt
SV2600224,Công nghệ thông tin,Nam,23-30,Có,Trực tuyến,TP Hồ Chí Minh,Máy tính,16/02/2026,31,958,0.749,4,7.3,4,2.4,5.2,6.7,Đạt
SV2601594,Kinh tế,Nam,18-22,Không,Kết hợp,Đà Nẵng,Máy tính,2026-02-12,42,1058,0.649,6,"5,7",3,1.4,3.2,3.7,Không đạt
SV2600849,Công nghệ thông tin,Nữ,18-22,Không,Kết hợp,Hà Nội,Máy tính,2026-01-25,54,708,0.918,7,7.5,3,4.5,7.9,7.7,Đạt
SV2602626,Luật,Nam,23-30,Có,Trực tuyến,Lâm Đồng,Máy tính,2026-01-26,24,935,0.283,2,5.0,2,15.9,,2.5,Không đạt
SV2600133,Luật,Nữ,31-40,Có,Trực tuyến,Đồng Nai,Máy tính,2026-01-27,37,1137,0.628,5,4.9,4,32.1,6.9,7.8,Đạt
SV2602896,Du lịch,nữ,Trên 40,Có,Trực tuyến,Khánh Hòa,Điện thoại,2026-02-02,52,761,0.681,9,6.1,4,6.1,8.1,7.0,Đạt
SV2600990,Kinh tế,Nữ,31-40,Có,Kết hợp,Hưng Yên,Máy tính,2026-01-31,35,1326,0.668,10,8.5,4,10.8,5.1,5.4,Đạt
SV2602291,Công nghệ thông tin,Nam,23-30,Không,Trực tuyến,Hà Nội,Máy tính,2026-02-14,43,543,0.493,6,6.2,4,29.7,6.8,6.1,Đạt
SV2602226,Công nghệ thông tin,Nam,18-22,Không,Trực tuyến,Nghệ An,Điện thoại,2026-01-22,20,868,0.297,5,7.2,2,5.1,2.6,4.4,Đạt
SV2600289, Du lịch ,Nam,23-30,Có,Kết hợp,Hà Nội,Máy tính,2026-02-13,62,871,0.831,10,7.5,2,7.6,6.8,5.8,Đạt
SV2602390,Công nghệ thông tin,Nữ,18-22,Có,Trực tuyến,Đà Nẵng,Máy tính,2026-02-02,2,550,0.276,0,0.0,0,7.6,3.8,2.0,Không đạt
SV2602332,Kinh tế,Nữ,18-22,Không,Trực tuyến,Hà Nội,Điện thoại,2026-02-10,16,233,0.442,4,3.2,0,20.8,1.2,1.3,Không đạt
SV2600790,Luật,Nam,23-30,Có,Trực tuyến,Hà Nội,Máy tính,2026-02-14,51,368,0.044,5,4.2,3,12.5,4.1,3.3,Không đạt
SV2600222,Kế toán,Nữ,18-22,Không,Kết hợp,Hà Nội,Máy tính,15-02-2026,68,992,0.596,7,5.5,2,2.0,4.3,5.9,Đạt
SV2600712,Luật,Nữ,23-30,Có,Kết hợp,Thái Nguyên,Máy tính bảng,2026-01-26,6,162,0.402,5,5.2,2,4.3,8.3,5.9,Đạt
SV2602378,Luật,Nữ,18-22,Không,Trực tuyến,Bắc Ninh,Máy tính,2026-02-05,26,799,0.628,9,6.4,3,7.1,5.8,6.2,Đạt
SV2602814,Luật,Nam,18-22,Không,Trực tuyến,Đà Nẵng,Điện thoại,2026-02-08,24,1096,0.506,10,4.9,3,2.6,7.5,6.6,Đạt
SV2601966,Kế toán,nữ,23-30,Không,Trực tuyến,Bắc Ninh,Máy tính,16-02-2026,60,797,0.931,8,6.7,3,9.6,7.7,9.1,Đạt
SV2601114,Công nghệ thông tin,nữ,31-40,Có,Kết hợp,Quảng Ninh,Điện thoại,31/01/2026,29,685,0.297,5,6.6,2,5.1,5.3,4.6,Đạt
SV2602885,Luật,Nữ,18-22,Không,Kết hợp,Khánh Hòa,Máy tính,11-02-2026,48,230,0.407,6,5.4,3,15.9,4.5,4.0,Đạt
SV2601957,Công nghệ thông tin,Nữ,18-22,Không,Trực tuyến,Thanh Hóa,Điện thoại,22/01/2026,57,1710,0.58,10,8.0,2,7.4,7.8,7.6,Đạt
SV2600937,Luật,Nữ,18-22,Có,Trực tuyến,Thanh Hóa,Máy tính,09/02/2026,50,770,0.756,7,8.8,4,3.2,8.8,10.0,Đạt
SV2601485,Công nghệ thông tin,Nam,18-22,Không,Kết hợp,Bắc Ninh,Máy tính,14/02/2026,47,1067,0.884,10,8.0,4,3.9,8.8,7.6,Đạt
SV2601179,Quản trị kinh doanh,Nam,23-30,Có,Kết hợp,Hà Nội,Điện thoại,2026-01-22,41,775,0.593,6,7.4,3,18.2,9.3,6.8,Đạt
SV2601199,Công nghệ thông tin,Nữ,18-22,Không,Kết hợp,Nghệ An,Máy tính,30/01/2026,41,1158,0.826,10,7.1,6,10.2,5.9,6.6,Đạt
SV2601490,Ngôn ngữ Anh,Nam,31-40,Có,Trực tuyến,Đà Nẵng,Máy tính bảng,08-02-2026,28,977,0.678,7,"8,2",4,20.4,8.9,10.0,Đạt
SV2601228,Ngôn ngữ Anh,Nam,18-22,Có,Kết hợp,Đà Nẵng,Máy tính,2026-01-22,37,939,0.621,7,5.7,0,6.1,5.1,6.6,Đạt
SV2602384,Kinh tế,Nam,18-22,Không,Trực tuyến,Hà Nội,Máy tính,2026-02-08,46,1377,0.472,6,7.7,2,7.3,6.6,7.6,Đạt
SV2602666,Công nghệ thông tin,Nữ,23-30,Không,Trực tuyến,Hưng Yên,Điện thoại,2026-01-31,56,720,0.605,9,9.1,4,3.2,6.7,8.2,Đạt
SV2600097,Công nghệ thông tin,Nữ,18-22,Không,Trực tuyến,TP Hồ Chí Minh,Điện thoại,03/02/2026,23,406,0.063,0,0.0,0,3.8,4.1,1.7,Không đạt
SV2601568,Kinh tế,Nữ,31-40,Có,Trực tuyến,Nghệ An,Máy tính,2026-02-04,38,763,0.7,6,8.2,3,5.0,,8.1,Đạt
SV2600312,Công nghệ thông tin,Nam,18-22,Không,Kết hợp,Nghệ An,Máy tính bảng,13/02/2026,62,1037,0.746,6,4.1,4,1.3,3.6,4.7,Đạt
SV2600800,Kinh tế,Nữ,31-40,Có,Kết hợp,Thanh Hóa,Máy tính,2026-01-31,21,660,0.612,5,6.9,1,13.0,6.7,6.8,Đạt
SV2601680,Công nghệ thông tin,Nam,31-40,Có,Trực tuyến,Quảng Ninh,Điện thoại,2026-02-04,25,279,0.428,6,8.3,7,0.4,6.3,7.5,Đạt
SV2602173,Kinh tế,Nam,23-30,Không,Trực tuyến,TP Hồ Chí Minh,Điện thoại,2026-02-15,44,728,1.0,9,5.3,6,17.7,6.3,8.3,Đạt
SV2602530,Công nghệ thông tin,Nam,23-30,Có,Kết hợp,Nghệ An,Máy tính bảng,2026-02-02,38,1012,0.636,10,7.5,4,6.8,7.0,7.4,Đạt
SV2601548,Công nghệ thông tin,Nam,18-22,Không,Trực tuyến,Hưng Yên,Máy tính,2026-02-14,30,692,0.26,3,6.9,1,16.5,3.3,3.0,Không đạt
SV2602416,Công nghệ thông tin,nam,18-22,Không,Trực tuyến,Hà Nội,Máy tính,06/02/2026,40,834,0.47,3,5.9,2,6.6,4.1,3.7,Không đạt
SV2600170,Quản trị kinh doanh,Nam,18-22,Có,Trực tuyến,Cần Thơ,Điện thoại,2026-02-05,42,1228,0.511,10,9.6,7,5.7,10.0,7.3,Đạt
SV2602063,Luật,nam,23-30,Không,Trực tuyến,TP Hồ Chí Minh,Máy tính,2026-01-25,16,768,0.561,7,6.5,0,10.9,4.4,5.1,Đạt
SV2600177,Kinh tế,Nam,18-22,Không,Trực tuyến,Hà Nội,Máy tính bảng,31/01/2026,24,423,0.353,10,5.8,2,18.0,5.2,5.6,Đạt
SV2601408,Công nghệ thông tin,Nam,18-22,Có,Trực tuyến,Hà Nội,Máy tính,2026-01-25,35,1489,0.599,4,7.2,2,29.7,5.8,7.5,Đạt
SV2600181,Ngôn ngữ Anh,Nữ,31-40,Có,Trực tuyến,Hải Phòng,Điện thoại,2026-02-01,31,1036,0.413,5,6.4,1,3.5,,6.8,Đạt
SV2601503,Công nghệ thông tin,Nữ,23-30,Có,Trực tuyến,Hà Nội,Máy tính,2026-01-21,12,636,0.496,6,5.1,0,30.6,5.3,5.1,Đạt
SV2600741,Công nghệ thông tin,Nam,Trên 40,Có,Trực tuyến,TP Hồ Chí Minh,Máy tính,2026-01-28,54,424,1.0,3,6.2,1,0.5,6.5,5.8,Đạt
SV2600334,Công nghệ thông tin,Nữ,31-40,Có,Trực tuyến,Đồng Nai,Máy tính bảng,2026-02-07,20,272,0.392,6,3.9,0,24.0,3.9,3.4,Không đạt
SV2601139,Công nghệ thông tin,Nữ,23-30,Có,Kết hợp,Hà Nội,Máy tính,2026-01-24,38,1038,0.614,6,6.0,5,2.0,6.3,8.1,Đạt
SV2601738,Công nghệ thông tin,Nam,23-30,Có,Trực tuyến,Hà Nội,Điện thoại,2026-02-16,44,858,0.746,10,7.8,5,2.0,9.5,9.4,Đạt
SV2601158,Công nghệ thông tin,Nam,18-22,Không,Trực tuyến,Thanh Hóa,Máy tính,11-02-2026,49,962,0.999,7,7.4,6,4.5,5.3,8.4,Đạt
SV2601896,Ngôn ngữ Anh,Nam,23-30,Có,Kết hợp,Hà Nội,Điện thoại,01-02-2026,51,1285,0.829,7,6.3,7,12.4,7.8,7.4,Đạt
SV2601994,Du lịch,Nam,31-40,Có,Trực tuyến,Nghệ An,Điện thoại,14-02-2026,28,476,0.551,10,9.4,3,12.6,3.6,5.8,Đạt
SV2600580,Du lịch,Nữ,23-30,CO,Trực tuyến,Hà Nội,Máy tính,2026-01-26,40,852,0.511,5,4.1,1,10.6,5.8,6.0,Đạt
SV2601058,Quản trị kinh doanh,Nam,23-30,Có,Trực tuyến,Thanh Hóa,,15-02-2026,48,1269,0.765,9,7.1,5,5.6,5.2,6.6,Đạt
SV2601433,Quản trị kinh doanh,Nữ,23-30,Không,Trực tuyến,Đà Nẵng,Máy tính,2026-01-25,5,419,0.665,6,6.5,3,8.4,6.2,5.1,Đạt
SV2601446,Công nghệ thông tin,nam,23-30,Có,Trực tuyến,Hà Nội,Máy tính,2026-01-24,27,327,0.736,6,7.3,3,23.1,3.5,4.9,Đạt
SV2600448,Công nghệ thông tin,Nam,18-22,Có,Trực tuyến,Đà Nẵng,Máy tính,28-01-2026,32,454,0.545,6,2.0,0,7.4,4.1,5.7,Đạt
SV2602361,Công nghệ thông tin,Nam,18-22,Có,Trực tuyến,Hưng Yên,Điện thoại,25-01-2026,31,981,0.409,6,7.5,1,22.0,6.6,6.5,Đạt
SV2601250,Quản trị kinh doanh,Nữ,23-30,Có,Kết hợp,Lâm Đồng,Điện thoại,16/02/2026,24,444,0.688,3,7.1,2,22.2,5.8,4.3,Đạt
SV2602592,Kinh tế,Nữ,18-22,Không,Kết hợp,Hưng Yên,Điện thoại,2026-01-31,71,1025,0.659,10,5.2,5,11.7,7.8,5.2,Đạt
SV2602752, Luật ,Nam,18-22,Không,Trực tuyến,TP Hồ Chí Minh,Máy tính,2026-02-06,36,556,0.604,9,5.5,2,22.5,,3.8,Không đạt
SV2602128,Công nghệ thông tin,Nữ,23-30,Có,Trực tuyến,Quảng Ninh,Máy tính,2026-01-23,43,1507,0.688,10,6.7,4,24.7,9.5,9.1,Đạt
SV2602256,Kinh tế,Nam,31-40,Không,Trực tuyến,Hà Nội,Máy tính,2026-01-21,26,556,0.365,3,5.8,1,27.5,6.3,3.8,Không đạt
SV2602828,Luật,Nữ,18-22,Có,Trực tuyến,Hà Nội,Máy tính,2026-01-24,32,455,0.57,7,5.5,1,11.0,4.7,6.7,Đạt
SV2601577,Công nghệ thông tin,Nữ,18-22,Có,Trực tuyến,Khánh Hòa,Điện thoại,24-01-2026,41,662,0.673,10,7.8,3,13.4,8.5,8.0,Đạt
SV2600946,Quản trị kinh doanh,Nam,23-30,Không,Trực tuyến,Hà Nội,Máy tính,2026-01-26,43,1283,0.746,9,7.3,2,5.2,5.5,5.8,Đạt
SV2601007,Quản trị kinh doanh,Nam,18-22,Không,Trực tuyến,Lâm Đồng,Máy tính,04/02/2026,72,1445,0.824,9,9.6,3,17.5,8.5,8.6,Đạt
SV2601772,Công nghệ thông tin,Nữ,18-22,Không,Trực tuyến,Khánh Hòa,Máy tính,2026-01-26,55,1450,0.963,10,6.7,4,13.0,7.7,7.3,Đạt
SV2601309,Công nghệ thông tin,Nam,18-22,Không,Trực tuyến,TP Hồ Chí Minh,Máy tính,2026-01-26,34,1022,0.656,8,8.6,2,2.4,4.9,7.5,Đạt
SV2601270,Công nghệ thông tin,Nam,23-30,Không,Trực tuyến,Lâm Đồng,Điện thoại,2026-01-23,89,1719,0.708,10,9.7,8,2.7,6.5,7.5,Đạt
SV2601677, Công nghệ thông tin ,Nữ,18-22,Không,Trực tuyến,Hà Nội,Máy tính,2026-02-07,38,457,0.302,4,6.2,1,17.8,2.9,2.1,Không đạt
SV2601416,Luật,Nữ,18-22,Có,Kết hợp,Thái Nguyên,Điện thoại,13/02/2026,45,1078,0.762,10,7.2,3,4.0,9.1,8.2,Đạt
SV2601742,Kinh tế,Nam,18-22,Không,Kết hợp,Hà Nội,Máy tính,27/01/2026,51,825,0.444,8,4.4,3,21.8,,3.4,Không đạt
SV2602212,Ngôn ngữ Anh,Nam,23-30,Có,Kết hợp,Thanh Hóa,Máy tính,2026-01-25,41,828,0.512,4,5.3,4,15.7,5.3,4.7,Đạt
SV2601462,Công nghệ thông tin,nam,18-22,Không,Kết hợp,TP Hồ Chí Minh,Máy tính,04/02/2026,52,1234,0.884,9,7.0,8,2.0,7.1,5.6,Đạt
SV2601806,Kinh tế,Nữ,31-40,Có,Trực tuyến,TP Hồ Chí Minh,Máy tính,2026-02-08,45,666,0.56,7,8.3,8,9.9,7.8,8.1,Đạt
SV2600605,Luật,Nam,31-40,Có,Trực tuyến,TP Hồ Chí Minh,Điện thoại,05-02-2026,17,769,0.744,4,6.1,3,10.6,4.6,6.6,Đạt
SV2601057,Công nghệ thông tin,Nữ,18-22,Không,Trực tuyến,Đà Nẵng,Máy tính,2026-01-27,48,1122,0.76,7,5.9,2,1.1,,7.4,Đạt
SV2601132,Công nghệ thông tin,Nữ,23-30,Có,Trực tuyến,Bắc Ninh,Máy tính bảng,2026-02-01,37,1050,0.505,6,7.4,1,11.5,6.3,6.7,Đạt
SV2602892,Du lịch,Nữ,23-30,Có,Trực tuyến,Bắc Ninh,Máy tính,2026-02-05,19,1060,0.33,6,5.6,0,23.1,2.3,4.1,Đạt
SV2601880,Kinh tế,Nam,18-22,Không,Trực tuyến,Đồng Nai,Điện thoại,2026-01-22,40,579,0.436,6,6.2,1,0.7,,6.0,Đạt
SV2601968,Công nghệ thông tin,Nữ,18-22,Có,Trực tuyến,Nghệ An,Máy tính,23-01-2026,23,367,0.152,4,6.3,0,27.3,2.4,2.3,Không đạt
SV2602375,Công nghệ thông tin,Nữ,31-40,Có,Kết hợp,Thanh Hóa,Máy tính,2026-02-08,20,864,0.479,7,4.8,1,26.5,4.5,4.0,Đạt
SV2600199,Ngôn ngữ Anh,Nữ,18-22,Không,Trực tuyến,Hà Nội,Điện thoại,28-01-2026,51,913,0.628,10,7.1,3,2.5,6.8,5.9,Đạt
SV2602082,Kinh tế,nam,23-30,Không,Trực tuyến,Bình Dương,Máy tính,27-01-2026,32,1299,0.452,8,5.3,5,5.1,7.1,5.1,Đạt
SV2601550,Công nghệ thông tin,Nam,18-22,Có,Kết hợp,Hải Phòng,Máy tính bảng,2026-02-14,22,20,0.211,5,4.8,1,9.4,2.8,2.2,Không đạt
SV2601317,Luật,Nam,18-22,Không,Trực tuyến,Nghệ An,Điện thoại,2026-02-02,52,1446,1.0,10,9.2,6,6.8,7.8,8.8,Đạt
SV2601106,Kinh tế,Nam,23-30,Có,Trực tuyến,Thanh Hóa,Máy tính,2026-01-20,55,1203,0.647,10,7.8,5,12.2,,6.8,Đạt
SV2600731,Ngôn ngữ Anh,Nam,Trên 40,Có,Trực tuyến,Nghệ An,Máy tính,2026-02-15,49,1703,0.709,5,"6,7",5,38.9,6.4,8.9,Đạt
SV2602672,Quản trị kinh doanh,Nam,Trên 40,Có,Kết hợp,Hà Nội,Máy tính,16/02/2026,56,1445,0.825,7,10.0,4,9.9,7.2,7.5,Đạt
SV2600642,Quản trị kinh doanh,Nữ,31-40,Không,Trực tuyến,Bắc Ninh,Máy tính,01/02/2026,37,627,0.663,10,7.8,5,7.8,8.7,7.2,Đạt
SV2601516, Ngôn ngữ Anh ,Nam,31-40,Có,Trực tuyến,Bình Dương,Điện thoại,2026-02-16,42,1005,0.702,7,6.8,3,0.4,4.0,6.6,Đạt
SV2602772,Kinh tế,Khác,18-22,Không,Kết hợp,Thanh Hóa,Máy tính,2026-01-24,32,654,0.353,7,5.1,2,10.7,5.0,1.9,Không đạt
SV2602837,Công nghệ thông tin,Nam,18-22,Không,Trực tuyến,Thái Nguyên,Máy tính,14/02/2026,47,1192,0.5,10,8.4,10,13.2,8.0,6.6,Đạt
SV2600480,Công nghệ thông tin,Nữ,18-22,Có,Trực tuyến,Thái Nguyên,Điện thoại,2026-02-13,26,912,0.719,4,6.5,1,6.2,5.9,5.8,Đạt
SV2602637,Quản trị kinh doanh,Nam,23-30,Có,Kết hợp,Hà Nội,Điện thoại,02-02-2026,62,553,0.672,9,7.6,3,7.6,5.5,6.4,Đạt
SV2601437,Du lịch,Nam,23-30,Không,Kết hợp,Hà Nội,Máy tính,14-02-2026,39,1219,0.619,5,"6,0",2,23.7,3.4,4.2,Đạt
SV2601760,Kế toán,Nam,23-30,Không,Kết hợp,Đồng Nai,Điện thoại,2026-01-27,53,1194,0.542,8,6.7,6,8.2,7.4,7.7,Đạt
SV2600050, Công nghệ thông tin ,Nữ,18-22,Không,Kết hợp,Bình Dương,Máy tính,20-01-2026,49,1100,0.366,10,3.3,3,7.3,3.8,3.5,Không đạt
SV2602112,Kế toán,Nữ,23-30,Có,Trực tuyến,Nghệ An,Điện thoại,2026-01-27,36,627,0.603,7,6.5,3,38.7,5.4,5.7,Đạt
SV2601263,Công nghệ thông tin,Nam,23-30,Không,Trực tuyến,Thanh Hóa,Điện thoại,24/01/2026,42,1410,0.522,7,8.6,1,12.6,5.5,6.5,Đạt
SV2601152,Công nghệ thông tin,Nam,Trên 40,Có,Trực tuyến,Hà Nội,Máy tính,23-01-2026,48,886,0.502,5,8.3,3,8.5,6.7,8.4,Đạt
SV2600303,Quản trị kinh doanh,Nữ,23-30,Có,Trực tuyến,TP Hồ Chí Minh,Máy tính,12-02-2026,46,579,0.646,2,7.1,3,6.5,5.4,6.5,Đạt
SV2600029,Ngôn ngữ Anh,Nam,23-30,Không,Trực tuyến,Thanh Hóa,Máy tính,12-02-2026,62,1384,1.0,10,7.4,3,3.5,8.5,10.0,Đạt
SV2601346,Công nghệ thông tin,Nữ,23-30,Không,Trực tuyến,Hà Nội,Điện thoại,04/02/2026,46,932,0.45,10,8.0,5,10.4,7.7,6.8,Đạt
SV2600025,Kinh tế,Nam,23-30,Không,Trực tuyến,Hà Nội,Máy tính,2026-01-22,57,1495,1.0,10,10.0,4,0.9,,10.0,Đạt
SV2601787,Kế toán,Nam,18-22,CO,Trực tuyến,Hải Phòng,Điện thoại,23/01/2026,28,783,0.732,9,9.7,0,10.0,5.6,8.2,Đạt
SV2600046,Quản trị kinh doanh,Nam,23-30,Có,Kết hợp,Lâm Đồng,Máy tính,2026-02-03,13,274,0.311,3,5.6,0,12.5,3.4,2.9,Không đạt
SV2600576,Kinh tế,Nữ,23-30,Có,Trực tuyến,Thanh Hóa,Máy tính,06-02-2026,47,727,0.485,7,7.5,4,42.1,,6.3,Đạt
SV2601840,Công nghệ thông tin,Khác,23-30,Không,Trực tuyến,TP Hồ Chí Minh,Máy tính,2026-02-11,31,820,0.645,9,"6,5",7,16.6,7.6,8.1,Đạt
SV2601812,Kinh tế,Nữ,31-40,Có,Kết hợp,Thanh Hóa,Máy tính,30/01/2026,33,20,0.528,5,7.4,2,3.8,6.0,5.0,Đạt
SV2601240,Công nghệ thông tin,Nữ,31-40,Có,Trực tuyến,Hà Nội,Máy tính,2026-02-06,45,1269,0.761,10,5.5,1,1.5,,6.8,Đạt
SV2600863,Luật,Nam,31-40,Có,Trực tuyến,Bắc Ninh,Máy tính,2026-01-23,23,807,0.455,5,6.0,0,16.6,6.0,7.1,Đạt
SV2601645,Công nghệ thông tin,Nam,23-30,Không,Trực tuyến,Hà Nội,Điện thoại,2026-02-01,25,594,0.963,6,6.5,4,7.3,6.4,8.1,Đạt
SV2601980,Quản trị kinh doanh,Nam,18-22,Không,Kết hợp,Bình Dương,Máy tính,2026-02-09,59,818,0.3,8,"5,7",6,8.0,5.2,5.3,Đạt
SV2602064,Công nghệ thông tin,Nữ,18-22,Có,Trực tuyến,TP Hồ Chí Minh,Máy tính,2026-02-16,74,1314,0.806,8,8.2,5,7.8,9.2,10.0,Đạt
SV2602294,Quản trị kinh doanh,Nữ,23-30,Có,Kết hợp,Nghệ An,Điện thoại,2026-01-23,23,227,0.225,6,5.9,2,4.7,,3.3,Không đạt
SV2602386,Quản trị kinh doanh,Nữ,23-30,Có,Kết hợp,Lâm Đồng,Điện thoại,2026-02-13,34,943,0.595,8,7.5,5,4.3,,7.7,Đạt
SV2602445,Ngôn ngữ Anh,Nữ,18-22,Không,Trực tuyến,TP Hồ Chí Minh,Điện thoại,2026-02-05,56,826,0.458,6,5.8,4,3.5,5.1,7.0,Đạt
SV2600781,Quản trị kinh doanh,Nữ,23-30,Không,Trực tuyến,TP Hồ Chí Minh,Máy tính,13-02-2026,58,1542,0.804,8,5.7,1,10.1,5.4,7.6,Đạt
SV2600765,Luật,Nữ,23-30,Không,Kết hợp,Cần Thơ,Máy tính,2026-02-14,49,926,0.551,6,5.2,3,11.1,5.1,5.6,Đạt
SV2600888,Kế toán,Nữ,23-30,Có,Trực tuyến,Khánh Hòa,Máy tính,2026-01-28,44,504,0.271,6,4.0,1,42.0,5.3,1.7,Không đạt
SV2601865,Công nghệ thông tin,Nữ,31-40,Có,Kết hợp,Nghệ An,Điện thoại,2026-01-30,43,1008,0.65,10,8.1,5,2.5,,5.9,Đạt
SV2601652,Công nghệ thông tin,Nam,18-22,Không,Trực tuyến,TP Hồ Chí Minh,Máy tính,2026-01-31,49,1753,0.968,10,8.6,8,8.8,6.7,7.4,Đạt
SV2602334,Công nghệ thông tin,Nữ,31-40,Không,Kết hợp,TP Hồ Chí Minh,Máy tính,29/01/2026,16,714,0.491,8,5.1,1,20.4,2.3,3.1,Không đạt
SV2602327,Du lịch,Nam,18-22,Có,Kết hợp,TP Hồ Chí Minh,Máy tính,2026-01-28,53,1039,0.816,8,8.1,5,3.4,9.4,6.6,Đạt
SV2602156,Công nghệ thông tin,Nữ,23-30,Không,Trực tuyến,Hà Nội,Máy tính,2026-01-29,47,1316,1.0,10,8.9,4,1.8,9.2,10.0,Đạt
SV2600137,Kinh tế,Nam,18-22,Không,Kết hợp,Đồng Nai,Máy tính,23/01/2026,26,1463,0.774,6,6.6,4,17.0,6.6,3.7,Không đạt
SV2600272,Kế toán,Nam,18-22,Có,Kết hợp,TP Hồ Chí Minh,Máy tính,2026-02-03,58,1269,0.927,10,7.5,6,3.8,7.6,8.1,Đạt
SV2601534,Kinh tế,Nam,31-40,Có,Trực tuyến,TP Hồ Chí Minh,Điện thoại,11-02-2026,38,507,0.466,7,6.8,3,0.7,6.7,4.9,Đạt
SV2602083,Quản trị kinh doanh,Nam,23-30,Có,Kết hợp,TP Hồ Chí Minh,Điện thoại,09/02/2026,23,20,0.373,7,7.7,1,33.3,,4.3,Đạt
SV2601094,Ngôn ngữ Anh,Nam,Trên 40,Có,Kết hợp,Hà Nội,Máy tính,05-02-2026,53,1269,1.0,10,6.3,9,10.4,6.4,7.5,Đạt
SV2602091,Quản trị kinh doanh,Nam,23-30,Không,Trực tuyến,,Điện thoại,2026-02-12,24,77,0.413,6,3.4,0,3.1,5.6,4.9,Đạt
SV2602172, Công nghệ thông tin ,Nam,18-22,Có,Trực tuyến,Hà Nội,Máy tính,06/02/2026,31,99999,0.629,8,7.0,6,1.8,7.9,8.3,Đạt
SV2600060,Công nghệ thông tin,Nữ,23-30,Không,Trực tuyến,Bắc Ninh,Điện thoại,09/02/2026,35,908,0.639,10,9.2,3,16.5,10.0,6.9,Đạt
SV2601523,Công nghệ thông tin,Nữ,18-22,Có,Trực tuyến,Hưng Yên,Máy tính,2026-01-22,19,507,0.296,5,6.9,0,11.4,4.6,5.4,Đạt
SV2601142,Luật,Nam,23-30,Có,Kết hợp,Hà Nội,Điện thoại,2026-01-20,37,503,0.338,7,6.3,3,19.7,3.9,5.1,Đạt
SV2602804,Kế toán,Khác,18-22,Không,Trực tuyến,TP Hồ Chí Minh,Máy tính,2026-02-05,33,739,0.83,5,5.8,4,7.4,5.4,5.4,Đạt
SV2601054,Quản trị kinh doanh,Nam,23-30,Không,Trực tuyến,Đồng Nai,Máy tính,31-01-2026,16,1234,0.744,6,5.5,4,7.5,3.7,7.2,Đạt
SV2602874,Công nghệ thông tin,Nam,23-30,Có,Trực tuyến,Hà Nội,Máy tính,13/02/2026,64,1282,0.382,5,6.9,2,36.0,5.6,4.8,Đạt
SV2602859,Công nghệ thông tin,Nam,18-22,Không,Trực tuyến,Nghệ An,Điện thoại,01/02/2026,30,1103,0.807,10,7.8,5,19.1,7.5,7.8,Đạt
SV2600468,Kế toán,Nữ,18-22,Không,Trực tuyến,,Máy tính bảng,2026-02-02,63,1265,0.661,10,6.2,7,6.6,6.6,7.4,Đạt
SV2600056,Du lịch,Nữ,23-30,Có,Trực tuyến,Hà Nội,Điện thoại,05-02-2026,56,737,0.621,9,5.9,6,15.9,8.0,5.5,Đạt
SV2600845,Quản trị kinh doanh,Nam,18-22,Không,Trực tuyến,TP Hồ Chí Minh,Điện thoại,2026-02-06,18,1177,0.355,10,5.7,3,29.6,7.3,2.4,Không đạt
SV2602840,Quản trị kinh doanh,Nam,23-30,Có,Trực tuyến,Thanh Hóa,Máy tính,2026-02-11,41,285,0.209,6,3.5,0,3.1,2.8,2.3,Không đạt
SV2602831,Ngôn ngữ Anh,Nữ,31-40,Có,Trực tuyến,Hà Nội,Máy tính,2026-01-24,34,30,0.144,3,4.6,0,13.4,2.1,1.3,Không đạt
SV2602635,Kinh tế,Nam,23-30,Không,Kết hợp,,Điện thoại,2026-01-31,25,1612,1.0,8,6.2,5,4.5,6.4,6.9,Đạt
SV2602996,Kế toán,Nam,23-30,Có,Trực tuyến,TP Hồ Chí Minh,Máy tính,26/01/2026,44,792,0.541,8,7.4,2,8.9,,8.2,Đạt
SV2602399,Công nghệ thông tin,Nam,23-30,Không,Trực tuyến,Bắc Ninh,Máy tính,09/02/2026,36,624,0.731,10,5.3,3,4.1,6.9,8.4,Đạt
SV2601222,Kế toán,Nữ,23-30,Không,Trực tuyến,Quảng Ninh,Máy tính,2026-02-16,41,749,0.488,9,8.8,1,9.1,7.5,5.1,Đạt
SV2600084,Quản trị kinh doanh,Nam,23-30,Có,Trực tuyến,Hà Nội,Máy tính,24/01/2026,14,297,0.545,4,8.2,1,28.0,5.5,5.6,Đạt
SV2600479,Quản trị kinh doanh,Nữ,23-30,Có,Trực tuyến,Hà Nội,Máy tính,2026-01-20,17,1109,0.392,6,8.3,5,0.4,6.3,8.3,Đạt
SV2602513,Công nghệ thông tin,Nam,Trên 40,Có,Kết hợp,Hà Nội,Điện thoại,2026-01-26,23,906,0.288,6,3.3,0,5.5,4.9,3.5,Không đạt
SV2602111,Ngôn ngữ Anh,Nam,31-40,Có,Trực tuyến,Đồng Nai,Điện thoại,31-01-2026,45,1605,0.643,10,7.2,10,7.2,6.5,7.3,Đạt
SV2601633,Du lịch,nữ,18-22,Không,Kết hợp,Bình Dương,,2026-02-03,27,1379,0.525,3,6.6,2,5.8,,4.9,Đạt
SV2602044,Quản trị kinh doanh,Nam,31-40,Có,Trực tuyến,Đà Nẵng,Máy tính bảng,2026-02-14,46,932,0.492,8,8.8,5,12.8,3.2,6.4,Đạt
SV2602098,Công nghệ thông tin,Nữ,18-22,KHONG,Trực tuyến,Hà Nội,Máy tính,2026-02-11,11,879,0.098,4,3.7,1,6.5,4.3,1.9,Không đạt
SV2600384,Công nghệ thông tin,Nam,18-22,Không,Kết hợp,Đồng Nai,Máy tính,14-02-2026,12,856,0.349,5,4.9,1,1.5,2.1,3.1,Không đạt
SV2602972,Luật,Nam,18-22,Không,Kết hợp,Thái Nguyên,Máy tính,2026-01-23,32,610,0.45,4,6.9,1,9.0,5.4,5.2,Đạt
SV2601328,Quản trị kinh doanh,Nam,31-40,Có,Kết hợp,TP Hồ Chí Minh,Máy tính,05/02/2026,36,1171,0.672,8,7.6,2,6.3,5.6,6.4,Đạt
SV2600044,Công nghệ thông tin,Nam,18-22,Không,Kết hợp,Bắc Ninh,Máy tính bảng,13/02/2026,53,1366,0.872,7,10.0,6,4.8,10.0,8.3,Đạt
SV2600654,Công nghệ thông tin,Nam,18-22,Không,Trực tuyến,Thanh Hóa,Máy tính,28/01/2026,80,1771,1.0,10,8.7,8,3.0,8.6,8.9,Đạt
SV2601221,Quản trị kinh doanh,Nữ,23-30,Có,Trực tuyến,Nghệ An,Máy tính,13-02-2026,40,199,0.528,4,6.5,4,12.3,3.8,5.5,Đạt
SV2601596,Công nghệ thông tin,Nam,18-22,Không,Trực tuyến,Đồng Nai,Điện thoại,2026-02-05,55,858,0.574,4,5.2,3,5.5,8.0,6.4,Đạt
SV2602292,Ngôn ngữ Anh,Nam,23-30,Có,Trực tuyến,Hà Nội,Máy tính,2026-01-21,24,757,0.72,8,5.6,2,9.5,,8.1,Đạt
SV2602422,Công nghệ thông tin,Nữ,23-30,Không,Kết hợp,TP Hồ Chí Minh,Máy tính,2026-02-09,15,788,0.99,8,7.9,5,18.9,9.2,6.9,Đạt
SV2601965,Kinh tế,Nữ,23-30,Có,Trực tuyến,Bình Dương,Máy tính,16/02/2026,11,299,0.525,3,6.3,2,25.2,5.7,3.5,Không đạt
SV2602516,Kinh tế,Nam,23-30,Có,Kết hợp,Đà Nẵng,Máy tính,2026-02-04,45,1357,0.632,10,8.4,2,9.3,8.5,8.4,Đạt
SV2601473,Công nghệ thông tin,Nam,18-22,Không,Kết hợp,Hà Nội,Máy tính,2026-02-07,29,1237,0.919,9,6.2,5,11.6,5.5,4.4,Đạt
SV2602041, Công nghệ thông tin ,Nam,Trên 40,Có,Kết hợp,TP Hồ Chí Minh,Điện thoại,2026-01-20,37,639,0.603,8,7.0,5,2.7,6.0,7.6,Đạt
SV2601253,Công nghệ thông tin,Nam,23-30,Có,Trực tuyến,Hà Nội,Máy tính,07-02-2026,54,1029,0.742,9,7.7,3,7.6,8.0,8.7,Đạt
SV2601824,Quản trị kinh doanh,Nam,18-22,Không,Trực tuyến,Khánh Hòa,Điện thoại,2026-02-10,58,892,0.793,8,8.0,4,9.2,8.2,8.8,Đạt
SV2600442,Công nghệ thông tin,Nam,18-22,Không,Trực tuyến,Hà Nội,Điện thoại,15-02-2026,37,504,0.419,4,9.3,3,20.6,5.4,2.7,Không đạt
SV2602235,Luật,Nữ,23-30,Không,Trực tuyến,Hà Nội,Điện thoại,2026-02-01,52,1508,0.559,6,7.4,6,5.7,6.1,7.5,Đạt
SV2601802,Luật,Nam,23-30,Không,Trực tuyến,Hưng Yên,Điện thoại,13/02/2026,36,322,0.315,8,4.0,0,41.9,5.8,2.8,Không đạt
SV2602401,Kế toán,Nữ,23-30,Có,Kết hợp,Hà Nội,Máy tính,2026-01-28,37,591,0.558,5,7.1,0,17.2,6.1,5.3,Đạt
SV2600980,Quản trị kinh doanh,Nữ,18-22,Có,Trực tuyến,Thanh Hóa,Máy tính bảng,01/02/2026,29,937,0.432,7,7.5,3,50.3,7.1,7.1,Đạt
SV2600093,Quản trị kinh doanh,Khác,31-40,Có,Kết hợp,Hà Nội,Máy tính bảng,2026-01-30,20,577,0.314,4,8.4,2,39.9,6.4,4.0,Đạt
SV2602669,Kinh tế,Nữ,23-30,Không,Kết hợp,TP Hồ Chí Minh,Máy tính,21/01/2026,52,966,0.818,5,7.0,5,3.3,4.9,4.0,Đạt
SV2602452,Công nghệ thông tin,Nam,23-30,Có,Kết hợp,Cần Thơ,Máy tính,2026-02-15,19,756,0.574,9,7.0,0,19.0,6.1,7.4,Đạt
SV2602310,Quản trị kinh doanh,Nam,18-22,Không,Trực tuyến,Hà Nội,Điện thoại,2026-02-15,34,1606,0.563,9,6.3,4,15.3,7.2,7.2,Đạt
SV2602625,Kinh tế,Nữ,23-30,Không,Trực tuyến,Quảng Ninh,Máy tính,2026-01-26,63,1631,0.829,10,9.6,3,2.6,7.9,10.0,Đạt
SV2600326,Ngôn ngữ Anh,Nữ,18-22,Không,Trực tuyến,,Máy tính,2026-01-24,2,908,0.439,9,5.2,3,27.8,6.0,3.9,Không đạt
SV2602200,Luật,Nam,31-40,Không,Kết hợp,TP Hồ Chí Minh,Điện thoại,02/02/2026,61,871,,9,8.3,6,14.3,8.5,7.2,Đạt
SV2600073,Ngôn ngữ Anh,Nam,18-22,Không,Kết hợp,TP Hồ Chí Minh,Máy tính,26-01-2026,34,681,0.195,4,4.8,2,5.6,5.2,2.7,Không đạt
SV2602274,Ngôn ngữ Anh,Nữ,18-22,Không,Trực tuyến,Thanh Hóa,Điện thoại,24-01-2026,53,584,0.637,8,"7,6",9,14.0,6.6,8.3,Đạt
SV2601349,Quản trị kinh doanh,Nữ,31-40,Có,Trực tuyến,Bình Dương,Máy tính,2026-02-01,44,1235,0.58,9,7.9,3,8.1,8.8,9.7,Đạt
SV2601982, Công nghệ thông tin ,Nam,31-40,Không,Trực tuyến,Hà Nội,Máy tính,21/01/2026,44,745,0.611,7,6.3,3,26.6,5.7,4.3,Đạt
SV2601978,Quản trị kinh doanh,Nam,18-22,Không,Kết hợp,Nghệ An,Máy tính,2026-02-16,83,1353,0.803,9,9.2,5,2.3,9.4,10.0,Đạt
SV2602901,Ngôn ngữ Anh,Nữ,18-22,Không,Trực tuyến,Hưng Yên,Máy tính,2026-02-04,45,1242,0.928,7,8.0,6,9.1,7.0,9.0,Đạt
SV2600820,Quản trị kinh doanh,Nữ,31-40,Có,Trực tuyến,Nghệ An,Điện thoại,31/01/2026,42,540,0.514,6,8.7,0,8.6,4.3,6.3,Đạt
SV2602216,Công nghệ thông tin,Nữ,18-22,Không,Trực tuyến,Bắc Ninh,Máy tính,2026-02-15,-1,1002,0.628,6,6.8,2,15.3,6.8,6.9,Đạt
SV2602718,Luật,Nam,23-30,Có,Trực tuyến,Hưng Yên,Điện thoại,02-02-2026,26,850,0.492,8,"8,5",2,7.3,4.3,4.8,Đạt
SV2601893, Kinh tế ,Nam,23-30,Có,Trực tuyến,Hà Nội,Điện thoại,2026-02-02,42,1139,0.506,8,9.0,6,10.9,4.1,5.4,Đạt
SV2600223,Quản trị kinh doanh,Nữ,18-22,Không,Kết hợp,Bình Dương,Máy tính,2026-02-14,48,1386,0.699,10,8.8,5,3.9,7.0,6.5,Đạt
SV2601544,Công nghệ thông tin,Nữ,18-22,Không,Trực tuyến,TP Hồ Chí Minh,Máy tính,2026-02-13,32,1649,0.451,9,7.7,5,3.3,3.0,6.4,Đạt
SV2602488,Công nghệ thông tin,Nam,31-40,Có,Trực tuyến,Quảng Ninh,Máy tính,2026-01-28,49,717,0.408,4,3.2,0,10.6,2.1,4.3,Đạt
SV2600064,Luật,Nữ,23-30,Có,Trực tuyến,Hà Nội,Điện thoại,26-01-2026,18,769,0.465,2,6.9,0,10.4,4.5,5.7,Đạt
SV2600959,Công nghệ thông tin,Nữ,31-40,Có,Kết hợp,TP Hồ Chí Minh,Điện thoại,10-02-2026,19,937,0.319,7,7.2,3,9.7,4.8,5.0,Đạt
SV2602350,Kinh tế,Nam,23-30,Có,Kết hợp,Hà Nội,Điện thoại,22/01/2026,50,945,0.639,5,7.5,1,25.0,,6.3,Đạt
SV2601177,Kinh tế,Nữ,23-30,Có,Trực tuyến,Đà Nẵng,Máy tính,2026-02-06,38,1972,0.906,10,9.8,3,7.5,8.1,9.8,Đạt
SV2600376,Quản trị kinh doanh,Nam,23-30,Có,Trực tuyến,Hưng Yên,Máy tính bảng,2026-01-27,27,1055,0.635,6,4.0,1,33.2,2.7,6.1,Đạt
SV2602228,Luật,Nữ,31-40,Có,Kết hợp,Khánh Hòa,Điện thoại,2026-01-28,70,1328,1.0,9,7.8,4,1.2,9.4,8.2,Đạt
SV2602523,Quản trị kinh doanh,Nữ,31-40,Có,Kết hợp,Bắc Ninh,Điện thoại,2026-02-12,1,457,0.129,3,5.2,0,12.1,5.6,3.1,Không đạt
SV2600667,Quản trị kinh doanh,Nam,18-22,Không,Kết hợp,TP Hồ Chí Minh,Máy tính,31-01-2026,50,855,0.694,6,8.3,5,22.3,4.9,3.4,Không đạt
SV2601782,Công nghệ thông tin,Nữ,31-40,Có,Kết hợp,Hà Nội,Máy tính,24/01/2026,45,339,0.579,8,6.7,2,22.4,4.4,3.7,Không đạt
SV2602688,Luật,Nam,31-40,Có,Kết hợp,Thanh Hóa,Máy tính,2026-01-25,8,243,0.452,4,4.8,1,3.5,4.8,2.4,Không đạt
SV2602054,Công nghệ thông tin,Nam,18-22,Có,Kết hợp,Thái Nguyên,Máy tính bảng,2026-02-13,60,659,0.405,8,9.5,1,5.7,4.4,5.6,Đạt
SV2600291,Công nghệ thông tin,Nữ,23-30,Không,Kết hợp,Thanh Hóa,Điện thoại,12-02-2026,33,1007,1.0,7,6.4,9,7.5,8.5,6.8,Đạt
SV2600162,Công nghệ thông tin,Nam,31-40,Có,Trực tuyến,Hà Nội,Máy tính,31-01-2026,43,336,0.417,4,6.7,0,6.3,5.2,4.9,Đạt
SV2601451,Công nghệ thông tin,Nữ,31-40,Có,Trực tuyến,Nghệ An,Máy tính,2026-01-30,48,1221,0.557,7,8.5,2,7.2,6.6,6.7,Đạt
SV2601026,Luật,Khác,18-22,Có,Trực tuyến,,Điện thoại,2026-01-22,19,372,0.15,3,3.4,0,26.5,0.0,0.0,Không đạt
SV2600899,Quản trị kinh doanh,Nam,23-30,Có,Trực tuyến,Bắc Ninh,Máy tính,2026-02-12,33,813,0.34,5,6.9,2,18.1,4.6,5.2,Đạt
SV2600565,Quản trị kinh doanh,Nữ,18-22,Không,Trực tuyến,TP Hồ Chí Minh,Máy tính,2026-02-02,32,592,0.224,7,4.1,3,7.3,5.3,6.2,Đạt
SV2600968,Ngôn ngữ Anh,Nữ,18-22,Không,Kết hợp,Bình Dương,Điện thoại,10-02-2026,45,1041,1.0,10,5.2,7,2.1,9.3,5.3,Đạt
SV2600443,Kinh tế,Khác,23-30,Có,Trực tuyến,Khánh Hòa,Máy tính,2026-02-02,13,954,0.464,8,5.1,1,3.8,,5.8,Đạt
SV2600221,Ngôn ngữ Anh,Nam,31-40,Có,Kết hợp,Hà Nội,Điện thoại,05-02-2026,24,172,0.627,3,4.0,0,41.3,2.8,1.6,Không đạt
SV2600927,Kinh tế,Nữ,18-22,Không,Kết hợp,Hưng Yên,Máy tính,2026-02-13,41,645,0.544,6,6.3,7,2.0,5.8,6.0,Đạt
SV2600543,Công nghệ thông tin,Nữ,23-30,Có,Trực tuyến,Hưng Yên,Máy tính,2026-01-31,79,1071,0.942,10,8.3,2,9.7,10.0,10.0,Đạt
SV2602325,Công nghệ thông tin,Nữ,31-40,Có,Kết hợp,Thái Nguyên,Máy tính,2026-02-16,36,1413,0.666,7,5.5,4,12.8,7.0,6.9,Đạt
SV2600691,Kinh tế,Nam,31-40,Có,Trực tuyến,Nghệ An,Máy tính,2026-02-06,26,340,0.638,6,7.1,2,4.8,4.5,7.6,Đạt
SV2600623,Quản trị kinh doanh,Nam,18-22,Có,Kết hợp,Cần Thơ,Máy tính bảng,2026-01-26,45,1022,0.848,8,7.1,7,4.9,6.7,6.3,Đạt
SV2600330,Công nghệ thông tin,Nữ,18-22,Có,Kết hợp,Cần Thơ,Máy tính,2026-02-04,37,1142,0.797,10,8.0,0,7.2,5.8,5.5,Đạt
SV2600588,Công nghệ thông tin,Nữ,18-22,Không,Trực tuyến,TP Hồ Chí Minh,Máy tính,05-02-2026,56,954,0.603,8,4.7,2,8.0,4.4,5.6,Đạt
SV2602835,Kinh tế,Nam,31-40,Có,Trực tuyến,Thanh Hóa,Máy tính,2026-02-12,33,216,0.394,6,7.4,0,11.3,5.2,5.3,Đạt
SV2601368,Công nghệ thông tin,Nam,31-40,Có,Trực tuyến,Hà Nội,Máy tính,2026-01-26,22,844,0.431,8,8.3,1,324.0,6.1,4.9,Đạt
SV2601330,Công nghệ thông tin,Nữ,Trên 40,Không,Kết hợp,Bình Dương,Máy tính,2026-02-11,51,1110,0.815,9,7.3,3,3.1,6.3,6.8,Đạt
SV2601400,Kế toán,Nữ,Trên 40,Có,Kết hợp,Hà Nội,Máy tính bảng,2026-02-02,14,531,0.591,4,4.8,0,38.5,5.3,3.6,Không đạt
SV2601036,Kinh tế,Nam,23-30,Không,Kết hợp,Hà Nội,Điện thoại,2026-02-11,42,1160,0.635,10,4.6,3,3.3,6.3,5.7,Đạt
SV2602296,Quản trị kinh doanh,Nam,23-30,Có,Trực tuyến,,Điện thoại,2026-02-16,18,238,0.269,2,5.2,1,25.1,4.1,3.6,Không đạt
SV2602084,Quản trị kinh doanh,Nữ,23-30,Có,Trực tuyến,Bắc Ninh,Máy tính,2026-02-15,21,594,0.497,2,7.4,0,12.5,6.3,7.8,Đạt
SV2600343,Kinh tế,Nam,18-22,Không,Trực tuyến,Đà Nẵng,Điện thoại,2026-01-26,47,1538,1.0,10,5.4,4,1.8,7.3,7.6,Đạt
SV2601042,Ngôn ngữ Anh,Nam,23-30,Có,Trực tuyến,Hà Nội,Điện thoại,28/01/2026,12,20,0.0,2,2.8,0,17.0,1.1,0.0,Không đạt
SV2600294,Công nghệ thông tin,Nam,23-30,Có,Trực tuyến,,Máy tính,2026-02-01,48,1167,0.763,10,6.6,4,10.7,6.4,8.7,Đạt
SV2600586,Công nghệ thông tin,nam,23-30,Có,Trực tuyến,Đà Nẵng,Điện thoại,2026-01-22,23,1029,0.644,7,5.3,2,27.3,5.5,5.6,Đạt
SV2600053,Du lịch,Nữ,18-22,Không,Trực tuyến,Hà Nội,Máy tính,2026-02-09,37,597,0.79,6,8.4,3,6.9,7.8,8.0,Đạt
SV2602143,Kế toán,Nam,Trên 40,Có,Trực tuyến,Nghệ An,Điện thoại,03-02-2026,24,895,0.339,6,4.4,0,17.4,4.3,4.3,Đạt
SV2600552, Kế toán ,Nam,23-30,Có,Trực tuyến,,Máy tính,09-02-2026,48,775,0.702,6,5.6,1,2.4,4.5,8.4,Đạt
SV2602145,Kế toán,Nam,23-30,Có,Trực tuyến,Hà Nội,Điện thoại,2026-02-03,24,264,0.373,6,"5,4",3,13.6,5.6,3.5,Không đạt
SV2600306,Quản trị kinh doanh,Nữ,23-30,Có,Trực tuyến,Quảng Ninh,Máy tính,2026-02-07,52,1420,,8,10.0,8,7.4,9.4,10.0,Đạt
SV2600426,Luật,Nam,18-22,Có,Kết hợp,Thanh Hóa,Điện thoại,2026-02-12,60,880,0.421,5,7.8,2,32.3,6.9,9.0,Đạt
SV2602395,Công nghệ thông tin,Nữ,18-22,Không,Kết hợp,Hà Nội,Máy tính,2026-02-16,48,511,0.71,5,"6,4",5,39.8,4.7,4.0,Đạt
SV2600410,Công nghệ thông tin,Nam,18-22,Không,Trực tuyến,Lâm Đồng,Máy tính,2026-02-10,24,917,0.66,9,7.0,3,19.5,5.1,4.9,Đạt
SV2601818,Ngôn ngữ Anh,Nam,31-40,Không,Trực tuyến,Đồng Nai,Máy tính,2026-02-06,47,807,0.652,7,6.0,6,6.8,5.3,5.1,Đạt
SV2602727,Quản trị kinh doanh,Nữ,Trên 40,Có,Kết hợp,Hà Nội,Điện thoại,2026-02-11,57,898,0.983,5,6.2,2,17.1,4.3,5.4,Đạt
SV2601236,Công nghệ thông tin,Nam,18-22,Không,Trực tuyến,TP Hồ Chí Minh,Máy tính,23/01/2026,45,1114,0.689,10,8.0,3,6.2,4.8,7.6,Đạt
SV2601357,Công nghệ thông tin,Nữ,18-22,Không,Kết hợp,Thanh Hóa,Điện thoại,16/02/2026,60,1156,0.606,9,7.6,5,4.9,8.7,5.8,Đạt
SV2600204,Kế toán,Nam,23-30,Có,Trực tuyến,Hà Nội,Máy tính,2026-01-26,43,1100,0.48,3,3.3,2,6.7,5.6,6.3,Đạt
SV2600262,Quản trị kinh doanh,Nam,31-40,Có,Kết hợp,Đồng Nai,Máy tính,12/02/2026,38,1068,0.916,4,4.0,5,14.7,3.6,4.9,Đạt
SV2602726,Công nghệ thông tin,Nam,18-22,Không,Kết hợp,Thanh Hóa,Điện thoại,25-01-2026,28,1040,0.557,5,7.0,1,9.4,5.7,5.4,Đạt
SV2600360,Kế toán,Nam,18-22,Không,Trực tuyến,TP Hồ Chí Minh,Máy tính,2026-01-24,70,1403,0.958,7,6.7,6,5.3,5.1,7.8,Đạt
SV2601095,Công nghệ thông tin,Nam,18-22,Không,Trực tuyến,TP Hồ Chí Minh,Máy tính,2026-02-06,63,1371,0.737,10,6.8,4,5.1,4.6,7.4,Đạt
SV2601422,Kinh tế,Nữ,31-40,Có,Kết hợp,Hà Nội,Máy tính,21/01/2026,42,1084,,9,"7,6",4,8.9,7.2,6.4,Đạt
SV2600734,Công nghệ thông tin,Nữ,18-22,Không,Kết hợp,Hà Nội,Máy tính,2026-02-09,35,1017,0.496,5,7.7,1,34.9,7.4,4.2,Đạt
SV2601492,Kế toán,Nữ,23-30,Có,Trực tuyến,Nghệ An,Điện thoại,10-02-2026,33,570,0.512,6,7.8,2,3.3,6.9,9.1,Đạt
SV2601627,Quản trị kinh doanh,Nữ,18-22,Có,Kết hợp,Đồng Nai,Máy tính,2026-01-29,38,989,0.326,7,4.8,3,5.6,3.2,4.0,Đạt
SV2601421,Quản trị kinh doanh,Nam,18-22,Có,Trực tuyến,Thanh Hóa,Máy tính,2026-02-16,6,567,0.584,5,5.6,3,30.8,3.1,3.3,Không đạt
SV2601905,Kế toán,Nam,18-22,Không,Kết hợp,,Máy tính,2026-02-03,31,672,0.61,5,6.7,3,28.4,4.3,3.9,Không đạt
SV2601651,Kế toán,Nam,Trên 40,Có,Trực tuyến,TP Hồ Chí Minh,Máy tính,2026-02-01,62,1224,1.0,9,8.5,5,1.1,,10.0,Đạt
SV2602931,Công nghệ thông tin,Nam,18-22,Không,Kết hợp,Hải Phòng,Điện thoại,26/01/2026,52,1392,0.661,6,7.7,7,2.7,,8.0,Đạt
SV2600836,Công nghệ thông tin,Nam,18-22,Có,Trực tuyến,Hà Nội,Máy tính,2026-01-27,32,103,0.345,5,5.0,1,15.6,6.1,5.7,Đạt
SV2601794,Kinh tế,Nữ,18-22,Không,Trực tuyến,Thanh Hóa,Máy tính,10-02-2026,59,1265,0.762,10,7.6,6,13.2,6.3,7.2,Đạt
SV2602062,Công nghệ thông tin,Nữ,18-22,Có,Trực tuyến,Đồng Nai,Máy tính,15/02/2026,26,883,0.809,8,"4,3",1,3.4,6.5,8.2,Đạt
SV2601455,Quản trị kinh doanh,Nam,18-22,Không,Kết hợp,Quảng Ninh,Máy tính,2026-01-23,43,621,0.904,10,6.5,5,7.3,8.2,8.2,Đạt
SV2600163,Công nghệ thông tin,Nam,31-40,Không,Kết hợp,Hà Nội,Điện thoại,2026-01-27,44,1020,0.668,7,5.2,1,32.7,4.8,4.5,Đạt
SV2602950,Du lịch,Nam,18-22,Không,Trực tuyến,Hà Nội,Máy tính,05/02/2026,56,1234,0.516,8,7.5,1,0.4,8.8,8.2,Đạt
SV2600252,Quản trị kinh doanh,Nam,23-30,Có,Kết hợp,Hà Nội,Máy tính,2026-01-26,44,1404,0.559,9,7.9,3,1.1,5.9,6.3,Đạt
SV2601153,Công nghệ thông tin,Nam,18-22,Không,Trực tuyến,Hà Nội,Máy tính,2026-02-16,45,820,0.616,6,9.8,2,12.0,6.5,7.6,Đạt
SV2600280,Luật,Nữ,18-22,Không,Trực tuyến,Bình Dương,Điện thoại,2026-01-21,62,1366,0.545,9,6.1,4,6.6,6.4,7.8,Đạt
SV2602830,Luật,Nữ,31-40,CO,Trực tuyến,Hà Nội,Máy tính,2026-02-11,59,947,0.494,9,6.7,4,3.9,8.0,8.5,Đạt
SV2601463,Ngôn ngữ Anh,Nam,18-22,Không,Trực tuyến,Hà Nội,Điện thoại,2026-01-27,42,1207,0.821,8,7.6,4,1.7,6.1,8.2,Đạt
SV2601598,Công nghệ thông tin,Nam,23-30,Không,Trực tuyến,Hà Nội,Điện thoại,2026-01-20,59,1180,0.725,8,3.1,6,23.6,4.9,4.8,Đạt
SV2601110,Công nghệ thông tin,Nữ,Trên 40,Có,Trực tuyến,TP Hồ Chí Minh,Máy tính bảng,2026-01-29,45,486,0.752,9,8.7,4,6.5,6.8,8.1,Đạt
SV2601852,Công nghệ thông tin,Nữ,Trên 40,Có,Trực tuyến,Hà Nội,Máy tính,2026-01-28,61,1566,0.606,10,6.5,3,5.8,7.0,7.8,Đạt
SV2600393,Quản trị kinh doanh,Nam,23-30,Có,Trực tuyến,Cần Thơ,Điện thoại,2026-02-01,24,256,,7,4.9,1,11.8,2.6,5.1,Đạt
SV2602494,Công nghệ thông tin,Nam,18-22,Không,Trực tuyến,Khánh Hòa,Điện thoại,2026-02-14,20,654,0.545,5,5.4,3,36.7,5.9,4.1,Đạt
SV2600005,Công nghệ thông tin,Nam,18-22,Có,Kết hợp,Lâm Đồng,Điện thoại,2026-02-15,34,1137,0.565,9,4.7,6,36.4,5.1,1.9,Không đạt
SV2601358,Ngôn ngữ Anh,Nam,18-22,Không,Kết hợp,Đồng Nai,Máy tính,21/01/2026,34,1124,0.756,7,3.6,1,34.7,7.1,4.7,Đạt
SV2601125,Kinh tế,Nữ,18-22,Không,Trực tuyến,Hà Nội,Điện thoại,2026-01-24,61,1023,0.973,10,6.1,4,1.8,6.2,8.9,Đạt
SV2600176,Công nghệ thông tin,Nam,23-30,Có,Kết hợp,TP Hồ Chí Minh,Máy tính,2026-02-15,39,1359,0.72,5,8.0,3,5.5,6.5,7.2,Đạt
SV2601790,Công nghệ thông tin,Nam,18-22,Có,Trực tuyến,Hưng Yên,Điện thoại,25/01/2026,12,523,0.476,3,5.8,0,10.4,3.6,4.1,Đạt
SV2601827,Công nghệ thông tin,Nam,31-40,Có,Kết hợp,Khánh Hòa,Máy tính,2026-01-23,31,557,0.728,5,"6,1",0,5.6,4.4,5.5,Đạt
SV2602069,Công nghệ thông tin,Nam,Trên 40,Có,Kết hợp,Hà Nội,Điện thoại,15-02-2026,53,707,0.534,7,6.6,5,25.9,6.1,5.9,Đạt
SV2600558,Công nghệ thông tin,Nam,23-30,Có,Trực tuyến,Quảng Ninh,Điện thoại,10-02-2026,26,877,0.478,10,5.5,2,21.1,8.7,8.0,Đạt
SV2602486,Kinh tế,Nữ,23-30,Không,Kết hợp,Đà Nẵng,Điện thoại,2026-02-03,19,253,0.48,4,"2,9",1,36.9,3.3,2.7,Không đạt
SV2602033,Luật,Nữ,18-22,Có,Kết hợp,Thanh Hóa,Điện thoại,2026-01-23,46,867,0.614,4,8.9,6,11.0,4.2,6.5,Đạt
SV2601068,Luật,Nam,23-30,Có,Trực tuyến,Quảng Ninh,Máy tính,13-02-2026,24,46,,4,3.1,1,16.7,1.5,1.7,Không đạt
SV2600342,Công nghệ thông tin,Nam,31-40,Không,Trực tuyến,TP Hồ Chí Minh,Máy tính,2026-02-15,36,974,,6,5.2,0,58.4,5.7,3.9,Không đạt
SV2600861,Quản trị kinh doanh,Nữ,18-22,Có,Trực tuyến,Thái Nguyên,Máy tính,2026-02-08,37,1167,0.704,4,6.6,2,12.8,7.0,5.4,Đạt
SV2602481,Quản trị kinh doanh,Nam,Trên 40,Có,Kết hợp,TP Hồ Chí Minh,Điện thoại,08/02/2026,34,744,0.811,5,5.3,2,29.1,4.3,4.3,Đạt
SV2601178,Kế toán,Nữ,18-22,Không,Trực tuyến,Hà Nội,Máy tính,2026-01-24,49,1116,0.479,9,7.6,5,8.1,6.6,6.4,Đạt
SV2602230,Quản trị kinh doanh,Nữ,31-40,Có,Kết hợp,Hà Nội,Máy tính,05/02/2026,38,1383,0.793,9,10.0,7,14.2,7.6,7.0,Đạt
SV2602590,Công nghệ thông tin,Nữ,18-22,Có,Trực tuyến,Đà Nẵng,Máy tính,24/01/2026,16,644,0.394,4,4.0,0,8.6,3.0,2.8,Không đạt
SV2600717,Quản trị kinh doanh,nữ,23-30,Có,Kết hợp,,Điện thoại,2026-02-06,53,450,0.389,4,5.1,2,12.5,5.5,2.3,Không đạt
SV2602429,Công nghệ thông tin,Nam,18-22,Không,Trực tuyến,TP Hồ Chí Minh,Điện thoại,2026-01-21,26,1454,0.587,8,3.9,0,9.7,5.2,6.7,Đạt
SV2602755,Công nghệ thông tin,Nữ,18-22,Không,Kết hợp,Hà Nội,Máy tính,2026-02-14,45,829,,10,8.3,5,23.1,4.4,4.1,Đạt
SV2600344,Công nghệ thông tin,Nữ,23-30,Có,Trực tuyến,Nghệ An,Máy tính,01-02-2026,24,552,0.28,8,7.6,2,23.8,4.5,2.3,Không đạt
SV2600618, Công nghệ thông tin ,Nam,18-22,Không,Trực tuyến,Hà Nội,Máy tính,20-01-2026,39,1228,0.635,9,5.4,2,25.9,4.2,3.7,Không đạt
SV2600986,Công nghệ thông tin,nữ,23-30,Có,Trực tuyến,Bình Dương,Điện thoại,29/01/2026,60,944,0.796,8,8.3,2,12.1,6.3,7.8,Đạt
SV2600359,Công nghệ thông tin,Khác,23-30,Có,Kết hợp,Hưng Yên,Máy tính,30/01/2026,65,1661,0.961,10,6.8,11,16.9,6.6,7.7,Đạt
SV2602313,Luật,Nam,Trên 40,Có,Trực tuyến,TP Hồ Chí Minh,Máy tính,2026-01-26,75,1328,0.876,9,10.0,6,4.8,8.5,10.0,Đạt
SV2600202,Kinh tế,Nam,23-30,Có,Trực tuyến,Hà Nội,Máy tính,2026-01-30,30,1134,0.584,8,9.0,6,49.4,6.9,6.0,Đạt
SV2602924, Công nghệ thông tin ,Nam,23-30,Có,Kết hợp,Bình Dương,Điện thoại,2026-02-15,27,762,0.419,4,4.1,1,15.1,5.7,4.8,Đạt
SV2601176,Quản trị kinh doanh,Nữ,18-22,Không,Trực tuyến,Hà Nội,Máy tính,2026-01-24,21,536,0.0,2,4.7,0,20.1,2.3,0.5,Không đạt
SV2600411,Du lịch,Nam,Trên 40,Có,Kết hợp,TP Hồ Chí Minh,Máy tính,2026-01-20,21,20,0.214,6,4.3,0,17.2,2.8,2.2,Không đạt
SV2602118,Kế toán,Nữ,Trên 40,Có,Trực tuyến,Hà Nội,Máy tính,03/02/2026,53,1039,0.385,5,6.7,2,46.4,7.0,5.4,Đạt
SV2602108,Kinh tế,Nam,23-30,Có,Trực tuyến,Thanh Hóa,Máy tính,30/01/2026,53,557,0.348,6,7.8,4,16.8,4.7,5.4,Đạt
SV2600641,Quản trị kinh doanh,Nữ,18-22,Không,Trực tuyến,Bắc Ninh,Điện thoại,22-01-2026,39,1070,0.682,7,6.7,3,3.4,7.4,7.2,Đạt
SV2600795,Ngôn ngữ Anh,nam,31-40,Có,Trực tuyến,Hà Nội,Máy tính,15-02-2026,53,1378,0.841,6,8.3,5,4.7,6.8,8.1,Đạt
SV2601294,Quản trị kinh doanh,Nữ,18-22,Không,Kết hợp,,Máy tính,10/02/2026,27,962,0.467,4,6.9,1,1.5,4.3,3.7,Không đạt
SV2600638,Quản trị kinh doanh,Nữ,18-22,Không,Trực tuyến,Lâm Đồng,Máy tính,2026-02-03,47,1085,0.668,10,6.3,4,12.9,7.3,7.2,Đạt
SV2600172,Du lịch,Nữ,31-40,Có,Trực tuyến,Bình Dương,Máy tính,13-02-2026,46,272,0.339,7,3.8,0,22.7,4.7,4.1,Đạt
SV2602882,Quản trị kinh doanh,Nữ,18-22,Không,Kết hợp,Hưng Yên,Máy tính,2026-01-21,36,981,0.434,6,7.5,1,11.0,5.1,5.4,Đạt
SV2602935,Quản trị kinh doanh,Nữ,18-22,Không,Kết hợp,Bắc Ninh,Điện thoại,2026-01-23,35,966,0.665,10,6.2,3,38.2,7.1,3.6,Không đạt
SV2602051,Công nghệ thông tin,Nam,18-22,Không,Kết hợp,Hưng Yên,Máy tính,2026-02-10,9,479,0.398,3,2.8,0,32.4,2.5,0.0,Không đạt
SV2602851,Luật,Nữ,23-30,Có,Trực tuyến,Hải Phòng,Máy tính,2026-02-10,21,522,0.094,1,5.5,0,23.0,2.4,2.0,Không đạt
SV2601315,Công nghệ thông tin,Nam,18-22,Có,Trực tuyến,Hà Nội,Máy tính,2026-01-27,21,310,0.5,9,7.3,3,5.4,6.0,6.5,Đạt
SV2602187,Kế toán,Nam,31-40,Có,Trực tuyến,Hưng Yên,Điện thoại,2026-02-14,36,937,0.542,9,4.9,3,16.9,4.9,6.7,Đạt
SV2600830,Công nghệ thông tin,Nữ,23-30,Có,Trực tuyến,Nghệ An,Điện thoại,29-01-2026,52,959,0.563,6,6.8,2,4.3,4.7,7.9,Đạt
SV2600730,Công nghệ thông tin,Nữ,18-22,Có,Trực tuyến,Thanh Hóa,Máy tính,29-01-2026,33,735,0.384,7,4.9,1,19.1,5.4,3.7,Không đạt
SV2602207,Công nghệ thông tin,Nam,18-22,Có,Kết hợp,Bình Dương,Máy tính,23-01-2026,50,1009,0.413,8,5.6,5,32.2,7.0,5.1,Đạt
SV2602908,Kế toán,Nữ,18-22,Không,Trực tuyến,Hưng Yên,Máy tính,01/02/2026,78,1566,1.0,10,10.0,6,1.5,9.4,10.0,Đạt
SV2601300,Công nghệ thông tin,Nữ,31-40,Có,Trực tuyến,Hà Nội,Máy tính,2026-01-27,53,1263,0.675,8,8.3,4,8.8,8.0,7.4,Đạt
SV2600599,Công nghệ thông tin,Nữ,18-22,Có,Trực tuyến,Bắc Ninh,Máy tính,13/02/2026,30,1128,0.597,6,7.4,1,48.5,6.5,6.0,Đạt
SV2602493,Luật,Nữ,18-22,Không,Kết hợp,Hà Nội,Điện thoại,2026-02-10,42,570,0.847,6,9.7,4,14.0,5.8,6.4,Đạt
SV2602875,Du lịch,Nam,18-22,Không,Trực tuyến,Đồng Nai,Điện thoại,08-02-2026,10,46,0.39,6,4.0,0,6.5,2.9,3.2,Không đạt
SV2601404,Công nghệ thông tin,Nữ,23-30,Có,Trực tuyến,Thanh Hóa,Điện thoại,2026-02-05,1,228,0.325,5,1.7,0,5.5,4.0,4.5,Đạt
SV2600789,Du lịch,Nữ,18-22,KHONG,Trực tuyến,Hải Phòng,Máy tính,30-01-2026,35,570,0.655,10,8.7,4,6.8,4.4,5.2,Đạt
SV2602883,Công nghệ thông tin,Nữ,23-30,Có,Trực tuyến,Thái Nguyên,Máy tính,11/02/2026,20,701,0.379,7,5.0,2,10.7,6.0,3.7,Không đạt
SV2601822,Công nghệ thông tin,Nam,23-30,Có,Trực tuyến,Bình Dương,Điện thoại,2026-02-13,1,20,0.014,3,3.3,0,10.3,4.0,0.0,Không đạt
SV2601214,Du lịch,Nam,23-30,Có,Trực tuyến,TP Hồ Chí Minh,Máy tính,2026-01-20,27,229,0.0,2,4.7,0,25.6,3.4,2.2,Không đạt
SV2601356,Công nghệ thông tin,Nam,23-30,Không,Trực tuyến,Nghệ An,Điện thoại,2026-02-04,58,1022,0.595,5,5.8,1,20.6,5.5,7.5,Đạt
SV2600241,Luật,Nữ,18-22,Có,Trực tuyến,Hà Nội,Máy tính,13/02/2026,36,1017,0.324,6,5.9,3,21.4,3.9,5.2,Đạt
SV2601767,Quản trị kinh doanh,Nữ,31-40,CO,Trực tuyến,Hà Nội,Điện thoại,2026-01-30,1,99999,0.307,4,6.4,0,42.3,4.8,3.3,Không đạt
SV2601650,Luật,Nam,18-22,Không,Kết hợp,Hà Nội,Máy tính,2026-01-25,35,1231,0.71,5,7.9,3,21.9,,5.8,Đạt
SV2600854,Công nghệ thông tin,Nam,18-22,Không,Trực tuyến,Khánh Hòa,Máy tính,26/01/2026,36,1601,0.558,10,5.9,6,0.4,6.8,7.6,Đạt
SV2602029,Kế toán,Nam,31-40,Có,Trực tuyến,Khánh Hòa,Máy tính,15/02/2026,48,1354,0.988,6,8.2,6,6.7,7.3,9.5,Đạt
SV2600335,Công nghệ thông tin,Nữ,18-22,Không,Trực tuyến,Thanh Hóa,Máy tính,2026-01-27,51,668,0.211,6,4.8,3,23.2,4.5,1.8,Không đạt
SV2601127,Quản trị kinh doanh,Nữ,18-22,Không,Trực tuyến,Hà Nội,Máy tính,2026-01-21,59,1241,0.751,10,7.8,0,0.9,7.9,10.0,Đạt
SV2602532,Ngôn ngữ Anh,Nữ,31-40,Có,Trực tuyến,Khánh Hòa,,2026-01-20,17,536,0.519,6,"4,6",3,21.6,6.4,5.4,Đạt
SV2601398,Quản trị kinh doanh,Nữ,23-30,Không,Trực tuyến,Đà Nẵng,Điện thoại,28/01/2026,18,321,0.487,4,4.3,1,33.5,4.3,2.3,Không đạt
SV2601686,Công nghệ thông tin,Nam,23-30,Có,Trực tuyến,Thái Nguyên,Máy tính,2026-02-13,17,171,0.164,0,0.0,4,49.6,5.2,2.6,Không đạt
SV2601890,Công nghệ thông tin,Nam,23-30,Có,Trực tuyến,Đồng Nai,Máy tính,2026-01-28,29,494,0.227,6,3.4,0,13.5,1.5,2.1,Không đạt
SV2601487,Công nghệ thông tin,Nam,18-22,Không,Trực tuyến,Hà Nội,Máy tính bảng,29/01/2026,21,1027,,10,8.5,3,9.4,6.3,7.3,Đạt
SV2602055,Ngôn ngữ Anh,Nữ,18-22,Không,Trực tuyến,Hà Nội,Điện thoại,04/02/2026,43,1369,0.735,10,8.5,3,12.4,7.7,9.4,Đạt
SV2600875,Công nghệ thông tin,Nam,18-22,Không,Kết hợp,Bình Dương,,2026-02-13,51,1328,0.355,7,7.3,6,12.4,8.8,7.1,Đạt
SV2600677,Ngôn ngữ Anh,Nữ,23-30,Có,Kết hợp,Bình Dương,Máy tính,2026-01-23,20,413,0.198,8,4.0,1,17.8,3.5,2.7,Không đạt
SV2602751,Công nghệ thông tin,Khác,18-22,Không,Kết hợp,Hà Nội,Máy tính,2026-02-11,37,750,0.272,5,3.1,2,12.9,5.2,3.8,Không đạt
SV2600028,Du lịch,Nữ,31-40,Có,Trực tuyến,Quảng Ninh,Máy tính,14/02/2026,22,1013,0.442,9,9.5,1,13.0,6.3,6.2,Đạt
SV2602489,Ngôn ngữ Anh,Nam,23-30,Có,Trực tuyến,Hà Nội,Máy tính,2026-01-25,55,1039,0.428,6,9.1,4,5.6,7.1,5.8,Đạt
SV2601798,Công nghệ thông tin,Nam,31-40,Có,Trực tuyến,Quảng Ninh,Điện thoại,09/02/2026,43,877,0.507,7,5.9,8,5.1,5.7,7.1,Đạt
SV2602300,Quản trị kinh doanh,Nữ,Trên 40,Có,Trực tuyến,Nghệ An,Máy tính,2026-01-27,26,1069,0.672,7,9.3,4,27.7,7.6,8.2,Đạt
SV2602484,Công nghệ thông tin,Nữ,23-30,Có,Trực tuyến,Đà Nẵng,Máy tính,2026-02-09,26,1419,0.682,10,7.8,4,8.9,7.8,8.9,Đạt
SV2602724,Quản trị kinh doanh,Nữ,18-22,Không,Trực tuyến,Bắc Ninh,Máy tính,07/02/2026,40,1130,0.79,5,5.7,4,22.6,6.3,5.3,Đạt
SV2600680,Công nghệ thông tin,Khác,31-40,Có,Trực tuyến,Bình Dương,Máy tính,2026-02-08,35,1147,0.742,9,4.9,1,12.2,5.3,7.1,Đạt
SV2602984,Công nghệ thông tin,Nam,23-30,Không,Kết hợp,Hải Phòng,Máy tính,2026-02-07,63,918,0.778,8,7.6,4,17.7,5.9,3.7,Không đạt
SV2600804,Công nghệ thông tin,Nữ,18-22,Không,Trực tuyến,Nghệ An,Máy tính,14-02-2026,46,1341,0.896,9,8.9,6,4.1,,6.6,Đạt
SV2602180,Kinh tế,Nữ,18-22,Không,Trực tuyến,Hà Nội,Máy tính,2026-02-09,42,1112,0.757,8,7.1,5,5.7,6.3,7.4,Đạt
SV2600198,Công nghệ thông tin,Nam,18-22,Không,Trực tuyến,Thanh Hóa,Máy tính,06/02/2026,15,588,,3,4.3,1,9.5,6.0,3.6,Không đạt
SV2600993,Quản trị kinh doanh,Nam,23-30,Không,Trực tuyến,Nghệ An,Điện thoại,23/01/2026,32,737,0.493,5,6.4,1,12.0,6.7,8.4,Đạt
SV2600228,Kinh tế,Nữ,18-22,Không,Trực tuyến,Hà Nội,Máy tính,2026-02-15,32,1101,0.808,5,6.9,1,14.9,7.7,7.2,Đạt
SV2601105,Công nghệ thông tin,Nữ,18-22,Không,Kết hợp,Hà Nội,Máy tính,2026-01-25,49,966,0.501,4,7.4,5,5.0,6.0,6.2,Đạt
SV2601124,Quản trị kinh doanh,nữ,23-30,Có,Kết hợp,Thanh Hóa,Máy tính,2026-02-01,42,1203,0.797,7,9.1,3,2.3,7.2,6.4,Đạt
SV2601639,Quản trị kinh doanh,Nữ,Trên 40,Có,Trực tuyến,Đồng Nai,Máy tính,15-02-2026,40,1079,0.589,6,7.1,3,14.5,4.8,5.4,Đạt
SV2600408,Kinh tế,Nam,23-30,Có,Trực tuyến,Cần Thơ,Máy tính,12/02/2026,50,1403,1.0,9,9.2,6,0.4,6.1,9.1,Đạt
SV2602580,Kinh tế,Khác,23-30,Không,Trực tuyến,Quảng Ninh,Máy tính,02/02/2026,44,1131,0.486,5,5.7,5,8.2,6.5,6.9,Đạt
SV2602704,Kế toán,Nam,18-22,Không,Trực tuyến,Nghệ An,Máy tính,2026-01-24,42,1489,0.99,10,10.0,6,1.6,10.0,10.0,Đạt
SV2602288,Công nghệ thông tin,Nam,23-30,Có,Kết hợp,Thái Nguyên,Điện thoại,2026-02-03,59,1374,0.814,10,9.6,8,10.9,7.8,7.2,Đạt
SV2602295,Luật,Nữ,18-22,Không,Trực tuyến,Hà Nội,Máy tính,2026-02-10,49,923,0.764,6,8.7,1,24.4,5.2,4.5,Đạt
SV2602573,Ngôn ngữ Anh,Nữ,18-22,Không,Kết hợp,Cần Thơ,Máy tính,2026-01-30,41,842,0.772,9,6.1,3,4.1,5.1,6.2,Đạt
SV2601919,Ngôn ngữ Anh,nam,18-22,Có,Trực tuyến,Nghệ An,Máy tính,2026-01-20,1,102,0.088,3,4.7,0,15.9,2.2,2.9,Không đạt
SV2600099,Kế toán,Nữ,18-22,Không,Trực tuyến,Hà Nội,Điện thoại,29/01/2026,51,917,0.356,5,7.8,5,14.9,2.9,4.1,Đạt
SV2602381,Kinh tế,Nam,31-40,Có,Trực tuyến,Hưng Yên,Điện thoại,2026-02-13,48,846,0.618,9,6.4,3,5.8,4.4,7.0,Đạt
SV2601187,Quản trị kinh doanh,Nam,18-22,Không,Trực tuyến,Hà Nội,Máy tính,2026-01-22,44,751,0.652,5,8.2,4,29.2,7.1,7.4,Đạt
SV2601743,Quản trị kinh doanh,nữ,31-40,Có,Kết hợp,Bắc Ninh,Máy tính,29-01-2026,38,965,0.606,10,"7,1",2,1.4,9.6,6.8,Đạt
SV2602684,Công nghệ thông tin,Nữ,31-40,Có,Trực tuyến,Bình Dương,Máy tính,2026-01-29,40,831,0.682,7,7.4,7,12.8,8.9,7.4,Đạt
SV2602719,Luật,Nam,23-30,Không,Trực tuyến,Hà Nội,Máy tính,28/01/2026,28,739,0.533,6,6.0,1,13.8,7.3,6.0,Đạt
SV2602955,Công nghệ thông tin,nữ,23-30,Có,Kết hợp,TP Hồ Chí Minh,,2026-02-02,12,520,0.523,4,5.3,2,33.3,3.0,1.5,Không đạt
SV2600582,Công nghệ thông tin,Nữ,18-22,Không,Kết hợp,Hưng Yên,Máy tính,2026-02-10,56,1083,0.314,9,4.6,2,10.7,6.3,5.2,Đạt
SV2600358,Ngôn ngữ Anh,Nam,23-30,Có,Trực tuyến,Thái Nguyên,Máy tính,23/01/2026,-1,150,0.446,6,5.7,6,31.4,6.9,5.8,Đạt
SV2600087, Kế toán ,Nữ,18-22,Không,Kết hợp,Hà Nội,Máy tính,31/01/2026,36,1423,0.494,9,7.7,8,5.8,7.5,6.4,Đạt
SV2601491,Công nghệ thông tin,Nữ,23-30,Có,Trực tuyến,Cần Thơ,Máy tính,2026-01-22,35,1155,0.551,7,5.3,4,9.8,5.0,5.8,Đạt
SV2602789,Quản trị kinh doanh,Nữ,18-22,Có,Trực tuyến,Bắc Ninh,Máy tính,2026-02-04,46,963,0.564,8,7.0,5,18.6,6.1,5.5,Đạt
SV2600088,Kinh tế,Nữ,31-40,Có,Kết hợp,Hải Phòng,Máy tính,09-02-2026,58,1489,0.544,7,6.2,4,10.8,,7.3,Đạt
SV2602805, Quản trị kinh doanh ,Nam,18-22,Có,Trực tuyến,,Điện thoại,2026-02-08,50,792,0.844,9,"7,1",7,1.1,5.4,7.6,Đạt
SV2600943,Công nghệ thông tin,Nam,31-40,Có,Trực tuyến,Hà Nội,Máy tính,2026-02-02,34,499,0.588,7,6.7,3,18.5,8.1,6.8,Đạt
SV2600754,Quản trị kinh doanh,Nữ,31-40,Có,Trực tuyến,Bình Dương,Máy tính,25/01/2026,24,652,0.226,6,4.0,1,9.4,5.5,5.0,Đạt
SV2602163,Công nghệ thông tin,Nam,18-22,Không,Trực tuyến,Hà Nội,Điện thoại,08/02/2026,43,1474,0.964,10,10.0,6,15.6,7.3,10.0,Đạt
SV2600265,Kế toán,Nữ,23-30,Không,Trực tuyến,Đồng Nai,Điện thoại,2026-01-26,55,993,0.993,10,7.6,2,1.3,7.6,9.0,Đạt
SV2601080,Kế toán,Nam,31-40,Có,Trực tuyến,Bình Dương,Máy tính,2026-01-27,52,744,0.69,10,9.6,6,5.8,10.0,9.6,Đạt
SV2601660,Công nghệ thông tin,Nam,18-22,Không,Trực tuyến,TP Hồ Chí Minh,Điện thoại,2026-02-09,35,973,0.854,10,8.3,8,11.4,5.1,6.7,Đạt
SV2601420,Ngôn ngữ Anh,Nam,18-22,Có,Trực tuyến,Hà Nội,Điện thoại,2026-01-20,26,248,0.425,8,6.0,1,5.1,3.3,4.7,Đạt
SV2600851,Du lịch,Nữ,23-30,Có,Kết hợp,Khánh Hòa,Máy tính,26-01-2026,34,1118,0.766,7,5.2,5,17.1,7.3,6.1,Đạt
SV2600885,Quản trị kinh doanh,Nam,18-22,Không,Trực tuyến,Hà Nội,Điện thoại,22/01/2026,19,527,0.709,2,6.8,2,30.2,,3.9,Không đạt
SV2602346,Kinh tế,Nữ,18-22,Không,Trực tuyến,TP Hồ Chí Minh,Máy tính,07-02-2026,34,1098,0.849,8,6.1,4,4.8,7.3,9.8,Đạt
SV2602833,Quản trị kinh doanh,Nam,23-30,Có,Trực tuyến,TP Hồ Chí Minh,Điện thoại,16-02-2026,53,1552,0.302,10,8.2,3,11.6,8.1,6.1,Đạt
SV2602406,Công nghệ thông tin,Nữ,23-30,Có,Trực tuyến,Nghệ An,Máy tính,2026-02-04,12,955,0.608,9,6.1,1,11.2,3.4,5.9,Đạt
SV2601936,Ngôn ngữ Anh,Nam,31-40,Có,Trực tuyến,Hưng Yên,Điện thoại,14/02/2026,54,850,0.6,8,3.6,2,11.2,7.0,7.6,Đạt
SV2601531,Công nghệ thông tin,Nữ,18-22,Có,Trực tuyến,Hưng Yên,Máy tính,16/02/2026,49,544,0.479,5,5.0,1,14.1,3.0,3.9,Không đạt
SV2602560,Ngôn ngữ Anh,nam,18-22,Không,Trực tuyến,Hà Nội,Điện thoại,25-01-2026,21,158,0.325,4,4.3,1,13.9,,4.8,Đạt
SV2602737,Công nghệ thông tin,Nam,Trên 40,Có,Trực tuyến,TP Hồ Chí Minh,Điện thoại,2026-02-10,64,1517,0.935,7,8.2,9,12.2,8.0,10.0,Đạt
SV2600459,Công nghệ thông tin,Nam,31-40,Có,Trực tuyến,Bắc Ninh,Điện thoại,23/01/2026,41,1085,0.583,10,8.2,6,8.7,9.9,8.6,Đạt
SV2601886,Kinh tế,nữ,31-40,Có,Trực tuyến,Hải Phòng,Máy tính,27/01/2026,33,933,0.35,7,9.0,3,1.4,7.7,6.5,Đạt
SV2602196,Công nghệ thông tin,Nam,18-22,Không,Trực tuyến,Hà Nội,Máy tính,05/02/2026,10,20,0.308,4,5.2,0,31.1,3.9,1.6,Không đạt
SV2600945,Công nghệ thông tin,Nam,31-40,Có,Trực tuyến,Hải Phòng,Điện thoại,2026-02-08,52,1337,0.968,9,8.7,4,2.5,10.0,10.0,Đạt
SV2601251,Quản trị kinh doanh,Nam,23-30,Có,Trực tuyến,Thanh Hóa,Máy tính,2026-02-16,49,760,0.596,9,6.7,0,48.3,3.3,6.2,Đạt
SV2602606,Công nghệ thông tin,Nam,18-22,Không,Kết hợp,Cần Thơ,Điện thoại,2026-02-02,46,672,0.828,8,8.2,4,15.0,7.3,6.9,Đạt
SV2602827,Công nghệ thông tin,nữ,31-40,Có,Kết hợp,Quảng Ninh,Máy tính,2026-01-25,20,282,0.329,8,3.8,0,14.5,5.2,5.3,Đạt
SV2600476,Công nghệ thông tin,Nam,18-22,Không,Trực tuyến,Đà Nẵng,Máy tính,11/02/2026,55,1248,0.78,9,9.4,6,15.2,7.2,9.4,Đạt
SV2601289,Kinh tế,Nam,18-22,Không,Kết hợp,Hải Phòng,Máy tính,11-02-2026,48,1045,0.688,9,5.8,2,10.0,8.6,6.2,Đạt
SV2602797,Kinh tế,Nữ,23-30,Có,Kết hợp,Hưng Yên,Máy tính,02/02/2026,19,1006,0.583,8,5.8,3,8.5,5.5,5.2,Đạt
SV2602392,Quản trị kinh doanh,Nữ,31-40,Có,Kết hợp,TP Hồ Chí Minh,Điện thoại,2026-01-20,26,1028,0.706,7,8.6,2,11.8,,5.9,Đạt
SV2602353,Công nghệ thông tin,Nữ,23-30,Có,Kết hợp,Hà Nội,Máy tính,2026-01-21,47,1031,0.532,6,6.5,4,6.5,4.9,5.6,Đạt
SV2602824,Kinh tế,Nữ,31-40,Có,Trực tuyến,Quảng Ninh,Máy tính,2026-01-29,21,463,0.124,4,4.8,0,12.0,3.0,3.9,Không đạt
SV2601402,Kinh tế,Nữ,23-30,Không,Trực tuyến,TP Hồ Chí Minh,Máy tính bảng,31-01-2026,49,1136,0.792,8,7.9,5,3.4,6.9,9.5,Đạt
SV2600760,Du lịch,Nam,18-22,Không,Kết hợp,Khánh Hòa,Máy tính,2026-01-30,35,1499,0.534,7,6.7,4,29.9,3.2,2.5,Không đạt
SV2602548,Công nghệ thông tin,Nữ,18-22,Không,Kết hợp,Đồng Nai,Điện thoại,12-02-2026,34,904,0.688,5,4.3,3,30.0,4.9,2.9,Không đạt
SV2601259,Quản trị kinh doanh,Nữ,Trên 40,Có,Trực tuyến,Cần Thơ,Máy tính,2026-02-15,43,259,0.493,5,7.2,1,10.6,3.6,5.5,Đạt
SV2602461,Ngôn ngữ Anh,Nam,18-22,Không,Trực tuyến,Cần Thơ,Máy tính,2026-01-23,42,1162,0.673,6,4.2,4,29.0,8.4,5.9,Đạt
SV2601603,Kế toán,Nữ,23-30,Có,Kết hợp,Thái Nguyên,Máy tính,2026-02-08,27,740,0.708,8,"6,3",1,9.6,3.5,4.4,Đạt
SV2600302,Kinh tế,Nam,23-30,Có,Kết hợp,TP Hồ Chí Minh,Máy tính,2026-02-13,44,541,0.515,8,8.3,6,11.8,6.8,5.7,Đạt
SV2602220,Kế toán,Nữ,18-22,Có,Trực tuyến,Thái Nguyên,Điện thoại,2026-02-03,9,46,0.386,3,"4,1",0,24.0,6.5,3.3,Không đạt
SV2602923,Kinh tế,Nữ,23-30,Có,Trực tuyến,Cần Thơ,Điện thoại,2026-02-05,12,974,0.282,7,5.9,1,9.8,5.1,7.0,Đạt
SV2600509,Công nghệ thông tin,Nữ,18-22,Có,Trực tuyến,Đà Nẵng,Điện thoại,2026-01-27,57,921,0.682,10,6.3,3,9.1,8.1,7.9,Đạt
SV2601617,Ngôn ngữ Anh,Nữ,18-22,Không,Trực tuyến,Quảng Ninh,Máy tính,20/01/2026,18,323,0.698,6,4.5,3,18.0,3.0,5.1,Đạt
SV2601670,Ngôn ngữ Anh,Nam,31-40,Có,Kết hợp,Thanh Hóa,Máy tính,2026-01-20,55,1024,0.795,10,6.6,4,4.4,6.5,6.2,Đạt
SV2602717,Công nghệ thông tin,Nữ,23-30,Có,Trực tuyến,Hà Nội,Máy tính,2026-01-26,22,1332,0.888,4,7.3,2,6.5,5.6,6.7,Đạt
SV2601359,Kinh tế,Nam,18-22,Không,Kết hợp,TP Hồ Chí Minh,Máy tính,11/02/2026,26,515,0.846,6,6.8,1,21.9,4.8,3.1,Không đạt
SV2601649,Công nghệ thông tin,Nam,18-22,Không,Trực tuyến,Nghệ An,Máy tính bảng,24/01/2026,51,1725,0.587,10,7.9,1,8.3,8.9,8.1,Đạt
SV2601950,Công nghệ thông tin,Nữ,Trên 40,Có,Trực tuyến,Nghệ An,Máy tính,2026-02-08,22,707,0.28,2,5.4,1,26.7,5.8,4.2,Đạt
SV2602665,Kinh tế,Nam,23-30,Có,Trực tuyến,TP Hồ Chí Minh,Điện thoại,02/02/2026,12,37,0.233,2,4.8,0,14.2,1.2,1.2,Không đạt
SV2603000,Kế toán,Nữ,18-22,Không,Trực tuyến,TP Hồ Chí Minh,Điện thoại,10/02/2026,22,1363,0.808,10,6.2,1,16.2,4.9,6.0,Đạt
SV2602543,Công nghệ thông tin,Nam,18-22,Có,Trực tuyến,Hải Phòng,Máy tính,12-02-2026,26,288,0.397,6,5.9,2,17.3,3.6,4.1,Đạt
SV2600467,Ngôn ngữ Anh,Nam,31-40,Có,Kết hợp,Đồng Nai,Máy tính,14/02/2026,43,1202,0.925,10,8.4,4,4.7,8.4,6.4,Đạt
SV2600130,Công nghệ thông tin,Nữ,18-22,Không,Trực tuyến,Thanh Hóa,Điện thoại,2026-01-31,43,863,0.566,5,7.1,2,4.9,7.2,6.6,Đạt
SV2601734,Kế toán,Nam,Trên 40,Có,Trực tuyến,Hải Phòng,Máy tính,02-02-2026,58,936,0.957,10,10.0,4,46.5,8.4,9.9,Đạt
SV2600102,Kế toán,nam,18-22,Không,Trực tuyến,Hưng Yên,Máy tính,2026-02-07,39,1018,0.401,8,6.7,2,10.2,4.1,6.8,Đạt
SV2602969, Công nghệ thông tin ,Nữ,18-22,Không,Trực tuyến,Hà Nội,Máy tính,2026-01-29,34,1499,0.69,7,7.5,4,0.6,6.3,7.4,Đạt
SV2600158,Công nghệ thông tin,Nữ,18-22,Không,Trực tuyến,Thanh Hóa,Máy tính bảng,2026-02-14,-1,579,1.0,9,6.7,6,15.0,7.4,7.6,Đạt
SV2601748,Du lịch,Nam,18-22,Không,Kết hợp,Hải Phòng,Máy tính,14-02-2026,58,1152,0.658,10,7.6,3,12.1,6.2,4.1,Đạt
SV2601032,Du lịch,Nữ,23-30,Không,Trực tuyến,Hải Phòng,Máy tính bảng,23-01-2026,59,530,0.639,8,6.1,3,4.5,6.8,7.1,Đạt
SV2600397,Kinh tế,Nam,18-22,Không,Kết hợp,Thanh Hóa,Điện thoại,2026-01-20,39,1188,0.753,8,2.2,1,20.8,,2.8,Không đạt
SV2602357,Công nghệ thông tin,Nữ,18-22,Không,Trực tuyến,Hưng Yên,Máy tính bảng,2026-02-10,40,1065,0.759,8,6.7,6,1.8,8.8,8.9,Đạt
SV2602762,Ngôn ngữ Anh,Nam,18-22,Không,Trực tuyến,Hà Nội,Máy tính,2026-01-29,23,1061,0.257,7,3.2,1,10.8,5.6,5.2,Đạt
SV2602877,Kinh tế,Nữ,18-22,Không,Trực tuyến,Bình Dương,Máy tính,2026-01-25,35,701,0.573,10,3.8,0,25.9,4.1,3.2,Không đạt
SV2600438,Quản trị kinh doanh,Nữ,18-22,Có,Trực tuyến,TP Hồ Chí Minh,Máy tính,2026-01-26,22,176,0.429,5,7.4,0,14.0,3.1,4.8,Đạt
SV2602982,Du lịch,Nam,31-40,Có,Kết hợp,Quảng Ninh,Máy tính,11/02/2026,52,700,0.596,8,6.2,2,5.8,8.2,8.0,Đạt
SV2602362,Quản trị kinh doanh,Nam,23-30,Có,Trực tuyến,Nghệ An,Điện thoại,21/01/2026,68,1310,1.0,9,9.5,8,9.6,9.1,8.9,Đạt
SV2602072,Quản trị kinh doanh,Nam,31-40,Có,Trực tuyến,Bắc Ninh,Điện thoại,2026-02-03,54,862,0.882,10,9.3,5,4.4,10.0,10.0,Đạt
SV2600152,Công nghệ thông tin,Nam,31-40,Có,Trực tuyến,Lâm Đồng,Máy tính,2026-02-06,43,269,0.411,8,6.2,2,37.8,5.2,5.6,Đạt
SV2600201,Công nghệ thông tin,Nữ,18-22,Không,Kết hợp,Bình Dương,Máy tính,30/01/2026,35,1624,0.699,8,9.2,6,1.3,5.9,5.4,Đạt
SV2601549,Công nghệ thông tin,Nam,23-30,Không,Trực tuyến,Hưng Yên,Điện thoại,14/02/2026,67,1063,0.626,9,5.8,6,28.1,3.0,4.4,Đạt
SV2600748,Công nghệ thông tin,Nam,31-40,Có,Trực tuyến,Hà Nội,Máy tính,2026-02-11,19,435,0.411,2,6.8,1,20.2,3.1,3.4,Không đạt
SV2602089,Công nghệ thông tin,Nam,31-40,Có,Kết hợp,Hà Nội,Máy tính,16-02-2026,40,1383,0.922,9,8.4,3,0.7,6.4,6.6,Đạt
SV2601235,Ngôn ngữ Anh,Nữ,18-22,Không,Trực tuyến,TP Hồ Chí Minh,Điện thoại,2026-02-14,40,1288,1.0,10,6.7,5,3.4,8.0,9.9,Đạt
SV2600109,Kinh tế,Nam,18-22,Không,Kết hợp,Cần Thơ,Điện thoại,07/02/2026,55,1416,0.988,10,7.8,9,10.9,6.2,5.7,Đạt
SV2602535,Công nghệ thông tin,Nữ,31-40,Có,Trực tuyến,Hà Nội,Máy tính,04/02/2026,38,943,0.447,4,6.5,4,9.8,5.5,5.1,Đạt
SV2601770,Công nghệ thông tin,nữ,18-22,Có,Kết hợp,Thái Nguyên,Máy tính,2026-02-10,39,946,0.737,6,7.4,2,1.9,6.4,6.6,Đạt
SV2600950,Du lịch,Nam,18-22,Không,Trực tuyến,,Máy tính,22/01/2026,44,1225,0.339,5,7.5,3,3.4,6.8,7.0,Đạt
SV2602700,Công nghệ thông tin,Nữ,31-40,Có,Trực tuyến,Hà Nội,Điện thoại,04/02/2026,26,612,0.77,6,4.9,1,11.1,7.1,6.5,Đạt
SV2602788,Ngôn ngữ Anh,Nữ,Trên 40,Có,Trực tuyến,Hà Nội,Điện thoại,2026-01-20,48,864,0.432,6,4.9,3,12.3,6.0,7.0,Đạt
SV2601752,Du lịch,Nữ,31-40,Có,Trực tuyến,TP Hồ Chí Minh,Máy tính,2026-01-28,73,1159,0.916,10,5.8,4,11.1,9.5,10.0,Đạt
SV2600131,Luật,Nữ,Trên 40,Không,Kết hợp,Đồng Nai,,04/02/2026,47,946,0.589,2,4.8,3,28.2,4.5,3.8,Không đạt
SV2602803,Luật,Nam,Trên 40,Có,Trực tuyến,Đà Nẵng,Máy tính,2026-01-27,60,948,0.844,8,9.9,3,4.4,8.1,9.7,Đạt
SV2600157,Công nghệ thông tin,Nam,23-30,Có,Trực tuyến,Hà Nội,Máy tính,03/02/2026,49,818,0.95,10,6.6,5,15.9,5.1,6.5,Đạt
SV2600554,Kinh tế,Nam,18-22,Không,Trực tuyến,TP Hồ Chí Minh,Điện thoại,2026-02-15,12,563,0.234,4,6.8,1,29.5,7.0,1.9,Không đạt
SV2600175,Công nghệ thông tin,Nam,18-22,Không,Trực tuyến,TP Hồ Chí Minh,Điện thoại,29/01/2026,23,564,0.408,4,8.1,1,11.2,2.9,3.3,Không đạt
SV2600292,Kế toán,Nam,31-40,Có,Trực tuyến,TP Hồ Chí Minh,Máy tính,2026-01-26,29,709,0.922,9,7.7,3,7.9,,8.0,Đạt
SV2601237,Công nghệ thông tin,Nam,Trên 40,Có,Trực tuyến,Cần Thơ,Điện thoại,13-02-2026,26,1158,0.403,9,6.4,4,52.2,5.9,5.1,Đạt
SV2600402,Kinh tế,Nam,18-22,Không,Trực tuyến,Hà Nội,Máy tính,2026-01-27,39,817,0.64,7,6.7,2,3.7,7.5,7.5,Đạt
SV2601612,Công nghệ thông tin,Nữ,31-40,Có,Trực tuyến,Hải Phòng,Máy tính,2026-02-16,37,784,0.713,2,5.7,4,28.8,3.5,5.4,Đạt
SV2601292,Kế toán,Nữ,23-30,Không,Trực tuyến,Quảng Ninh,Máy tính,09-02-2026,52,1297,0.694,8,10.0,8,6.8,,7.6,Đạt
SV2601037, Kinh tế ,Nam,18-22,Không,Trực tuyến,,Điện thoại,2026-01-24,19,1249,0.663,10,8.2,6,10.4,,6.9,Đạt
SV2601575,Du lịch,nữ,18-22,Không,Trực tuyến,TP Hồ Chí Minh,Máy tính,2026-02-03,1,93,0.162,0,0.0,0,57.0,1.6,0.0,Không đạt
SV2602318,Kế toán,Nam,18-22,Không,Kết hợp,Hải Phòng,Điện thoại,2026-02-06,48,1134,0.766,7,5.1,5,0.8,5.6,5.6,Đạt
SV2602215,Kế toán,Nữ,18-22,Có,Kết hợp,TP Hồ Chí Minh,Máy tính,21/01/2026,36,260,0.496,4,4.9,1,35.9,3.4,2.9,Không đạt
SV2600009,Luật,Nam,31-40,Có,Trực tuyến,Bắc Ninh,Máy tính,04-02-2026,72,878,1.0,10,8.7,3,7.7,6.2,9.5,Đạt
SV2602365,Quản trị kinh doanh,Khác,31-40,Có,Kết hợp,Bình Dương,Máy tính,2026-01-28,24,724,0.265,6,6.4,3,3.6,6.8,3.9,Không đạt
SV2601517,Quản trị kinh doanh,Nữ,18-22,KHONG,Trực tuyến,Thanh Hóa,Điện thoại,26/01/2026,38,519,0.487,7,6.2,4,11.1,7.7,7.8,Đạt
SV2601291,Công nghệ thông tin,Nữ,18-22,Có,Trực tuyến,Hà Nội,Điện thoại,2026-02-16,54,1055,0.851,10,8.8,1,1.9,,9.6,Đạt
SV2602470,Công nghệ thông tin,Nam,18-22,Có,Trực tuyến,Hà Nội,Máy tính,2026-02-02,44,1112,0.867,10,8.4,5,2.8,7.5,9.3,Đạt
SV2600989,Quản trị kinh doanh,Nam,18-22,Không,Trực tuyến,Đà Nẵng,Máy tính,21/01/2026,56,957,0.654,7,6.1,4,2.7,5.6,6.6,Đạt
SV2600160,Kinh tế,Nữ,23-30,Có,Kết hợp,Quảng Ninh,Máy tính,14/02/2026,56,889,0.665,9,9.2,8,37.4,6.5,5.2,Đạt
SV2602149,Công nghệ thông tin,Khác,18-22,Không,Trực tuyến,TP Hồ Chí Minh,Máy tính,2026-01-27,55,1181,0.888,10,5.2,4,24.9,8.9,9.8,Đạt
SV2601167,Công nghệ thông tin,Nữ,23-30,Có,Trực tuyến,Nghệ An,Điện thoại,2026-01-22,78,726,0.656,10,7.9,4,11.5,7.4,9.0,Đạt
SV2600918,Kế toán,Nữ,23-30,Có,Kết hợp,Khánh Hòa,Điện thoại,25/01/2026,27,235,0.631,6,6.5,5,39.9,4.1,6.7,Đạt
SV2602237,Công nghệ thông tin,Nam,18-22,Không,Trực tuyến,Hà Nội,Máy tính bảng,2026-02-15,42,464,0.628,7,5.6,3,13.4,7.4,6.2,Đạt
SV2601911, Công nghệ thông tin ,Nữ,18-22,Không,Trực tuyến,Bình Dương,Điện thoại,2026-02-10,51,842,0.539,7,6.9,1,8.3,5.6,7.6,Đạt
SV2601891,Công nghệ thông tin,Nam,31-40,Không,Trực tuyến,Thanh Hóa,Máy tính bảng,2026-02-16,48,933,0.707,10,6.9,4,25.4,6.3,4.7,Đạt
SV2600897,Kinh tế,Nam,18-22,Không,Trực tuyến,Hà Nội,Máy tính,2026-01-20,43,1152,0.654,8,9.3,5,4.8,6.4,9.6,Đạt
SV2601819,Du lịch,Nữ,23-30,Không,Trực tuyến,Bình Dương,Điện thoại,2026-01-23,43,518,0.597,6,6.9,1,18.1,7.6,5.9,Đạt
SV2600247,Kinh tế,Nữ,23-30,Có,Trực tuyến,Thanh Hóa,Máy tính,20-01-2026,33,927,0.732,7,4.8,2,12.1,3.7,7.7,Đạt
SV2602531,Quản trị kinh doanh,Nữ,18-22,Không,Trực tuyến,Hưng Yên,Máy tính,29/01/2026,41,1118,0.265,10,8.1,7,2.1,7.8,8.6,Đạt
SV2601988,Công nghệ thông tin,khác,31-40,Có,Trực tuyến,Hải Phòng,Điện thoại,07/02/2026,41,397,0.507,6,6.0,1,3.3,7.6,7.8,Đạt
SV2602131,Kinh tế,Nam,18-22,Không,Trực tuyến,Hà Nội,Máy tính,04-02-2026,27,663,0.109,5,6.3,0,48.3,4.0,0.7,Không đạt
SV2602142,Công nghệ thông tin,Nam,23-30,Không,Trực tuyến,Hà Nội,Máy tính,2026-02-02,26,909,0.524,9,7.9,3,45.0,6.4,5.3,Đạt
SV2601938,Luật,Nam,18-22,Có,Trực tuyến,TP Hồ Chí Minh,Máy tính,13/02/2026,33,955,0.571,8,8.0,2,3.9,7.8,6.8,Đạt
SV2600660,Công nghệ thông tin,Nữ,Trên 40,Có,Trực tuyến,Hưng Yên,Máy tính bảng,08/02/2026,27,314,0.501,5,4.0,2,7.8,3.9,3.6,Không đạt
SV2600535,Kinh tế,Nữ,18-22,Không,Trực tuyến,Đồng Nai,Điện thoại,06/02/2026,22,529,0.529,5,7.5,3,3.6,5.7,5.6,Đạt
SV2602729,Kinh tế,Nam,23-30,Có,Trực tuyến,Bình Dương,Máy tính,29-01-2026,53,709,0.796,7,8.2,2,14.4,7.4,7.8,Đạt
SV2601020,Công nghệ thông tin,Nam,31-40,Có,Trực tuyến,Nghệ An,Máy tính,26-01-2026,22,274,0.235,7,6.0,1,62.9,5.5,2.0,Không đạt
SV2601922,Công nghệ thông tin,Nam,23-30,Có,Trực tuyến,Hà Nội,Máy tính bảng,2026-02-08,25,987,0.608,6,3.2,1,7.3,3.5,5.0,Đạt
SV2600072,Quản trị kinh doanh,Khác,18-22,Không,Kết hợp,TP Hồ Chí Minh,Điện thoại,2026-02-03,33,1040,0.531,6,6.0,4,25.1,7.4,3.9,Không đạt
SV2601307,Công nghệ thông tin,Nữ,18-22,Có,Trực tuyến,Đà Nẵng,Điện thoại,2026-02-09,27,1129,0.875,8,7.2,6,26.9,8.1,9.1,Đạt
SV2600681,Luật,Nam,23-30,Không,Kết hợp,Hà Nội,Máy tính bảng,24-01-2026,41,1088,0.625,7,7.6,2,2.1,10.0,7.5,Đạt
SV2601002,Kinh tế,Nam,18-22,Không,Trực tuyến,Cần Thơ,Điện thoại,2026-02-04,39,1407,0.198,10,8.0,3,0.4,4.7,5.9,Đạt
SV2602211, Kinh tế ,Nữ,23-30,Có,Trực tuyến,TP Hồ Chí Minh,Điện thoại,2026-01-28,32,1226,0.915,7,6.2,6,4.6,,6.7,Đạt
SV2600010,Kế toán,Nam,18-22,Không,Kết hợp,TP Hồ Chí Minh,Máy tính,2026-02-14,52,1144,0.914,7,8.8,5,6.0,,8.6,Đạt
SV2602799,Kinh tế,Nữ,18-22,CO,Trực tuyến,Hà Nội,Máy tính,29/01/2026,19,481,0.437,6,7.4,1,31.7,4.8,5.5,Đạt
SV2600315,Du lịch,Nam,18-22,Có,Kết hợp,TP Hồ Chí Minh,Điện thoại,20-01-2026,30,835,0.727,4,8.3,6,10.0,7.1,5.9,Đạt
SV2601474,Du lịch,Nam,23-30,Có,Trực tuyến,Bắc Ninh,Điện thoại,2026-02-16,33,632,0.472,2,6.1,0,90.1,7.4,6.3,Đạt
SV2602941, Luật ,Nữ,18-22,Không,Trực tuyến,Hà Nội,Máy tính,09-02-2026,10,357,0.496,4,5.4,1,9.9,4.6,4.7,Đạt
SV2600697,Kinh tế,Nam,31-40,Có,Trực tuyến,Lâm Đồng,Máy tính,2026-02-15,25,496,0.157,4,3.2,1,17.9,6.1,3.9,Không đạt
SV2600719,Ngôn ngữ Anh,Nam,23-30,Có,Trực tuyến,Đà Nẵng,Điện thoại,08/02/2026,81,1560,0.575,10,7.3,8,6.4,6.3,10.0,Đạt
SV2602574,Du lịch,Nữ,Trên 40,Có,Kết hợp,Cần Thơ,Máy tính,2026-02-07,62,1015,0.465,8,7.7,1,10.4,8.4,7.8,Đạt
SV2600853,Công nghệ thông tin,Nữ,Trên 40,Có,Kết hợp,Hải Phòng,Máy tính,2026-01-27,52,1268,0.816,10,9.9,7,11.8,7.8,6.7,Đạt
SV2601325,Ngôn ngữ Anh,Nữ,18-22,Không,Trực tuyến,Thái Nguyên,Điện thoại,2026-01-31,18,395,0.374,4,5.4,4,27.5,3.4,2.4,Không đạt
SV2601396,Quản trị kinh doanh,Nữ,23-30,Có,Kết hợp,Hà Nội,Điện thoại,30/01/2026,21,672,0.719,7,6.5,4,22.0,,5.8,Đạt
SV2600784,Quản trị kinh doanh,Nữ,23-30,CO,Kết hợp,Thanh Hóa,Điện thoại,10/02/2026,21,400,0.462,5,7.5,1,22.8,6.3,6.7,Đạt
SV2601342,Du lịch,Nữ,23-30,Không,Trực tuyến,Hà Nội,Điện thoại,2026-02-15,54,1237,1.0,10,8.5,7,3.3,7.6,8.7,Đạt
SV2602533,Quản trị kinh doanh,Nam,18-22,Có,Trực tuyến,Bắc Ninh,Điện thoại,2026-02-12,42,1260,0.561,10,10.0,4,14.6,9.3,9.7,Đạt
SV2602328,Kinh tế,Nữ,23-30,Có,Trực tuyến,Hà Nội,Điện thoại,02-02-2026,48,1099,0.597,8,10.0,7,18.3,8.4,9.2,Đạt
SV2602902,Kinh tế,Nữ,18-22,Không,Trực tuyến,Hà Nội,Máy tính,2026-02-09,38,845,0.661,1,6.6,3,21.0,5.3,4.8,Đạt
SV2602529,Công nghệ thông tin,Nữ,23-30,Không,Trực tuyến,Hà Nội,Máy tính,2026-02-09,49,1166,0.86,7,"5,7",0,25.2,5.4,6.7,Đạt
SV2601332,Công nghệ thông tin,Nam,18-22,Không,Trực tuyến,Thái Nguyên,Máy tính,2026-02-03,26,1209,,8,3.9,3,8.5,6.7,7.6,Đạt
SV2601229,Quản trị kinh doanh,Nữ,Trên 40,Có,Trực tuyến,Hưng Yên,Máy tính,2026-01-30,42,1075,0.408,5,6.6,3,4.3,5.3,4.7,Đạt
SV2600391,Du lịch,Nam,18-22,Không,Trực tuyến,Hà Nội,Máy tính,07/02/2026,15,629,0.502,5,4.3,0,8.2,5.1,4.4,Đạt
SV2602229,Công nghệ thông tin,Nam,23-30,Có,Trực tuyến,Cần Thơ,,01/02/2026,42,1219,1.0,10,7.6,3,10.3,7.3,7.4,Đạt
SV2600688,Kinh tế,Nữ,23-30,Có,Trực tuyến,,Điện thoại,2026-01-20,35,1098,0.512,10,6.3,0,2.2,6.0,6.8,Đạt
SV2602638,Công nghệ thông tin,Nữ,23-30,Có,Trực tuyến,Nghệ An,Máy tính,2026-02-10,22,729,0.477,5,7.3,2,6.8,2.5,5.8,Đạt
SV2602421,Kinh tế,Nữ,31-40,Có,Trực tuyến,Khánh Hòa,Máy tính,2026-02-09,26,267,0.699,3,6.4,2,9.5,3.0,6.8,Đạt
SV2600071,Quản trị kinh doanh,Nam,18-22,Không,Trực tuyến,Lâm Đồng,Điện thoại,2026-02-07,43,1124,0.513,10,6.6,3,11.6,7.2,4.3,Đạt
SV2601925,Công nghệ thông tin,nam,18-22,Có,Trực tuyến,Lâm Đồng,Máy tính,2026-01-30,15,235,0.469,3,8.0,0,18.3,5.4,5.8,Đạt
SV2600464,Kế toán,Nam,18-22,Không,Trực tuyến,Hà Nội,Máy tính,2026-02-13,9,170,0.222,3,2.1,0,32.8,2.3,0.3,Không đạt
SV2600370,Công nghệ thông tin,Nam,Trên 40,Có,Kết hợp,Đồng Nai,Điện thoại,2026-02-10,37,789,0.582,6,5.0,2,6.2,5.5,5.4,Đạt
SV2600859,Công nghệ thông tin,Nam,18-22,Có,Trực tuyến,Thanh Hóa,Máy tính,2026-01-22,61,969,1.0,10,7.3,9,2.4,9.3,10.0,Đạt
SV2601460,Kinh tế,Nam,31-40,Có,Kết hợp,Nghệ An,Máy tính,11/02/2026,37,563,0.604,8,4.8,1,17.3,7.2,5.7,Đạt
SV2601578,Kế toán,Nam,31-40,Có,Kết hợp,Đà Nẵng,Điện thoại,2026-02-08,34,1013,0.716,2,5.5,1,18.0,7.2,5.5,Đạt
SV2602630,Công nghệ thông tin,Nam,18-22,Không,Trực tuyến,Hà Nội,Điện thoại,2026-01-27,60,1503,1.0,9,8.4,6,7.5,7.5,9.1,Đạt
SV2601318,Du lịch,Nam,23-30,Có,Trực tuyến,Đồng Nai,Điện thoại,2026-02-10,30,454,0.606,0,0.0,0,4.0,,3.7,Không đạt
SV2600472,Kế toán,Nam,18-22,Không,Trực tuyến,Hải Phòng,Điện thoại,2026-02-08,43,601,0.841,5,8.4,5,7.0,6.9,8.7,Đạt
SV2601046,Luật,Nam,31-40,Có,Trực tuyến,Hà Nội,Điện thoại,2026-02-07,39,570,0.334,6,5.8,6,15.1,4.7,3.6,Không đạt
SV2601337,Du lịch,Nữ,18-22,Không,Trực tuyến,Thái Nguyên,Máy tính,2026-01-26,28,950,0.442,8,6.4,1,38.5,,4.1,Đạt
SV2600961,Kế toán,Nam,18-22,Không,Trực tuyến,Hà Nội,Điện thoại,2026-02-03,36,1132,0.617,8,5.6,3,3.7,6.7,7.2,Đạt
SV2600762,Công nghệ thông tin,Nữ,31-40,Có,Kết hợp,Quảng Ninh,Máy tính bảng,2026-01-27,31,702,0.325,5,7.0,3,27.1,7.0,4.1,Đạt
SV2601013,Công nghệ thông tin,nữ,18-22,Không,Trực tuyến,Quảng Ninh,Máy tính,27/01/2026,50,1165,0.638,10,10.0,6,29.8,5.8,6.7,Đạt
SV2600144,Kế toán,Nữ,23-30,Có,Trực tuyến,Nghệ An,Máy tính,2026-01-21,30,151,0.439,6,3.6,0,27.1,4.2,5.3,Đạt
SV2601481,Công nghệ thông tin,Nam,31-40,Có,Trực tuyến,Quảng Ninh,Máy tính,2026-01-28,44,330,0.463,7,5.5,0,10.5,7.8,7.3,Đạt
SV2601638,Ngôn ngữ Anh,Nam,23-30,Có,Kết hợp,,Máy tính,2026-01-26,31,895,,8,5.1,2,51.7,4.9,4.2,Đạt
SV2600032,Kinh tế,Nam,18-22,Không,Kết hợp,Thanh Hóa,Máy tính bảng,26/01/2026,33,99999,0.599,10,8.4,5,20.1,6.1,6.4,Đạt
SV2602000,Công nghệ thông tin,Nữ,18-22,Không,Kết hợp,TP Hồ Chí Minh,Máy tính,04/02/2026,36,926,0.696,4,7.6,0,15.0,8.3,5.1,Đạt
SV2601593,Công nghệ thông tin,Nữ,31-40,Có,Trực tuyến,Lâm Đồng,Điện thoại,2026-02-15,13,479,0.33,6,7.7,1,27.4,,4.7,Đạt
SV2600631,Kinh tế,Nữ,Trên 40,Có,Kết hợp,Thanh Hóa,Máy tính,16/02/2026,31,780,0.941,6,8.8,2,5.2,6.2,6.4,Đạt
SV2600768,Du lịch,Nữ,23-30,Không,Trực tuyến,Hải Phòng,Máy tính bảng,29/01/2026,16,158,0.58,1,"7,2",0,7.9,4.0,4.1,Đạt
SV2600949,Công nghệ thông tin,Nữ,23-30,Có,Kết hợp,Hưng Yên,Điện thoại,2026-01-31,20,741,0.363,4,5.9,2,18.1,,4.4,Đạt
SV2602986,Kế toán,Khác,18-22,Có,Kết hợp,Quảng Ninh,Máy tính,2026-02-04,20,847,0.75,6,7.0,3,17.0,6.8,6.2,Đạt
SV2602639,Luật,Nữ,18-22,Không,Trực tuyến,Hà Nội,Máy tính,11/02/2026,78,1207,,9,9.0,6,16.7,5.5,8.1,Đạt
SV2601590,Công nghệ thông tin,Nữ,18-22,Không,Trực tuyến,Đà Nẵng,Máy tính,2026-02-03,58,775,0.731,10,6.0,3,7.4,4.9,6.6,Đạt
SV2600321,Kinh tế,Nam,23-30,Có,Trực tuyến,Cần Thơ,Điện thoại,2026-01-29,43,1135,0.436,5,6.9,4,3.4,6.0,7.4,Đạt
SV2602662,Công nghệ thông tin,Nữ,23-30,Không,Trực tuyến,Nghệ An,Máy tính,2026-01-21,57,1081,0.622,6,6.9,3,3.6,4.9,7.0,Đạt
SV2602551,Ngôn ngữ Anh,Nữ,23-30,Không,Trực tuyến,Quảng Ninh,Máy tính,2026-01-25,45,1035,0.791,10,8.6,8,9.8,7.9,8.4,Đạt
SV2601467,Du lịch,Nam,23-30,Có,Trực tuyến,TP Hồ Chí Minh,Điện thoại,20/01/2026,21,596,0.182,3,5.4,1,12.2,2.3,3.5,Không đạt
SV2600956,Kế toán,Nam,18-22,Có,Trực tuyến,Quảng Ninh,Máy tính,2026-02-06,37,1286,0.704,7,9.9,2,14.9,5.8,8.3,Đạt
SV2602109,Kinh tế,Nam,31-40,Có,Trực tuyến,Bắc Ninh,Điện thoại,15/02/2026,41,599,,6,6.7,3,3.8,5.9,4.3,Đạt
SV2601714,Luật,Nam,23-30,Có,Trực tuyến,Nghệ An,Máy tính,31/01/2026,43,975,0.491,6,10.0,2,18.9,7.0,7.1,Đạt
SV2602071,Luật,Nữ,18-22,Không,Trực tuyến,Lâm Đồng,Máy tính,2026-02-13,35,972,0.782,10,9.0,5,6.1,8.2,6.4,Đạt
SV2602743,Quản trị kinh doanh,Nam,18-22,Không,Trực tuyến,Hà Nội,Điện thoại,10/02/2026,32,587,0.52,3,6.0,1,21.9,5.9,5.8,Đạt
SV2601211,Luật,Nam,18-22,Không,Trực tuyến,Cần Thơ,Máy tính,05-02-2026,59,985,0.763,9,7.2,4,2.3,7.7,9.5,Đạt
SV2602437,Kế toán,Nữ,18-22,Không,Kết hợp,Hà Nội,Máy tính bảng,06/02/2026,41,1172,0.902,9,7.4,4,23.6,6.4,5.5,Đạt
SV2600506,Kinh tế,Nữ,18-22,Không,Trực tuyến,Bắc Ninh,Điện thoại,05-02-2026,15,99999,0.708,3,4.7,1,10.0,5.1,5.4,Đạt
SV2600689,Công nghệ thông tin,Nữ,18-22,Có,Trực tuyến,Hà Nội,Điện thoại,2026-01-31,38,791,1.0,9,6.6,3,21.8,6.2,7.6,Đạt
SV2600251,Ngôn ngữ Anh,Nữ,18-22,Không,Kết hợp,Khánh Hòa,Điện thoại,2026-02-09,42,833,0.528,5,2.0,3,15.4,4.0,3.7,Không đạt
SV2602767,Kinh tế,Nam,18-22,Không,Trực tuyến,Hà Nội,Máy tính bảng,26-01-2026,56,1028,0.433,6,8.8,1,16.9,6.7,6.5,Đạt
SV2602940,Công nghệ thông tin,Nam,18-22,Không,Trực tuyến,Bắc Ninh,Máy tính,09/02/2026,54,1193,0.816,9,7.3,6,6.2,6.9,8.4,Đạt
SV2602948,Công nghệ thông tin,Nam,18-22,Có,Trực tuyến,Đà Nẵng,Điện thoại,2026-01-20,38,879,0.963,8,7.5,6,3.7,8.4,10.0,Đạt
SV2601830,Kế toán,Nữ,18-22,Không,Kết hợp,Hà Nội,Máy tính,2026-01-31,22,608,0.43,4,5.1,1,12.6,3.7,1.0,Không đạt
SV2602499,Du lịch,Nam,31-40,Có,Trực tuyến,Hà Nội,Điện thoại,11/02/2026,34,814,0.593,8,7.1,3,15.3,5.6,6.5,Đạt
SV2602838,Công nghệ thông tin,Nam,18-22,Không,Kết hợp,Thanh Hóa,Điện thoại,09/02/2026,54,620,0.675,8,5.1,6,4.0,7.7,5.5,Đạt
SV2602905,Công nghệ thông tin,Nam,18-22,Không,Trực tuyến,Cần Thơ,Máy tính,16/02/2026,74,1744,1.0,10,8.2,7,10.5,8.0,8.0,Đạt
SV2601271,Công nghệ thông tin,Nữ,31-40,Có,Trực tuyến,Nghệ An,Điện thoại,2026-02-04,51,304,0.637,6,7.4,0,11.6,6.0,6.1,Đạt
SV2602096,Ngôn ngữ Anh,Nam,18-22,Có,Trực tuyến,Hà Nội,Điện thoại,2026-01-28,33,571,0.505,6,3.3,1,22.0,3.2,5.1,Đạt
SV2600077,Công nghệ thông tin,Nam,23-30,Không,Trực tuyến,Hải Phòng,Máy tính,08-02-2026,49,1372,0.42,7,6.8,3,22.2,5.8,5.7,Đạt
SV2601280,Kinh tế,Nam,23-30,Có,Trực tuyến,Nghệ An,Máy tính,16/02/2026,48,1124,0.519,10,6.6,2,13.3,6.9,10.0,Đạt
SV2602656,Kinh tế,Nữ,18-22,Không,Trực tuyến,TP Hồ Chí Minh,Máy tính,2026-02-16,32,776,0.756,10,6.2,4,13.8,,5.2,Đạt
SV2602257,Luật,Nữ,18-22,Không,Trực tuyến,Khánh Hòa,Máy tính,2026-02-10,56,1431,0.82,10,9.2,3,11.5,9.3,8.3,Đạt
SV2600807,Kinh tế,Nam,18-22,Không,Trực tuyến,Lâm Đồng,Máy tính,24/01/2026,35,558,0.504,6,"6,2",3,25.8,,4.4,Đạt
SV2600866,Kinh tế,Nam,23-30,Có,Kết hợp,Hà Nội,Điện thoại,01/02/2026,27,854,0.466,5,6.2,1,27.2,3.9,3.6,Không đạt
SV2600940,Luật,Nữ,18-22,Không,Trực tuyến,Hưng Yên,Điện thoại,28/01/2026,44,592,0.288,7,5.2,5,47.3,4.2,1.5,Không đạt
SV2601338, Quản trị kinh doanh ,Nam,18-22,Không,Kết hợp,Bình Dương,Điện thoại,2026-01-24,21,381,0.0,5,1.2,0,59.7,0.6,0.0,Không đạt
SV2602129,Công nghệ thông tin,Khác,31-40,CO,Trực tuyến,TP Hồ Chí Minh,Máy tính,2026-02-03,38,635,0.497,7,6.2,4,21.3,7.3,8.6,Đạt
SV2601505,Kế toán,Nam,23-30,Có,Trực tuyến,Hải Phòng,Máy tính,2026-02-03,40,441,0.602,7,7.3,1,21.1,5.2,6.3,Đạt
SV2602319, Công nghệ thông tin ,Nam,23-30,Có,Trực tuyến,Hà Nội,Máy tính,21-01-2026,52,836,0.598,7,9.6,6,5.6,8.7,7.5,Đạt
SV2600823,Công nghệ thông tin,Nam,18-22,Không,Trực tuyến,Hải Phòng,Máy tính,2026-02-10,40,1125,0.424,7,8.4,5,13.4,8.5,9.5,Đạt
SV2600720,Công nghệ thông tin,Nam,23-30,Không,Trực tuyến,Nghệ An,Điện thoại,2026-02-16,23,699,0.655,8,5.7,1,28.4,3.4,3.4,Không đạt
SV2601395,Kế toán,Nữ,23-30,Không,Trực tuyến,Nghệ An,,12/02/2026,15,1325,0.93,9,9.2,3,4.2,8.3,9.0,Đạt
SV2602206,Quản trị kinh doanh,Nữ,18-22,Không,Trực tuyến,Bắc Ninh,Máy tính,2026-02-02,-1,1100,0.948,7,8.7,5,20.2,8.1,6.5,Đạt
SV2600399,Kinh tế,Nam,18-22,Có,Trực tuyến,Nghệ An,Máy tính,13/02/2026,33,957,0.591,8,7.0,2,3.7,4.1,4.7,Đạt
SV2600824,Quản trị kinh doanh,Nữ,18-22,Có,Kết hợp,Hà Nội,Điện thoại,2026-01-28,13,561,0.419,6,6.4,4,70.6,7.5,2.5,Không đạt
SV2601623,Công nghệ thông tin,Nữ,18-22,Không,Trực tuyến,Hải Phòng,Máy tính,2026-02-04,46,1064,0.324,8,3.6,2,2.6,6.5,4.3,Đạt
SV2600606,Công nghệ thông tin,Nữ,23-30,Có,Trực tuyến,Hà Nội,Máy tính,20/01/2026,30,763,0.809,6,5.3,1,6.4,5.0,6.9,Đạt
SV2600285,Luật,Nữ,18-22,Không,Trực tuyến,Hưng Yên,Điện thoại,2026-02-12,14,462,0.331,5,5.0,1,7.4,5.4,3.8,Không đạt
SV2600955,Công nghệ thông tin,Nam,18-22,Có,Trực tuyến,Quảng Ninh,Điện thoại,2026-02-07,41,358,0.578,6,4.7,0,22.0,5.5,6.0,Đạt
SV2601646,Công nghệ thông tin,Nữ,23-30,Có,Trực tuyến,Lâm Đồng,Điện thoại,2026-02-09,42,270,0.586,7,8.4,5,10.5,9.2,7.9,Đạt
SV2601230,Công nghệ thông tin,Nữ,31-40,Có,Trực tuyến,Hà Nội,Máy tính,2026-02-12,25,1145,,7,8.3,4,19.8,6.6,7.8,Đạt
SV2602863,Kinh tế,Nữ,18-22,Không,Trực tuyến,Cần Thơ,Điện thoại,15-02-2026,48,472,0.541,9,5.8,2,6.3,4.3,5.1,Đạt
SV2601397,Kế toán,Nam,18-22,Không,Trực tuyến,Hà Nội,Điện thoại,2026-02-02,40,623,0.642,7,4.0,3,2.6,5.8,6.6,Đạt
SV2602403,Ngôn ngữ Anh,Nam,18-22,Không,Trực tuyến,Hà Nội,Điện thoại,2026-02-12,61,1300,0.765,7,8.0,4,4.3,8.8,9.4,Đạt
SV2602205,Kinh tế,Nam,31-40,Có,Trực tuyến,TP Hồ Chí Minh,Máy tính,2026-01-29,45,989,0.794,7,7.1,7,4.6,,10.0,Đạt
SV2600166,Ngôn ngữ Anh,Nữ,31-40,Có,Trực tuyến,Hà Nội,Điện thoại,2026-01-28,21,550,0.239,1,"5,2",3,8.6,4.9,3.4,Không đạt
SV2602185,Luật,Nam,Trên 40,Có,Kết hợp,Hà Nội,Điện thoại,2026-01-28,38,956,0.597,9,7.9,4,4.8,5.7,5.9,Đạt
SV2600526,Công nghệ thông tin,Nữ,31-40,Có,Trực tuyến,Hà Nội,Điện thoại,2026-02-15,49,684,0.525,7,5.4,3,5.1,4.3,7.1,Đạt
SV2602539,Kinh tế,Nam,23-30,Không,Trực tuyến,Hà Nội,Máy tính,03/02/2026,32,1356,0.808,8,3.9,2,12.5,4.0,5.1,Đạt
SV2600161,Quản trị kinh doanh,Nữ,18-22,Có,Kết hợp,Nghệ An,Máy tính,31-01-2026,27,1407,0.397,4,5.0,6,42.3,8.0,4.0,Đạt
SV2601746,Luật,Nam,18-22,Không,Kết hợp,TP Hồ Chí Minh,Máy tính,20/01/2026,51,1016,0.809,7,6.5,5,13.3,7.0,6.8,Đạt
SV2601302,Quản trị kinh doanh,Nữ,23-30,Có,Trực tuyến,Đồng Nai,Máy tính,2026-02-09,10,53,0.125,6,3.1,0,47.5,2.4,0.6,Không đạt
SV2600279,Công nghệ thông tin,Nữ,31-40,Có,Trực tuyến,Quảng Ninh,Máy tính bảng,2026-01-30,55,1271,0.737,7,9.7,2,2.2,7.5,9.7,Đạt
SV2601203,Kế toán,Nam,23-30,Có,Trực tuyến,Hà Nội,Máy tính,03/02/2026,44,506,0.805,5,7.4,3,10.8,5.8,8.6,Đạt
SV2600510,Công nghệ thông tin,Nữ,Trên 40,Có,Trực tuyến,Nghệ An,Điện thoại,27-01-2026,34,564,0.719,5,"5,3",0,18.0,3.0,6.7,Đạt
SV2601276,Công nghệ thông tin,Nữ,18-22,Không,Trực tuyến,Hà Nội,Điện thoại,02/02/2026,42,633,0.426,7,5.5,3,10.3,5.6,5.0,Đạt
SV2600709,Công nghệ thông tin,Nữ,18-22,Có,Trực tuyến,Thanh Hóa,Điện thoại,04-02-2026,17,846,0.552,6,8.2,3,33.1,3.7,5.5,Đạt
SV2602838,Công nghệ thông tin,Nam,18-22,Không,Kết hợp,Thanh Hóa,Điện thoại,09/02/2026,54,620,0.675,8,5.1,5,4.0,7.7,5.5,Đạt
SV2602438,Quản trị kinh doanh,Nữ,18-22,Không,Trực tuyến,Hà Nội,Máy tính,2026-01-24,15,1022,0.525,2,"5,8",3,5.1,6.2,4.3,Đạt
SV2601388,Công nghệ thông tin,Nam,18-22,Không,Trực tuyến,Đồng Nai,Điện thoại,15-02-2026,49,1126,0.811,10,8.6,3,6.4,6.2,7.1,Đạt
SV2600550,Kinh tế,Nam,31-40,Có,Trực tuyến,Nghệ An,Điện thoại,14/02/2026,39,1260,0.696,8,7.2,1,29.7,5.9,7.3,Đạt
SV2602578,Công nghệ thông tin,Nam,23-30,Không,Kết hợp,Bình Dương,Điện thoại,01-02-2026,38,795,0.558,10,8.9,3,15.7,5.4,4.7,Đạt
SV2602176,Công nghệ thông tin,Nam,23-30,Có,Kết hợp,Hà Nội,Máy tính,2026-02-02,21,656,0.64,6,8.2,6,8.1,4.5,5.8,Đạt
SV2602389,Kinh tế,Nữ,31-40,Không,Trực tuyến,Hà Nội,Điện thoại,28/01/2026,35,714,0.589,5,5.9,1,25.5,2.8,5.7,Đạt
SV2602048,Công nghệ thông tin,Nữ,18-22,Không,Trực tuyến,Thanh Hóa,Điện thoại,21-01-2026,25,852,0.746,9,5.9,3,28.7,6.7,5.4,Đạt
SV2600598,Kế toán,Nam,31-40,Không,Trực tuyến,Hải Phòng,Máy tính,24/01/2026,33,342,0.453,2,6.1,1,23.6,4.5,3.2,Không đạt
SV2602432,Công nghệ thông tin,Nữ,18-22,Có,Kết hợp,Đồng Nai,Máy tính,2026-02-09,30,426,0.156,5,5.5,1,9.7,4.3,3.7,Không đạt
SV2601205,Du lịch,Nữ,18-22,Không,Kết hợp,Đồng Nai,Máy tính,21-01-2026,24,297,0.507,2,5.3,1,14.4,5.6,1.2,Không đạt
SV2600829,Quản trị kinh doanh,Nam,18-22,Không,Trực tuyến,Đồng Nai,Điện thoại,2026-02-12,35,1019,,5,5.5,0,5.4,3.6,3.6,Không đạt
SV2601112,Kinh tế,Nam,18-22,Không,Trực tuyến,Hải Phòng,Máy tính,23/01/2026,24,408,0.614,7,8.2,2,9.0,5.5,6.8,Đạt
SV2601149,Kinh tế,Nam,18-22,Không,Trực tuyến,Quảng Ninh,Máy tính,2026-02-08,11,1132,0.866,8,10.0,5,13.0,6.5,6.7,Đạt
SV2601928,Luật,Nam,18-22,Không,Kết hợp,Thanh Hóa,Điện thoại,25/01/2026,54,1151,0.727,6,9.9,4,7.6,7.8,6.5,Đạt
SV2600622,Kinh tế,Nữ,23-30,Không,Trực tuyến,Hà Nội,Máy tính,2026-02-15,46,560,0.563,9,8.5,5,10.5,8.0,7.3,Đạt
SV2601334,Công nghệ thông tin,Khác,23-30,Không,Trực tuyến,Thanh Hóa,Máy tính,2026-02-14,36,1311,0.749,8,8.7,7,35.7,5.6,4.4,Đạt
SV2601781,Kinh tế,Nữ,31-40,Có,Trực tuyến,Hà Nội,Máy tính,2026-02-01,34,171,0.011,3,4.7,0,5.6,4.0,2.3,Không đạt
SV2600106,Quản trị kinh doanh,Nữ,23-30,Không,Trực tuyến,Hải Phòng,Máy tính,15/02/2026,46,999,0.957,5,8.3,4,18.7,8.6,7.3,Đạt
SV2602463,Quản trị kinh doanh,Nam,23-30,Không,Trực tuyến,Hải Phòng,Điện thoại,14/02/2026,43,978,0.567,8,6.8,6,5.0,6.9,7.4,Đạt
SV2600683,Quản trị kinh doanh,Nữ,18-22,Không,Trực tuyến,Hà Nội,Điện thoại,2026-02-01,40,1496,0.736,8,7.7,3,31.8,7.6,6.1,Đạt
SV2602351,Quản trị kinh doanh,Nam,Trên 40,Có,Kết hợp,Hà Nội,Máy tính,2026-02-08,20,683,0.188,4,5.2,0,27.5,5.1,3.2,Không đạt
SV2602387,Du lịch,Nữ,23-30,Có,Kết hợp,Hà Nội,Điện thoại,05-02-2026,25,939,0.615,7,6.2,2,21.7,5.4,5.4,Đạt
SV2601999,Công nghệ thông tin,Nữ,23-30,Có,Trực tuyến,Thanh Hóa,Điện thoại,2026-02-12,28,1008,0.582,8,5.6,2,10.7,3.3,8.0,Đạt
SV2601658,Luật,nam,18-22,Không,Trực tuyến,Thái Nguyên,Máy tính,2026-01-31,38,452,0.75,6,6.2,2,12.3,4.7,5.3,Đạt
SV2602572,Công nghệ thông tin,Nữ,31-40,Có,Kết hợp,Hải Phòng,Máy tính,2026-02-11,34,1321,0.803,7,5.0,5,6.9,,5.9,Đạt
SV2602558,Du lịch,Nam,31-40,Có,Kết hợp,Bình Dương,Máy tính,2026-02-03,48,1270,0.952,10,9.7,8,2.2,6.8,7.4,Đạt
SV2600105,Luật,Nam,18-22,Không,Kết hợp,Hà Nội,Điện thoại,2026-02-10,22,98,,3,4.8,0,15.1,2.9,0.3,Không đạt
SV2601477,Công nghệ thông tin,Nam,23-30,Có,Trực tuyến,Bắc Ninh,,25/01/2026,34,412,0.383,4,5.1,0,46.1,3.5,3.5,Không đạt
SV2602159,Kế toán,Nam,23-30,Không,Trực tuyến,Hà Nội,Điện thoại,2026-01-31,29,367,0.609,6,8.8,2,13.9,4.5,5.5,Đạt
SV2602396,Luật,Nam,31-40,Có,Trực tuyến,Nghệ An,Điện thoại,2026-01-27,10,265,0.475,2,3.7,0,52.8,4.5,3.0,Không đạt
SV2602247,Du lịch,Nữ,31-40,Có,Trực tuyến,Đồng Nai,Điện thoại,2026-01-29,33,656,0.443,7,5.4,4,19.6,5.3,7.2,Đạt
SV2600128,Quản trị kinh doanh,Nữ,23-30,Có,Trực tuyến,Hà Nội,Máy tính,2026-02-06,38,1255,,7,7.2,1,42.8,5.0,6.1,Đạt
SV2602057,Kế toán,Nữ,18-22,Không,Kết hợp,Thanh Hóa,Điện thoại,20/01/2026,27,825,0.404,8,3.9,2,22.3,4.2,3.8,Không đạt
SV2602476,Ngôn ngữ Anh,Nam,23-30,Không,Trực tuyến,Bình Dương,Máy tính,02-02-2026,42,1085,0.535,6,4.4,1,20.1,3.3,5.2,Đạt
SV2601661,Quản trị kinh doanh,Nữ,18-22,Không,Trực tuyến,Hà Nội,Máy tính,03/02/2026,40,413,0.246,5,5.1,2,32.1,4.6,2.7,Không đạt
SV2602834, Du lịch ,nam,18-22,Không,Trực tuyến,Đà Nẵng,Máy tính,2026-02-08,50,1598,1.0,9,8.3,1,1.8,7.2,9.4,Đạt
SV2601588,Công nghệ thông tin,Nam,18-22,Có,Trực tuyến,Khánh Hòa,Điện thoại,2026-02-16,31,851,0.506,8,5.8,4,17.5,5.7,5.8,Đạt
SV2601082,Kế toán,Nam,23-30,Không,Trực tuyến,Nghệ An,Máy tính,2026-01-20,64,987,0.715,10,8.1,2,2.4,8.6,10.0,Đạt
SV2601161,Ngôn ngữ Anh,Nữ,23-30,Có,Trực tuyến,Hà Nội,Máy tính,2026-02-11,47,1135,0.479,6,8.7,4,27.8,7.3,8.7,Đạt
SV2601232,Luật,Nữ,23-30,Có,Trực tuyến,TP Hồ Chí Minh,Máy tính,2026-02-13,56,1666,1.0,10,9.6,4,10.1,8.7,10.0,Đạt
SV2600165,Du lịch,Nam,31-40,Không,Trực tuyến,Hải Phòng,Điện thoại,2026-01-25,54,1210,,10,8.5,6,5.2,9.9,10.0,Đạt
SV2601699,Công nghệ thông tin,Nữ,23-30,Có,Kết hợp,Cần Thơ,Máy tính,2026-02-06,23,723,0.528,4,8.0,2,3.8,,3.7,Không đạt
SV2600896,Luật,Nam,Trên 40,Có,Trực tuyến,Bắc Ninh,Máy tính,23-01-2026,31,655,0.41,6,7.4,3,10.4,5.9,5.1,Đạt
SV2602750,Du lịch,Nữ,23-30,Có,Trực tuyến,Hà Nội,Điện thoại,31-01-2026,30,674,0.498,6,8.3,1,13.6,,7.5,Đạt
SV2601685,Công nghệ thông tin,Nam,18-22,Có,Trực tuyến,Đồng Nai,Máy tính,25/01/2026,34,1201,0.805,10,8.4,6,5.7,5.4,7.7,Đạt
SV2602161,Kinh tế,Nam,31-40,Có,Trực tuyến,Cần Thơ,Điện thoại,11/02/2026,44,532,0.268,6,4.2,3,24.3,4.2,2.7,Không đạt
SV2601751,Quản trị kinh doanh,Khác,18-22,Có,Kết hợp,Hà Nội,Máy tính,2026-02-12,64,822,0.788,7,8.0,4,30.7,10.0,8.1,Đạt
SV2600218,Công nghệ thông tin,Nam,23-30,Không,Trực tuyến,Lâm Đồng,Máy tính bảng,2026-01-28,46,1056,0.772,7,8.5,6,27.4,7.3,6.6,Đạt
SV2600434,Công nghệ thông tin,Nữ,18-22,Không,Trực tuyến,Hà Nội,Máy tính,2026-02-07,36,883,0.927,8,7.5,7,14.0,6.2,6.8,Đạt
SV2601831,Quản trị kinh doanh,Nữ,23-30,Có,Kết hợp,Hà Nội,Điện thoại,2026-01-26,38,695,0.55,3,7.8,1,5.0,2.7,5.5,Đạt
SV2601953,Công nghệ thông tin,Nam,31-40,Có,Trực tuyến,Hà Nội,Điện thoại,05-02-2026,51,695,0.949,7,6.3,5,3.6,,6.1,Đạt
SV2601536,Kế toán,Nam,Trên 40,Có,Kết hợp,Cần Thơ,Máy tính,10/02/2026,35,673,0.239,6,8.1,1,42.3,6.1,2.1,Không đạt
SV2602593,Quản trị kinh doanh,Nữ,18-22,Không,Trực tuyến,Hà Nội,Máy tính,2026-01-22,41,1109,0.714,10,9.4,3,5.9,8.7,7.6,Đạt
SV2602671,Du lịch,Nam,18-22,Có,Trực tuyến,Đà Nẵng,Điện thoại,2026-02-05,10,99,0.291,3,3.2,0,23.1,3.2,2.0,Không đạt
SV2602670, Công nghệ thông tin ,Nữ,23-30,KHONG,Trực tuyến,TP Hồ Chí Minh,Máy tính,2026-02-03,24,750,0.56,5,5.9,3,15.8,5.5,6.6,Đạt
SV2601373,Công nghệ thông tin,Nam,18-22,Có,Trực tuyến,Đà Nẵng,Máy tính,2026-02-10,27,1182,0.472,2,2.8,4,13.9,4.8,5.2,Đạt
SV2600219,Công nghệ thông tin,Nam,18-22,Có,Trực tuyến,Thái Nguyên,Điện thoại,2026-02-06,30,32,0.209,3,4.4,0,28.5,0.7,1.6,Không đạt
SV2600432,Du lịch,Nữ,23-30,Có,Trực tuyến,Hà Nội,Máy tính,23-01-2026,43,1293,0.688,8,8.0,7,9.9,8.4,9.9,Đạt
SV2601869,Quản trị kinh doanh,Nam,31-40,Có,Trực tuyến,Khánh Hòa,Điện thoại,2026-02-02,40,705,0.806,10,7.2,4,0.8,7.8,8.1,Đạt
SV2602555,Luật,Nam,18-22,Không,Kết hợp,Hà Nội,,2026-02-03,51,1779,1.0,10,9.6,9,5.7,9.7,9.2,Đạt
SV2602872,Quản trị kinh doanh,Nữ,18-22,Không,Kết hợp,Thanh Hóa,Máy tính,31/01/2026,69,1415,1.0,10,10.0,6,0.9,7.7,7.8,Đạt
SV2601597,Kế toán,Nam,18-22,Không,Kết hợp,Đà Nẵng,Máy tính,26/01/2026,21,1038,0.636,6,4.2,0,12.1,4.0,4.4,Đạt
SV2600518,Ngôn ngữ Anh,Nữ,18-22,Có,Trực tuyến,Hà Nội,Máy tính,2026-02-02,47,1357,0.91,6,9.1,3,2.6,6.5,8.9,Đạt
SV2600008,Kinh tế,Nam,23-30,Có,Kết hợp,Đồng Nai,Máy tính,2026-02-14,54,1164,0.835,10,10.0,6,3.5,7.3,9.3,Đạt
SV2600427,Công nghệ thông tin,Nữ,18-22,Có,Kết hợp,Đồng Nai,Máy tính,23/01/2026,30,338,0.651,7,9.9,5,5.4,7.0,6.5,Đạt
SV2601766,Ngôn ngữ Anh,Nữ,18-22,Không,Kết hợp,TP Hồ Chí Minh,Máy tính,15/02/2026,53,1131,0.881,9,"8,7",8,8.5,8.8,7.2,Đạt
SV2601207,Kinh tế,Nam,18-22,Có,Kết hợp,Lâm Đồng,Điện thoại,07-02-2026,42,363,0.411,6,6.0,1,10.9,,4.2,Đạt
SV2601079,Kế toán,Nữ,18-22,Có,Trực tuyến,Hà Nội,Máy tính,2026-01-30,52,1399,0.966,8,8.4,5,10.0,6.8,7.6,Đạt
SV2602169,Du lịch,Nam,23-30,CO,Trực tuyến,Hà Nội,Máy tính,03-02-2026,35,665,0.634,9,6.7,3,11.2,7.2,6.2,Đạt
SV2602087,Công nghệ thông tin,Nữ,23-30,Có,Trực tuyến,Hà Nội,Máy tính,2026-02-10,29,414,0.122,4,4.5,0,16.6,1.6,1.6,Không đạt
SV2600147,Công nghệ thông tin,Nữ,18-22,Không,Trực tuyến,Hà Nội,Máy tính,2026-02-14,24,508,0.638,7,6.1,8,3.4,5.9,8.2,Đạt
SV2600568,Kinh tế,Nam,23-30,Có,Trực tuyến,Thanh Hóa,Máy tính,11/02/2026,24,544,0.758,9,5.8,2,12.8,6.7,6.4,Đạt
SV2600138,Công nghệ thông tin,Nam,31-40,Có,Trực tuyến,Hà Nội,Máy tính,2026-01-20,40,717,0.861,10,6.5,4,10.4,6.1,9.7,Đạt
SV2600627,Quản trị kinh doanh,Nam,23-30,Có,Kết hợp,Hưng Yên,Máy tính,2026-01-30,25,1199,0.432,6,6.5,0,25.8,7.0,5.7,Đạt
SV2600387,Kinh tế,Khác,18-22,Có,Trực tuyến,Thanh Hóa,Điện thoại,2026-02-02,33,915,0.438,10,7.5,3,13.0,6.4,8.2,Đạt
SV2601917,Kinh tế,Nữ,18-22,Có,Kết hợp,Hà Nội,Máy tính,2026-01-22,1,478,0.267,7,3.7,0,8.3,3.8,3.6,Không đạt
SV2602862,Công nghệ thông tin,nam,31-40,Có,Kết hợp,Hà Nội,Máy tính,2026-02-15,43,529,0.159,4,8.2,1,41.1,5.5,3.4,Không đạt
SV2602203,Ngôn ngữ Anh,Nam,23-30,Có,Trực tuyến,Hà Nội,Điện thoại,2026-01-21,15,671,0.433,4,5.5,1,15.9,5.9,5.7,Đạt
SV2602462,Luật,Nữ,18-22,Có,Trực tuyến,Thanh Hóa,Máy tính,2026-02-14,54,1217,1.0,10,7.2,6,2.5,7.5,7.8,Đạt
SV2601674,Công nghệ thông tin,Nữ,23-30,Không,Trực tuyến,Hà Nội,Điện thoại,2026-01-22,41,1032,0.975,7,5.7,2,1.1,6.4,8.4,Đạt
SV2600728,Quản trị kinh doanh,Nam,31-40,Có,Trực tuyến,Thanh Hóa,Điện thoại,2026-01-29,60,1312,0.826,10,8.2,7,14.2,9.9,9.5,Đạt
SV2602482,Công nghệ thông tin,Nữ,23-30,Không,Trực tuyến,Bình Dương,Máy tính,03/02/2026,20,685,0.365,5,6.0,2,1.8,5.8,5.8,Đạt
SV2600232,Công nghệ thông tin,Nam,18-22,Không,Trực tuyến,Đà Nẵng,Máy tính,11/02/2026,73,1250,,9,5.7,3,3.4,5.0,9.8,Đạt
SV2601741,Luật,nam,18-22,Có,Trực tuyến,Bắc Ninh,Điện thoại,2026-02-04,32,118,0.776,4,6.6,3,20.9,6.2,5.6,Đạt
SV2601015,Quản trị kinh doanh,Nữ,31-40,Có,Trực tuyến,Hà Nội,Điện thoại,31/01/2026,40,828,,7,7.9,4,42.2,7.0,8.2,Đạt
SV2602114,Luật,Nữ,18-22,Không,Trực tuyến,Hà Nội,Máy tính bảng,24-01-2026,50,858,0.502,9,7.1,5,30.4,7.4,6.0,Đạt
SV2600780,Công nghệ thông tin,Nam,18-22,Không,Trực tuyến,Cần Thơ,Điện thoại,2026-02-02,48,879,0.919,10,8.8,6,15.3,7.1,7.5,Đạt
SV2602785,Luật,Nam,31-40,Có,Trực tuyến,Lâm Đồng,Điện thoại,16/02/2026,37,724,,10,10.0,2,1.9,5.7,8.3,Đạt
SV2600354,Kế toán,Nữ,31-40,Có,Trực tuyến,Nghệ An,Điện thoại,2026-02-03,68,1179,0.559,6,"5,8",5,3.9,7.7,8.2,Đạt
SV2601097,Công nghệ thông tin,Nam,23-30,Có,Trực tuyến,Thanh Hóa,Máy tính bảng,31/01/2026,43,899,0.996,5,5.1,4,13.3,9.5,10.0,Đạt
SV2602554,Công nghệ thông tin,Nữ,18-22,Không,Kết hợp,Hưng Yên,Máy tính,25/01/2026,23,772,0.775,7,10.0,3,13.0,5.2,4.8,Đạt
SV2602938,Luật,Khác,18-22,Không,Trực tuyến,Thanh Hóa,Máy tính,2026-02-01,67,750,0.944,9,5.2,2,4.5,6.3,8.6,Đạt
SV2600534,Công nghệ thông tin,Nam,18-22,Có,Trực tuyến,Hưng Yên,Điện thoại,08-02-2026,49,807,0.614,7,7.3,2,71.2,6.2,7.5,Đạt
SV2600679,Công nghệ thông tin,nữ,18-22,Không,Trực tuyến,Hà Nội,Máy tính,06/02/2026,19,363,0.306,4,2.1,0,10.1,4.1,2.0,Không đạt
SV2600308,Công nghệ thông tin,Nam,23-30,CO,Kết hợp,Quảng Ninh,Điện thoại,2026-02-09,13,1069,0.827,6,8.2,1,7.8,8.3,6.9,Đạt
SV2601546,Công nghệ thông tin,Nam,18-22,Không,Kết hợp,Thanh Hóa,Máy tính,2026-02-08,45,1402,0.589,10,"9,0",5,20.6,10.0,7.4,Đạt
SV2602092,Quản trị kinh doanh,Nam,18-22,Không,Kết hợp,Hà Nội,Điện thoại,2026-02-12,51,1615,0.824,10,7.1,0,11.0,7.0,6.9,Đạt
SV2601810,Kinh tế,Nữ,18-22,Có,Trực tuyến,Hà Nội,Điện thoại,2026-01-22,30,402,0.789,5,4.7,1,28.4,3.6,6.0,Đạt
SV2600492,Công nghệ thông tin,Nam,31-40,Có,Trực tuyến,Đồng Nai,Máy tính,01-02-2026,24,375,0.355,4,6.3,1,27.3,6.2,4.9,Đạt
SV2601897,Kế toán,Nam,23-30,Có,Trực tuyến,Đà Nẵng,Máy tính,06/02/2026,29,575,0.523,8,5.1,1,20.2,5.6,6.8,Đạt
SV2602870,Công nghệ thông tin,Nam,18-22,Không,Trực tuyến,Hà Nội,Máy tính,27-01-2026,24,727,0.699,7,6.1,1,17.9,2.9,3.9,Không đạt
SV2602363,Công nghệ thông tin,Nữ,23-30,Có,Trực tuyến,Bình Dương,Máy tính,29/01/2026,44,709,0.511,5,"5,0",2,40.6,4.1,5.2,Đạt
SV2601932,Công nghệ thông tin,Nữ,18-22,Không,Trực tuyến,TP Hồ Chí Minh,Máy tính,2026-02-02,15,766,0.31,10,3.9,3,23.4,3.8,2.3,Không đạt
SV2602587,Kế toán,Nữ,18-22,Không,Trực tuyến,Đồng Nai,Điện thoại,29/01/2026,34,1285,0.558,8,9.5,4,8.4,7.5,8.1,Đạt
SV2601873,Du lịch,Nữ,23-30,Có,Trực tuyến,Hà Nội,,2026-02-07,65,942,,10,10.0,9,2.3,10.0,10.0,Đạt
SV2600054,Kinh tế,Nữ,Trên 40,Có,Kết hợp,TP Hồ Chí Minh,Điện thoại,2026-02-15,38,772,0.322,4,6.1,4,21.7,6.2,4.7,Đạt
SV2600453,Kinh tế,Nam,23-30,Có,Trực tuyến,Lâm Đồng,Máy tính,2026-02-15,23,426,0.389,2,4.5,0,8.2,1.6,3.2,Không đạt
SV2601261,Luật,Nam,23-30,Có,Trực tuyến,Bình Dương,Máy tính,2026-01-26,22,663,0.275,2,5.5,0,6.5,3.8,2.9,Không đạt
SV2601341, Kinh tế ,Nam,23-30,Có,Trực tuyến,TP Hồ Chí Minh,Máy tính,2026-01-27,23,939,0.519,7,6.2,0,6.8,6.3,7.0,Đạt
SV2600361,Du lịch,Nữ,18-22,Không,Kết hợp,Hà Nội,Máy tính,2026-02-10,55,1198,,8,6.8,6,6.4,7.8,7.5,Đạt
SV2601167,Công nghệ thông tin,Nữ,23-30,Có,Trực tuyến,Nghệ An,Điện thoại,2026-01-22,78,726,0.656,10,7.9,4,11.5,7.4,9.0,Đạt
SV2601017,Công nghệ thông tin,Nam,31-40,Có,Trực tuyến,Đà Nẵng,Máy tính,08/02/2026,30,1008,0.759,10,7.5,4,42.2,6.5,8.4,Đạt
SV2600173, Kế toán ,Nam,18-22,Có,Trực tuyến,TP Hồ Chí Minh,Máy tính bảng,11/02/2026,12,324,0.34,1,3.3,0,23.6,5.3,2.8,Không đạt
SV2602376,Công nghệ thông tin,Nữ,18-22,Không,Kết hợp,Hà Nội,Điện thoại,26/01/2026,50,1227,1.0,8,6.6,3,7.0,8.3,5.4,Đạt
SV2601449,Kế toán,Nữ,23-30,Có,Trực tuyến,Hà Nội,Điện thoại,2026-01-28,28,924,,8,"4,8",3,25.6,3.8,5.9,Đạt
SV2600478,Luật,Nam,23-30,Không,Kết hợp,Nghệ An,Máy tính,2026-01-22,54,1421,,8,7.3,2,4.2,,7.4,Đạt
SV2601009, Quản trị kinh doanh ,nam,18-22,Không,Trực tuyến,Thanh Hóa,Máy tính,22/01/2026,52,1806,0.466,9,7.4,5,5.7,5.8,6.6,Đạt
SV2601933,Ngôn ngữ Anh,Nữ,23-30,Có,Trực tuyến,Thanh Hóa,Điện thoại,2026-01-22,41,1045,0.621,10,7.9,3,2.8,7.3,8.7,Đạt
SV2601172,Công nghệ thông tin,Nữ,23-30,Không,Trực tuyến,Hà Nội,Máy tính bảng,21/01/2026,26,672,0.381,8,6.7,2,14.9,7.0,6.4,Đạt
SV2602951,Công nghệ thông tin,Nam,Trên 40,Có,Trực tuyến,Hà Nội,Điện thoại,02/02/2026,30,339,0.473,2,5.9,2,13.2,4.6,5.1,Đạt
SV2600225,Công nghệ thông tin,nam,31-40,Có,Kết hợp,TP Hồ Chí Minh,Điện thoại,2026-02-01,43,975,0.399,7,7.3,4,13.1,2.9,6.0,Đạt
SV2600774,Kế toán,Nữ,31-40,Có,Trực tuyến,Hà Nội,Máy tính,04/02/2026,19,713,0.348,2,5.9,0,38.9,5.2,4.6,Đạt
SV2602510,Luật,Nam,18-22,Không,Trực tuyến,TP Hồ Chí Minh,Điện thoại,2026-01-29,36,979,0.574,7,6.7,3,19.9,7.1,6.8,Đạt
SV2601091,Công nghệ thông tin,Nữ,18-22,Có,Kết hợp,TP Hồ Chí Minh,Điện thoại,08-02-2026,49,861,0.876,6,7.5,2,13.0,7.0,6.9,Đạt
SV2601610,Công nghệ thông tin,Nữ,23-30,Có,Kết hợp,Bình Dương,Máy tính,2026-02-15,9,436,0.304,3,5.9,2,14.7,6.6,3.4,Không đạt
SV2600729,Luật,Nam,18-22,Không,Kết hợp,Quảng Ninh,Máy tính bảng,23-01-2026,54,1186,0.589,6,6.6,3,4.5,6.7,5.6,Đạt
SV2602911,Công nghệ thông tin,Nữ,23-30,KHONG,Trực tuyến,Cần Thơ,Điện thoại,2026-01-26,54,1339,0.614,7,6.8,5,11.5,4.3,3.8,Không đạt
SV2602577,Ngôn ngữ Anh,Nam,18-22,Không,Trực tuyến,Hà Nội,Máy tính,30-01-2026,35,326,0.661,6,3.7,3,27.9,6.8,7.0,Đạt
SV2601842, Công nghệ thông tin ,Nam,18-22,Không,Kết hợp,Hải Phòng,Máy tính,2026-01-27,34,1389,0.551,10,8.1,7,1.5,5.4,5.8,Đạt
SV2601435,Công nghệ thông tin,Nam,18-22,Không,Trực tuyến,Hà Nội,Máy tính,2026-02-14,72,650,0.713,9,"5,3",8,11.5,10.0,7.6,Đạt
SV2601244,Công nghệ thông tin,Nữ,18-22,Không,Kết hợp,Đồng Nai,Máy tính,2026-01-20,25,602,0.335,5,6.3,0,2.8,3.5,4.1,Đạt
SV2600678,Quản trị kinh doanh,Nam,18-22,Không,Kết hợp,Hải Phòng,Máy tính,2026-02-11,35,465,0.265,6,8.4,1,4.9,5.1,4.1,Đạt
SV2602856,Ngôn ngữ Anh,Nam,18-22,Không,Trực tuyến,Thanh Hóa,Máy tính,2026-02-06,42,736,0.808,9,4.3,2,11.5,5.3,7.2,Đạt
SV2600860, Công nghệ thông tin ,Khác,18-22,Có,Kết hợp,Hà Nội,Điện thoại,06/02/2026,27,773,0.367,7,7.4,3,40.0,5.0,2.2,Không đạt
SV2602971,Du lịch,Nữ,31-40,Có,Trực tuyến,Hà Nội,Điện thoại,2026-01-31,35,1256,0.837,6,7.1,2,1.6,3.9,7.1,Đạt
SV2601971,Công nghệ thông tin,Nữ,18-22,KHONG,Trực tuyến,Nghệ An,Điện thoại,30/01/2026,33,1529,0.612,8,4.8,3,2.9,6.2,6.1,Đạt
SV2602800,Công nghệ thông tin,Nam,Trên 40,Có,Trực tuyến,Hà Nội,Điện thoại,13/02/2026,47,819,0.702,6,8.4,4,10.6,5.7,8.6,Đạt
SV2601049,Du lịch,Nữ,23-30,Có,Trực tuyến,Đồng Nai,Điện thoại,13-02-2026,11,423,0.364,5,4.6,1,12.0,,3.6,Không đạt
SV2602297,Luật,Nam,Trên 40,Có,Trực tuyến,Đà Nẵng,Máy tính,09/02/2026,22,481,0.343,2,2.5,1,33.6,4.8,3.1,Không đạt
SV2600369,Quản trị kinh doanh,Nam,18-22,Có,Trực tuyến,Hải Phòng,Máy tính,2026-01-22,50,1449,0.544,5,6.0,9,19.9,,8.1,Đạt
SV2600006,Luật,Nữ,18-22,Có,Trực tuyến,Bình Dương,Máy tính,2026-02-07,9,732,0.311,6,7.0,0,19.1,4.1,5.6,Đạt
SV2601857,Công nghệ thông tin,Nữ,23-30,Không,Trực tuyến,Bắc Ninh,Máy tính,2026-02-13,61,1373,0.879,10,7.9,8,7.7,8.1,9.5,Đạt
SV2600877,Kinh tế,Nam,18-22,Không,Trực tuyến,Hải Phòng,Điện thoại,27/01/2026,43,975,0.387,5,6.7,3,15.0,8.1,5.7,Đạt
SV2601774,Công nghệ thông tin,Nữ,18-22,Không,Trực tuyến,Lâm Đồng,Máy tính,2026-02-02,37,394,0.424,4,7.3,0,6.3,5.7,3.4,Không đạt
SV2600146,Công nghệ thông tin,nam,18-22,Có,Trực tuyến,Hưng Yên,Điện thoại,2026-01-25,32,508,0.477,2,7.7,2,12.1,6.3,5.8,Đạt
SV2602024,Kinh tế,Nam,18-22,Có,Kết hợp,Hà Nội,Máy tính,31/01/2026,8,399,0.173,9,5.9,2,6.9,4.7,4.3,Đạt
SV2600791,Công nghệ thông tin,Nam,18-22,Không,Trực tuyến,Hà Nội,Điện thoại,03/02/2026,68,1607,1.0,7,5.5,6,18.9,8.2,8.9,Đạt
SV2601948,Công nghệ thông tin,Nữ,18-22,Có,Trực tuyến,Đà Nẵng,Máy tính,2026-02-15,34,1011,1.0,10,"10,0",8,5.3,9.3,10.0,Đạt
SV2600227,Công nghệ thông tin,Nữ,23-30,Có,Kết hợp,Hà Nội,Điện thoại,12-02-2026,4,568,0.364,5,5.0,2,22.9,6.4,3.6,Không đạt
SV2602611,Luật,Nữ,23-30,Có,Trực tuyến,Hà Nội,Máy tính,2026-01-30,-1,1133,0.776,5,4.3,3,5.9,5.5,9.4,Đạt
SV2602884,Quản trị kinh doanh,Nữ,31-40,Có,Kết hợp,Hà Nội,Máy tính,2026-01-23,49,1137,0.836,10,10.0,3,1.0,8.7,8.3,Đạt
SV2601764,Ngôn ngữ Anh,Nam,23-30,Có,Trực tuyến,Bình Dương,,22-01-2026,49,737,0.418,5,8.3,3,13.5,5.9,5.3,Đạt
SV2600482,Kế toán,nam,18-22,Không,Kết hợp,Thanh Hóa,Điện thoại,2026-01-22,41,968,0.502,9,9.1,3,9.2,7.8,7.5,Đạt
SV2600592,Công nghệ thông tin,Nữ,23-30,Có,Trực tuyến,Bắc Ninh,Máy tính,2026-02-05,12,541,0.671,5,6.2,3,46.0,5.8,8.1,Đạt
SV2601565,Công nghệ thông tin,Nữ,23-30,Có,Kết hợp,TP Hồ Chí Minh,Điện thoại,23/01/2026,55,1243,0.532,6,7.3,3,23.4,6.0,5.3,Đạt
SV2601908,Công nghệ thông tin,Nam,23-30,Không,Kết hợp,Nghệ An,Điện thoại,2026-02-05,24,915,0.534,7,5.4,4,11.2,5.6,4.2,Đạt
SV2601763,Kinh tế,Khác,18-22,Không,Trực tuyến,Hà Nội,Máy tính,2026-01-20,37,695,0.843,10,6.9,6,4.0,,8.5,Đạt
SV2600013,Luật,Nữ,18-22,Không,Kết hợp,Hà Nội,Máy tính,12-02-2026,36,1128,0.66,8,6.4,2,6.4,6.8,7.7,Đạt
SV2600111,Kế toán,Nam,23-30,Có,Trực tuyến,Đà Nẵng,Máy tính,2026-02-09,50,736,0.699,5,7.0,8,12.3,8.7,8.4,Đạt
SV2600239,Kinh tế,Nam,31-40,Có,Kết hợp,Thanh Hóa,Máy tính,09-02-2026,12,180,0.585,3,5.9,7,28.3,8.1,3.0,Không đạt
SV2602492,Công nghệ thông tin,Nam,31-40,Có,Trực tuyến,Lâm Đồng,Máy tính,08/02/2026,69,1172,0.88,10,7.7,7,3.6,9.1,8.1,Đạt
SV2602183,Ngôn ngữ Anh,Nam,31-40,Có,Trực tuyến,Hà Nội,Máy tính,2026-02-15,51,272,0.798,8,6.5,3,12.6,6.2,6.9,Đạt
SV2601083,Du lịch,Nữ,23-30,Không,Trực tuyến,Hà Nội,Điện thoại,2026-02-13,49,1263,1.0,9,5.9,2,1.6,8.0,8.2,Đạt
